[0.000000] (-) TimerEvent: {}
[0.005678] (my-test-package) JobQueued: {'identifier': 'my-test-package', 'dependencies': OrderedDict()}
[0.006381] (my_package) JobQueued: {'identifier': 'my_package', 'dependencies': OrderedDict()}
[0.006518] (my_robot_wallinterfaces) JobQueued: {'identifier': 'my_robot_wallinterfaces', 'dependencies': OrderedDict()}
[0.006749] (talker_listener) JobQueued: {'identifier': 'talker_listener', 'dependencies': OrderedDict([('my_robot_wallinterfaces', '/home/ubuntu/ros2_ws/src/Greyform-linux/Python_Application/install/my_robot_wallinterfaces')])}
[0.007851] (my_robot_wallinterfaces) JobStarted: {'identifier': 'my_robot_wallinterfaces'}
[0.068263] (my-test-package) JobStarted: {'identifier': 'my-test-package'}
[0.094216] (my_package) JobStarted: {'identifier': 'my_package'}
[0.103017] (-) TimerEvent: {}
[0.127525] (my_robot_wallinterfaces) JobProgress: {'identifier': 'my_robot_wallinterfaces', 'progress': 'cmake'}
[0.137946] (my_robot_wallinterfaces) JobProgress: {'identifier': 'my_robot_wallinterfaces', 'progress': 'build'}
[0.142368] (my_robot_wallinterfaces) Command: {'cmd': ['/usr/bin/cmake', '--build', '/home/ubuntu/ros2_ws/src/Greyform-linux/Python_Application/build/my_robot_wallinterfaces', '--', '-j8', '-l8'], 'cwd': '/home/ubuntu/ros2_ws/src/Greyform-linux/Python_Application/build/my_robot_wallinterfaces', 'env': OrderedDict([('GJS_DEBUG_TOPICS', 'JS ERROR;JS LOG'), ('LESSOPEN', '| /usr/bin/lesspipe %s'), ('USER', 'ubuntu'), ('LC_TIME', 'id_ID.UTF-8'), ('FONTCONFIG_PATH', '/etc/fonts'), ('GIO_MODULE_DIR', '/home/ubuntu/snap/code/common/.cache/gio-modules'), ('XDG_SESSION_TYPE', 'x11'), ('GIT_ASKPASS', '/snap/code/191/usr/share/code/resources/app/extensions/git/dist/askpass.sh'), ('GTK_EXE_PREFIX_VSCODE_SNAP_ORIG', ''), ('GDK_BACKEND_VSCODE_SNAP_ORIG', ''), ('SHLVL', '1'), ('LD_LIBRARY_PATH', '/opt/ros/humble/opt/rviz_ogre_vendor/lib:/opt/ros/humble/lib/x86_64-linux-gnu:/opt/ros/humble/lib'), ('HOME', '/home/ubuntu'), ('CHROME_DESKTOP', 'code.desktop'), ('LOCPATH_VSCODE_SNAP_ORIG', ''), ('TERM_PROGRAM_VERSION', '1.99.3'), ('DESKTOP_SESSION', 'ubuntu-xorg'), ('GTK_PATH', '/snap/code/191/usr/lib/x86_64-linux-gnu/gtk-3.0'), ('XDG_DATA_HOME_VSCODE_SNAP_ORIG', ''), ('GTK_IM_MODULE_FILE', '/home/ubuntu/snap/code/common/.cache/immodules/immodules.cache'), ('GIO_LAUNCHED_DESKTOP_FILE', '/var/lib/snapd/desktop/applications/code_code.desktop'), ('ROS_PYTHON_VERSION', '3'), ('GNOME_SHELL_SESSION_MODE', 'ubuntu'), ('GTK_MODULES', 'gail:atk-bridge'), ('GSETTINGS_SCHEMA_DIR_VSCODE_SNAP_ORIG', ''), ('VSCODE_GIT_ASKPASS_MAIN', '/snap/code/191/usr/share/code/resources/app/extensions/git/dist/askpass-main.js'), ('LC_MONETARY', 'id_ID.UTF-8'), ('VSCODE_GIT_ASKPASS_NODE', '/snap/code/191/usr/share/code/code'), ('MANAGERPID', '1780'), ('PYDEVD_DISABLE_FILE_VALIDATION', '1'), ('SYSTEMD_EXEC_PID', '3515'), ('BUNDLED_DEBUGPY_PATH', '/home/ubuntu/.vscode/extensions/ms-python.debugpy-2025.6.0-linux-x64/bundled/libs/debugpy'), ('DBUS_SESSION_BUS_ADDRESS', 'unix:path=/run/user/1000/bus'), ('COLORTERM', 'truecolor'), ('GIO_LAUNCHED_DESKTOP_FILE_PID', '4412'), ('IM_CONFIG_PHASE', '1'), ('ROS_DISTRO', 'humble'), ('GTK_IM_MODULE', 'ibus'), ('LOGNAME', 'ubuntu'), ('JOURNAL_STREAM', '8:38203'), ('_', '/usr/bin/colcon'), ('ROS_VERSION', '2'), ('XDG_CONFIG_DIRS_VSCODE_SNAP_ORIG', '/etc/xdg/xdg-ubuntu-xorg:/etc/xdg'), ('XDG_SESSION_CLASS', 'user'), ('XDG_DATA_DIRS_VSCODE_SNAP_ORIG', '/usr/share/ubuntu-xorg:/usr/share/gnome:/home/ubuntu/.local/share/flatpak/exports/share:/var/lib/flatpak/exports/share:/usr/local/share/:/usr/share/:/var/lib/snapd/desktop'), ('USERNAME', 'ubuntu'), ('TERM', 'xterm-256color'), ('GNOME_DESKTOP_SESSION_ID', 'this-is-deprecated'), ('ROS_LOCALHOST_ONLY', '0'), ('WINDOWPATH', '2'), ('PATH', '/home/ubuntu/.local/bin:/opt/ros/humble/bin:/home/ubuntu/.local/bin:/usr/local/sbin:/usr/local/bin:/usr/sbin:/usr/bin:/sbin:/bin:/usr/games:/usr/local/games:/snap/bin:/snap/bin:/home/ubuntu/.vscode/extensions/ms-python.debugpy-2025.6.0-linux-x64/bundled/scripts/noConfigScripts'), ('SESSION_MANAGER', 'local/ubuntu-virtual-machine:@/tmp/.ICE-unix/3481,unix/ubuntu-virtual-machine:/tmp/.ICE-unix/3481'), ('GTK_EXE_PREFIX', '/snap/code/191/usr'), ('INVOCATION_ID', '9146875bfdf74e4c925469aecb3a8139'), ('XDG_MENU_PREFIX', 'gnome-'), ('LC_ADDRESS', 'id_ID.UTF-8'), ('BAMF_DESKTOP_FILE_HINT', '/var/lib/snapd/desktop/applications/code_code.desktop'), ('XDG_RUNTIME_DIR', '/run/user/1000'), ('GDK_BACKEND', 'x11'), ('DISPLAY', ':0'), ('LOCPATH', '/snap/code/191/usr/lib/locale'), ('VSCODE_DEBUGPY_ADAPTER_ENDPOINTS', '/home/ubuntu/.vscode/extensions/ms-python.debugpy-2025.6.0-linux-x64/.noConfigDebugAdapterEndpoints/endpoint-5c4e4c73dc4993ee.txt'), ('LANG', 'en_US.UTF-8'), ('XDG_CURRENT_DESKTOP', 'Unity'), ('LC_TELEPHONE', 'id_ID.UTF-8'), ('GIO_MODULE_DIR_VSCODE_SNAP_ORIG', ''), ('XDG_DATA_HOME', '/home/ubuntu/snap/code/191/.local/share'), ('XMODIFIERS', '@im=ibus'), ('XDG_SESSION_DESKTOP', 'ubuntu-xorg'), ('XAUTHORITY', '/run/user/1000/gdm/Xauthority'), ('LS_COLORS', 'rs=0:di=01;34:ln=01;36:mh=00:pi=40;33:so=01;35:do=01;35:bd=40;33;01:cd=40;33;01:or=40;31;01:mi=00:su=37;41:sg=30;43:ca=30;41:tw=30;42:ow=34;42:st=37;44:ex=01;32:*.tar=01;31:*.tgz=01;31:*.arc=01;31:*.arj=01;31:*.taz=01;31:*.lha=01;31:*.lz4=01;31:*.lzh=01;31:*.lzma=01;31:*.tlz=01;31:*.txz=01;31:*.tzo=01;31:*.t7z=01;31:*.zip=01;31:*.z=01;31:*.dz=01;31:*.gz=01;31:*.lrz=01;31:*.lz=01;31:*.lzo=01;31:*.xz=01;31:*.zst=01;31:*.tzst=01;31:*.bz2=01;31:*.bz=01;31:*.tbz=01;31:*.tbz2=01;31:*.tz=01;31:*.deb=01;31:*.rpm=01;31:*.jar=01;31:*.war=01;31:*.ear=01;31:*.sar=01;31:*.rar=01;31:*.alz=01;31:*.ace=01;31:*.zoo=01;31:*.cpio=01;31:*.7z=01;31:*.rz=01;31:*.cab=01;31:*.wim=01;31:*.swm=01;31:*.dwm=01;31:*.esd=01;31:*.jpg=01;35:*.jpeg=01;35:*.mjpg=01;35:*.mjpeg=01;35:*.gif=01;35:*.bmp=01;35:*.pbm=01;35:*.pgm=01;35:*.ppm=01;35:*.tga=01;35:*.xbm=01;35:*.xpm=01;35:*.tif=01;35:*.tiff=01;35:*.png=01;35:*.svg=01;35:*.svgz=01;35:*.mng=01;35:*.pcx=01;35:*.mov=01;35:*.mpg=01;35:*.mpeg=01;35:*.m2v=01;35:*.mkv=01;35:*.webm=01;35:*.webp=01;35:*.ogm=01;35:*.mp4=01;35:*.m4v=01;35:*.mp4v=01;35:*.vob=01;35:*.qt=01;35:*.nuv=01;35:*.wmv=01;35:*.asf=01;35:*.rm=01;35:*.rmvb=01;35:*.flc=01;35:*.avi=01;35:*.fli=01;35:*.flv=01;35:*.gl=01;35:*.dl=01;35:*.xcf=01;35:*.xwd=01;35:*.yuv=01;35:*.cgm=01;35:*.emf=01;35:*.ogv=01;35:*.ogx=01;35:*.aac=00;36:*.au=00;36:*.flac=00;36:*.m4a=00;36:*.mid=00;36:*.midi=00;36:*.mka=00;36:*.mp3=00;36:*.mpc=00;36:*.ogg=00;36:*.ra=00;36:*.wav=00;36:*.oga=00;36:*.opus=00;36:*.spx=00;36:*.xspf=00;36:'), ('VSCODE_GIT_IPC_HANDLE', '/run/user/1000/vscode-git-93ae0fd6cc.sock'), ('TERM_PROGRAM', 'vscode'), ('SSH_AGENT_LAUNCHER', 'gnome-keyring'), ('SSH_AUTH_SOCK', '/run/user/1000/keyring/ssh'), ('GSETTINGS_SCHEMA_DIR', '/home/ubuntu/snap/code/191/.local/share/glib-2.0/schemas'), ('AMENT_PREFIX_PATH', '/opt/ros/humble'), ('ORIGINAL_XDG_CURRENT_DESKTOP', 'ubuntu:GNOME'), ('SHELL', '/bin/bash'), ('LC_NAME', 'id_ID.UTF-8'), ('QT_ACCESSIBILITY', '1'), ('GDMSESSION', 'ubuntu-xorg'), ('LESSCLOSE', '/usr/bin/lesspipe %s %s'), ('GTK_PATH_VSCODE_SNAP_ORIG', ''), ('FONTCONFIG_FILE', '/etc/fonts/fonts.conf'), ('GTK_IM_MODULE_FILE_VSCODE_SNAP_ORIG', ''), ('LC_MEASUREMENT', 'id_ID.UTF-8'), ('GPG_AGENT_INFO', '/run/user/1000/gnupg/S.gpg-agent:0:1'), ('GJS_DEBUG_OUTPUT', 'stderr'), ('LC_IDENTIFICATION', 'id_ID.UTF-8'), ('VSCODE_GIT_ASKPASS_EXTRA_ARGS', ''), ('QT_IM_MODULE', 'ibus'), ('PWD', '/home/ubuntu/ros2_ws/src/Greyform-linux/Python_Application/build/my_robot_wallinterfaces'), ('QT_QPA_PLATFORM', 'xcb'), ('LC_ALL', 'en_US.UTF-8'), ('XDG_CONFIG_DIRS', '/etc/xdg/xdg-ubuntu-xorg:/etc/xdg'), ('XDG_DATA_DIRS', '/home/ubuntu/snap/code/191/.local/share/flatpak/exports/share:/home/ubuntu/snap/code/191/.local/share:/home/ubuntu/snap/code/191:/snap/code/191/usr/share:/usr/share/ubuntu-xorg:/usr/share/gnome:/home/ubuntu/.local/share/flatpak/exports/share:/var/lib/flatpak/exports/share:/usr/local/share/:/usr/share/:/var/lib/snapd/desktop'), ('PYTHONPATH', '/opt/ros/humble/lib/python3.10/site-packages:/opt/ros/humble/local/lib/python3.10/dist-packages'), ('LC_NUMERIC', 'id_ID.UTF-8'), ('LC_PAPER', 'id_ID.UTF-8'), ('COLCON', '1'), ('CMAKE_PREFIX_PATH', '/opt/ros/humble')]), 'shell': False}
[0.207680] (-) TimerEvent: {}
[0.308507] (-) TimerEvent: {}
[0.410673] (-) TimerEvent: {}
[0.514111] (-) TimerEvent: {}
[0.618142] (-) TimerEvent: {}
[0.720428] (-) TimerEvent: {}
[0.830897] (-) TimerEvent: {}
[0.932457] (-) TimerEvent: {}
[1.043833] (-) TimerEvent: {}
[1.146336] (-) TimerEvent: {}
[1.248931] (-) TimerEvent: {}
[1.349686] (-) TimerEvent: {}
[1.450411] (-) TimerEvent: {}
[1.555732] (-) TimerEvent: {}
[1.662389] (-) TimerEvent: {}
[1.773076] (-) TimerEvent: {}
[1.877046] (-) TimerEvent: {}
[1.979212] (-) TimerEvent: {}
[2.079996] (-) TimerEvent: {}
[2.182734] (-) TimerEvent: {}
[2.284745] (-) TimerEvent: {}
[2.386373] (-) TimerEvent: {}
[2.498184] (-) TimerEvent: {}
[2.599213] (-) TimerEvent: {}
[2.707051] (-) TimerEvent: {}
[2.790661] (my_robot_wallinterfaces) StdoutLine: {'line': b'[  2%] Built target my_robot_wallinterfaces__cpp\n'}
[2.795507] (my_robot_wallinterfaces) StdoutLine: {'line': b'[  2%] Built target ament_cmake_python_copy_my_robot_wallinterfaces\n'}
[2.816587] (-) TimerEvent: {}
[2.820167] (my_robot_wallinterfaces) StdoutLine: {'line': b'[ 12%] Built target my_robot_wallinterfaces__rosidl_typesupport_cpp\n'}
[2.836847] (my_package) JobProgress: {'identifier': 'my_package', 'progress': 'cmake'}
[2.902987] (my_package) JobProgress: {'identifier': 'my_package', 'progress': 'build'}
[2.910412] (my_package) Command: {'cmd': ['/usr/bin/cmake', '--build', '/home/ubuntu/ros2_ws/src/Greyform-linux/Python_Application/build/my_package', '--', '-j8', '-l8'], 'cwd': '/home/ubuntu/ros2_ws/src/Greyform-linux/Python_Application/build/my_package', 'env': OrderedDict([('GJS_DEBUG_TOPICS', 'JS ERROR;JS LOG'), ('LESSOPEN', '| /usr/bin/lesspipe %s'), ('USER', 'ubuntu'), ('LC_TIME', 'id_ID.UTF-8'), ('FONTCONFIG_PATH', '/etc/fonts'), ('GIO_MODULE_DIR', '/home/ubuntu/snap/code/common/.cache/gio-modules'), ('XDG_SESSION_TYPE', 'x11'), ('GIT_ASKPASS', '/snap/code/191/usr/share/code/resources/app/extensions/git/dist/askpass.sh'), ('GTK_EXE_PREFIX_VSCODE_SNAP_ORIG', ''), ('GDK_BACKEND_VSCODE_SNAP_ORIG', ''), ('SHLVL', '1'), ('LD_LIBRARY_PATH', '/opt/ros/humble/opt/rviz_ogre_vendor/lib:/opt/ros/humble/lib/x86_64-linux-gnu:/opt/ros/humble/lib'), ('HOME', '/home/ubuntu'), ('CHROME_DESKTOP', 'code.desktop'), ('LOCPATH_VSCODE_SNAP_ORIG', ''), ('TERM_PROGRAM_VERSION', '1.99.3'), ('DESKTOP_SESSION', 'ubuntu-xorg'), ('GTK_PATH', '/snap/code/191/usr/lib/x86_64-linux-gnu/gtk-3.0'), ('XDG_DATA_HOME_VSCODE_SNAP_ORIG', ''), ('GTK_IM_MODULE_FILE', '/home/ubuntu/snap/code/common/.cache/immodules/immodules.cache'), ('GIO_LAUNCHED_DESKTOP_FILE', '/var/lib/snapd/desktop/applications/code_code.desktop'), ('ROS_PYTHON_VERSION', '3'), ('GNOME_SHELL_SESSION_MODE', 'ubuntu'), ('GTK_MODULES', 'gail:atk-bridge'), ('GSETTINGS_SCHEMA_DIR_VSCODE_SNAP_ORIG', ''), ('VSCODE_GIT_ASKPASS_MAIN', '/snap/code/191/usr/share/code/resources/app/extensions/git/dist/askpass-main.js'), ('LC_MONETARY', 'id_ID.UTF-8'), ('VSCODE_GIT_ASKPASS_NODE', '/snap/code/191/usr/share/code/code'), ('MANAGERPID', '1780'), ('PYDEVD_DISABLE_FILE_VALIDATION', '1'), ('SYSTEMD_EXEC_PID', '3515'), ('BUNDLED_DEBUGPY_PATH', '/home/ubuntu/.vscode/extensions/ms-python.debugpy-2025.6.0-linux-x64/bundled/libs/debugpy'), ('DBUS_SESSION_BUS_ADDRESS', 'unix:path=/run/user/1000/bus'), ('COLORTERM', 'truecolor'), ('GIO_LAUNCHED_DESKTOP_FILE_PID', '4412'), ('IM_CONFIG_PHASE', '1'), ('ROS_DISTRO', 'humble'), ('GTK_IM_MODULE', 'ibus'), ('LOGNAME', 'ubuntu'), ('JOURNAL_STREAM', '8:38203'), ('_', '/usr/bin/colcon'), ('ROS_VERSION', '2'), ('XDG_CONFIG_DIRS_VSCODE_SNAP_ORIG', '/etc/xdg/xdg-ubuntu-xorg:/etc/xdg'), ('XDG_SESSION_CLASS', 'user'), ('XDG_DATA_DIRS_VSCODE_SNAP_ORIG', '/usr/share/ubuntu-xorg:/usr/share/gnome:/home/ubuntu/.local/share/flatpak/exports/share:/var/lib/flatpak/exports/share:/usr/local/share/:/usr/share/:/var/lib/snapd/desktop'), ('USERNAME', 'ubuntu'), ('TERM', 'xterm-256color'), ('GNOME_DESKTOP_SESSION_ID', 'this-is-deprecated'), ('ROS_LOCALHOST_ONLY', '0'), ('WINDOWPATH', '2'), ('PATH', '/home/ubuntu/.local/bin:/opt/ros/humble/bin:/home/ubuntu/.local/bin:/usr/local/sbin:/usr/local/bin:/usr/sbin:/usr/bin:/sbin:/bin:/usr/games:/usr/local/games:/snap/bin:/snap/bin:/home/ubuntu/.vscode/extensions/ms-python.debugpy-2025.6.0-linux-x64/bundled/scripts/noConfigScripts'), ('SESSION_MANAGER', 'local/ubuntu-virtual-machine:@/tmp/.ICE-unix/3481,unix/ubuntu-virtual-machine:/tmp/.ICE-unix/3481'), ('GTK_EXE_PREFIX', '/snap/code/191/usr'), ('INVOCATION_ID', '9146875bfdf74e4c925469aecb3a8139'), ('XDG_MENU_PREFIX', 'gnome-'), ('LC_ADDRESS', 'id_ID.UTF-8'), ('BAMF_DESKTOP_FILE_HINT', '/var/lib/snapd/desktop/applications/code_code.desktop'), ('XDG_RUNTIME_DIR', '/run/user/1000'), ('GDK_BACKEND', 'x11'), ('DISPLAY', ':0'), ('LOCPATH', '/snap/code/191/usr/lib/locale'), ('VSCODE_DEBUGPY_ADAPTER_ENDPOINTS', '/home/ubuntu/.vscode/extensions/ms-python.debugpy-2025.6.0-linux-x64/.noConfigDebugAdapterEndpoints/endpoint-5c4e4c73dc4993ee.txt'), ('LANG', 'en_US.UTF-8'), ('XDG_CURRENT_DESKTOP', 'Unity'), ('LC_TELEPHONE', 'id_ID.UTF-8'), ('GIO_MODULE_DIR_VSCODE_SNAP_ORIG', ''), ('XDG_DATA_HOME', '/home/ubuntu/snap/code/191/.local/share'), ('XMODIFIERS', '@im=ibus'), ('XDG_SESSION_DESKTOP', 'ubuntu-xorg'), ('XAUTHORITY', '/run/user/1000/gdm/Xauthority'), ('LS_COLORS', 'rs=0:di=01;34:ln=01;36:mh=00:pi=40;33:so=01;35:do=01;35:bd=40;33;01:cd=40;33;01:or=40;31;01:mi=00:su=37;41:sg=30;43:ca=30;41:tw=30;42:ow=34;42:st=37;44:ex=01;32:*.tar=01;31:*.tgz=01;31:*.arc=01;31:*.arj=01;31:*.taz=01;31:*.lha=01;31:*.lz4=01;31:*.lzh=01;31:*.lzma=01;31:*.tlz=01;31:*.txz=01;31:*.tzo=01;31:*.t7z=01;31:*.zip=01;31:*.z=01;31:*.dz=01;31:*.gz=01;31:*.lrz=01;31:*.lz=01;31:*.lzo=01;31:*.xz=01;31:*.zst=01;31:*.tzst=01;31:*.bz2=01;31:*.bz=01;31:*.tbz=01;31:*.tbz2=01;31:*.tz=01;31:*.deb=01;31:*.rpm=01;31:*.jar=01;31:*.war=01;31:*.ear=01;31:*.sar=01;31:*.rar=01;31:*.alz=01;31:*.ace=01;31:*.zoo=01;31:*.cpio=01;31:*.7z=01;31:*.rz=01;31:*.cab=01;31:*.wim=01;31:*.swm=01;31:*.dwm=01;31:*.esd=01;31:*.jpg=01;35:*.jpeg=01;35:*.mjpg=01;35:*.mjpeg=01;35:*.gif=01;35:*.bmp=01;35:*.pbm=01;35:*.pgm=01;35:*.ppm=01;35:*.tga=01;35:*.xbm=01;35:*.xpm=01;35:*.tif=01;35:*.tiff=01;35:*.png=01;35:*.svg=01;35:*.svgz=01;35:*.mng=01;35:*.pcx=01;35:*.mov=01;35:*.mpg=01;35:*.mpeg=01;35:*.m2v=01;35:*.mkv=01;35:*.webm=01;35:*.webp=01;35:*.ogm=01;35:*.mp4=01;35:*.m4v=01;35:*.mp4v=01;35:*.vob=01;35:*.qt=01;35:*.nuv=01;35:*.wmv=01;35:*.asf=01;35:*.rm=01;35:*.rmvb=01;35:*.flc=01;35:*.avi=01;35:*.fli=01;35:*.flv=01;35:*.gl=01;35:*.dl=01;35:*.xcf=01;35:*.xwd=01;35:*.yuv=01;35:*.cgm=01;35:*.emf=01;35:*.ogv=01;35:*.ogx=01;35:*.aac=00;36:*.au=00;36:*.flac=00;36:*.m4a=00;36:*.mid=00;36:*.midi=00;36:*.mka=00;36:*.mp3=00;36:*.mpc=00;36:*.ogg=00;36:*.ra=00;36:*.wav=00;36:*.oga=00;36:*.opus=00;36:*.spx=00;36:*.xspf=00;36:'), ('VSCODE_GIT_IPC_HANDLE', '/run/user/1000/vscode-git-93ae0fd6cc.sock'), ('TERM_PROGRAM', 'vscode'), ('SSH_AGENT_LAUNCHER', 'gnome-keyring'), ('SSH_AUTH_SOCK', '/run/user/1000/keyring/ssh'), ('GSETTINGS_SCHEMA_DIR', '/home/ubuntu/snap/code/191/.local/share/glib-2.0/schemas'), ('AMENT_PREFIX_PATH', '/opt/ros/humble'), ('ORIGINAL_XDG_CURRENT_DESKTOP', 'ubuntu:GNOME'), ('SHELL', '/bin/bash'), ('LC_NAME', 'id_ID.UTF-8'), ('QT_ACCESSIBILITY', '1'), ('GDMSESSION', 'ubuntu-xorg'), ('LESSCLOSE', '/usr/bin/lesspipe %s %s'), ('GTK_PATH_VSCODE_SNAP_ORIG', ''), ('FONTCONFIG_FILE', '/etc/fonts/fonts.conf'), ('GTK_IM_MODULE_FILE_VSCODE_SNAP_ORIG', ''), ('LC_MEASUREMENT', 'id_ID.UTF-8'), ('GPG_AGENT_INFO', '/run/user/1000/gnupg/S.gpg-agent:0:1'), ('GJS_DEBUG_OUTPUT', 'stderr'), ('LC_IDENTIFICATION', 'id_ID.UTF-8'), ('VSCODE_GIT_ASKPASS_EXTRA_ARGS', ''), ('QT_IM_MODULE', 'ibus'), ('PWD', '/home/ubuntu/ros2_ws/src/Greyform-linux/Python_Application/build/my_package'), ('QT_QPA_PLATFORM', 'xcb'), ('LC_ALL', 'en_US.UTF-8'), ('XDG_CONFIG_DIRS', '/etc/xdg/xdg-ubuntu-xorg:/etc/xdg'), ('XDG_DATA_DIRS', '/home/ubuntu/snap/code/191/.local/share/flatpak/exports/share:/home/ubuntu/snap/code/191/.local/share:/home/ubuntu/snap/code/191:/snap/code/191/usr/share:/usr/share/ubuntu-xorg:/usr/share/gnome:/home/ubuntu/.local/share/flatpak/exports/share:/var/lib/flatpak/exports/share:/usr/local/share/:/usr/share/:/var/lib/snapd/desktop'), ('PYTHONPATH', '/opt/ros/humble/lib/python3.10/site-packages:/opt/ros/humble/local/lib/python3.10/dist-packages'), ('LC_NUMERIC', 'id_ID.UTF-8'), ('LC_PAPER', 'id_ID.UTF-8'), ('COLCON', '1'), ('CMAKE_PREFIX_PATH', '/opt/ros/humble')]), 'shell': False}
[2.918214] (-) TimerEvent: {}
[3.023725] (-) TimerEvent: {}
[3.130581] (-) TimerEvent: {}
[3.232890] (-) TimerEvent: {}
[3.334478] (-) TimerEvent: {}
[3.372892] (my_package) CommandEnded: {'returncode': 0}
[3.383668] (my_package) JobProgress: {'identifier': 'my_package', 'progress': 'install'}
[3.433940] (my_package) Command: {'cmd': ['/usr/bin/cmake', '--install', '/home/ubuntu/ros2_ws/src/Greyform-linux/Python_Application/build/my_package'], 'cwd': '/home/ubuntu/ros2_ws/src/Greyform-linux/Python_Application/build/my_package', 'env': OrderedDict([('GJS_DEBUG_TOPICS', 'JS ERROR;JS LOG'), ('LESSOPEN', '| /usr/bin/lesspipe %s'), ('USER', 'ubuntu'), ('LC_TIME', 'id_ID.UTF-8'), ('FONTCONFIG_PATH', '/etc/fonts'), ('GIO_MODULE_DIR', '/home/ubuntu/snap/code/common/.cache/gio-modules'), ('XDG_SESSION_TYPE', 'x11'), ('GIT_ASKPASS', '/snap/code/191/usr/share/code/resources/app/extensions/git/dist/askpass.sh'), ('GTK_EXE_PREFIX_VSCODE_SNAP_ORIG', ''), ('GDK_BACKEND_VSCODE_SNAP_ORIG', ''), ('SHLVL', '1'), ('LD_LIBRARY_PATH', '/opt/ros/humble/opt/rviz_ogre_vendor/lib:/opt/ros/humble/lib/x86_64-linux-gnu:/opt/ros/humble/lib'), ('HOME', '/home/ubuntu'), ('CHROME_DESKTOP', 'code.desktop'), ('LOCPATH_VSCODE_SNAP_ORIG', ''), ('TERM_PROGRAM_VERSION', '1.99.3'), ('DESKTOP_SESSION', 'ubuntu-xorg'), ('GTK_PATH', '/snap/code/191/usr/lib/x86_64-linux-gnu/gtk-3.0'), ('XDG_DATA_HOME_VSCODE_SNAP_ORIG', ''), ('GTK_IM_MODULE_FILE', '/home/ubuntu/snap/code/common/.cache/immodules/immodules.cache'), ('GIO_LAUNCHED_DESKTOP_FILE', '/var/lib/snapd/desktop/applications/code_code.desktop'), ('ROS_PYTHON_VERSION', '3'), ('GNOME_SHELL_SESSION_MODE', 'ubuntu'), ('GTK_MODULES', 'gail:atk-bridge'), ('GSETTINGS_SCHEMA_DIR_VSCODE_SNAP_ORIG', ''), ('VSCODE_GIT_ASKPASS_MAIN', '/snap/code/191/usr/share/code/resources/app/extensions/git/dist/askpass-main.js'), ('LC_MONETARY', 'id_ID.UTF-8'), ('VSCODE_GIT_ASKPASS_NODE', '/snap/code/191/usr/share/code/code'), ('MANAGERPID', '1780'), ('PYDEVD_DISABLE_FILE_VALIDATION', '1'), ('SYSTEMD_EXEC_PID', '3515'), ('BUNDLED_DEBUGPY_PATH', '/home/ubuntu/.vscode/extensions/ms-python.debugpy-2025.6.0-linux-x64/bundled/libs/debugpy'), ('DBUS_SESSION_BUS_ADDRESS', 'unix:path=/run/user/1000/bus'), ('COLORTERM', 'truecolor'), ('GIO_LAUNCHED_DESKTOP_FILE_PID', '4412'), ('IM_CONFIG_PHASE', '1'), ('ROS_DISTRO', 'humble'), ('GTK_IM_MODULE', 'ibus'), ('LOGNAME', 'ubuntu'), ('JOURNAL_STREAM', '8:38203'), ('_', '/usr/bin/colcon'), ('ROS_VERSION', '2'), ('XDG_CONFIG_DIRS_VSCODE_SNAP_ORIG', '/etc/xdg/xdg-ubuntu-xorg:/etc/xdg'), ('XDG_SESSION_CLASS', 'user'), ('XDG_DATA_DIRS_VSCODE_SNAP_ORIG', '/usr/share/ubuntu-xorg:/usr/share/gnome:/home/ubuntu/.local/share/flatpak/exports/share:/var/lib/flatpak/exports/share:/usr/local/share/:/usr/share/:/var/lib/snapd/desktop'), ('USERNAME', 'ubuntu'), ('TERM', 'xterm-256color'), ('GNOME_DESKTOP_SESSION_ID', 'this-is-deprecated'), ('ROS_LOCALHOST_ONLY', '0'), ('WINDOWPATH', '2'), ('PATH', '/home/ubuntu/.local/bin:/opt/ros/humble/bin:/home/ubuntu/.local/bin:/usr/local/sbin:/usr/local/bin:/usr/sbin:/usr/bin:/sbin:/bin:/usr/games:/usr/local/games:/snap/bin:/snap/bin:/home/ubuntu/.vscode/extensions/ms-python.debugpy-2025.6.0-linux-x64/bundled/scripts/noConfigScripts'), ('SESSION_MANAGER', 'local/ubuntu-virtual-machine:@/tmp/.ICE-unix/3481,unix/ubuntu-virtual-machine:/tmp/.ICE-unix/3481'), ('GTK_EXE_PREFIX', '/snap/code/191/usr'), ('INVOCATION_ID', '9146875bfdf74e4c925469aecb3a8139'), ('XDG_MENU_PREFIX', 'gnome-'), ('LC_ADDRESS', 'id_ID.UTF-8'), ('BAMF_DESKTOP_FILE_HINT', '/var/lib/snapd/desktop/applications/code_code.desktop'), ('XDG_RUNTIME_DIR', '/run/user/1000'), ('GDK_BACKEND', 'x11'), ('DISPLAY', ':0'), ('LOCPATH', '/snap/code/191/usr/lib/locale'), ('VSCODE_DEBUGPY_ADAPTER_ENDPOINTS', '/home/ubuntu/.vscode/extensions/ms-python.debugpy-2025.6.0-linux-x64/.noConfigDebugAdapterEndpoints/endpoint-5c4e4c73dc4993ee.txt'), ('LANG', 'en_US.UTF-8'), ('XDG_CURRENT_DESKTOP', 'Unity'), ('LC_TELEPHONE', 'id_ID.UTF-8'), ('GIO_MODULE_DIR_VSCODE_SNAP_ORIG', ''), ('XDG_DATA_HOME', '/home/ubuntu/snap/code/191/.local/share'), ('XMODIFIERS', '@im=ibus'), ('XDG_SESSION_DESKTOP', 'ubuntu-xorg'), ('XAUTHORITY', '/run/user/1000/gdm/Xauthority'), ('LS_COLORS', 'rs=0:di=01;34:ln=01;36:mh=00:pi=40;33:so=01;35:do=01;35:bd=40;33;01:cd=40;33;01:or=40;31;01:mi=00:su=37;41:sg=30;43:ca=30;41:tw=30;42:ow=34;42:st=37;44:ex=01;32:*.tar=01;31:*.tgz=01;31:*.arc=01;31:*.arj=01;31:*.taz=01;31:*.lha=01;31:*.lz4=01;31:*.lzh=01;31:*.lzma=01;31:*.tlz=01;31:*.txz=01;31:*.tzo=01;31:*.t7z=01;31:*.zip=01;31:*.z=01;31:*.dz=01;31:*.gz=01;31:*.lrz=01;31:*.lz=01;31:*.lzo=01;31:*.xz=01;31:*.zst=01;31:*.tzst=01;31:*.bz2=01;31:*.bz=01;31:*.tbz=01;31:*.tbz2=01;31:*.tz=01;31:*.deb=01;31:*.rpm=01;31:*.jar=01;31:*.war=01;31:*.ear=01;31:*.sar=01;31:*.rar=01;31:*.alz=01;31:*.ace=01;31:*.zoo=01;31:*.cpio=01;31:*.7z=01;31:*.rz=01;31:*.cab=01;31:*.wim=01;31:*.swm=01;31:*.dwm=01;31:*.esd=01;31:*.jpg=01;35:*.jpeg=01;35:*.mjpg=01;35:*.mjpeg=01;35:*.gif=01;35:*.bmp=01;35:*.pbm=01;35:*.pgm=01;35:*.ppm=01;35:*.tga=01;35:*.xbm=01;35:*.xpm=01;35:*.tif=01;35:*.tiff=01;35:*.png=01;35:*.svg=01;35:*.svgz=01;35:*.mng=01;35:*.pcx=01;35:*.mov=01;35:*.mpg=01;35:*.mpeg=01;35:*.m2v=01;35:*.mkv=01;35:*.webm=01;35:*.webp=01;35:*.ogm=01;35:*.mp4=01;35:*.m4v=01;35:*.mp4v=01;35:*.vob=01;35:*.qt=01;35:*.nuv=01;35:*.wmv=01;35:*.asf=01;35:*.rm=01;35:*.rmvb=01;35:*.flc=01;35:*.avi=01;35:*.fli=01;35:*.flv=01;35:*.gl=01;35:*.dl=01;35:*.xcf=01;35:*.xwd=01;35:*.yuv=01;35:*.cgm=01;35:*.emf=01;35:*.ogv=01;35:*.ogx=01;35:*.aac=00;36:*.au=00;36:*.flac=00;36:*.m4a=00;36:*.mid=00;36:*.midi=00;36:*.mka=00;36:*.mp3=00;36:*.mpc=00;36:*.ogg=00;36:*.ra=00;36:*.wav=00;36:*.oga=00;36:*.opus=00;36:*.spx=00;36:*.xspf=00;36:'), ('VSCODE_GIT_IPC_HANDLE', '/run/user/1000/vscode-git-93ae0fd6cc.sock'), ('TERM_PROGRAM', 'vscode'), ('SSH_AGENT_LAUNCHER', 'gnome-keyring'), ('SSH_AUTH_SOCK', '/run/user/1000/keyring/ssh'), ('GSETTINGS_SCHEMA_DIR', '/home/ubuntu/snap/code/191/.local/share/glib-2.0/schemas'), ('AMENT_PREFIX_PATH', '/opt/ros/humble'), ('ORIGINAL_XDG_CURRENT_DESKTOP', 'ubuntu:GNOME'), ('SHELL', '/bin/bash'), ('LC_NAME', 'id_ID.UTF-8'), ('QT_ACCESSIBILITY', '1'), ('GDMSESSION', 'ubuntu-xorg'), ('LESSCLOSE', '/usr/bin/lesspipe %s %s'), ('GTK_PATH_VSCODE_SNAP_ORIG', ''), ('FONTCONFIG_FILE', '/etc/fonts/fonts.conf'), ('GTK_IM_MODULE_FILE_VSCODE_SNAP_ORIG', ''), ('LC_MEASUREMENT', 'id_ID.UTF-8'), ('GPG_AGENT_INFO', '/run/user/1000/gnupg/S.gpg-agent:0:1'), ('GJS_DEBUG_OUTPUT', 'stderr'), ('LC_IDENTIFICATION', 'id_ID.UTF-8'), ('VSCODE_GIT_ASKPASS_EXTRA_ARGS', ''), ('QT_IM_MODULE', 'ibus'), ('PWD', '/home/ubuntu/ros2_ws/src/Greyform-linux/Python_Application/build/my_package'), ('QT_QPA_PLATFORM', 'xcb'), ('LC_ALL', 'en_US.UTF-8'), ('XDG_CONFIG_DIRS', '/etc/xdg/xdg-ubuntu-xorg:/etc/xdg'), ('XDG_DATA_DIRS', '/home/ubuntu/snap/code/191/.local/share/flatpak/exports/share:/home/ubuntu/snap/code/191/.local/share:/home/ubuntu/snap/code/191:/snap/code/191/usr/share:/usr/share/ubuntu-xorg:/usr/share/gnome:/home/ubuntu/.local/share/flatpak/exports/share:/var/lib/flatpak/exports/share:/usr/local/share/:/usr/share/:/var/lib/snapd/desktop'), ('PYTHONPATH', '/opt/ros/humble/lib/python3.10/site-packages:/opt/ros/humble/local/lib/python3.10/dist-packages'), ('LC_NUMERIC', 'id_ID.UTF-8'), ('LC_PAPER', 'id_ID.UTF-8'), ('COLCON', '1'), ('CMAKE_PREFIX_PATH', '/opt/ros/humble')]), 'shell': False}
[3.440397] (-) TimerEvent: {}
[3.483076] (my_package) StdoutLine: {'line': b'-- Install configuration: ""\n'}
[3.490270] (my_package) StdoutLine: {'line': b'-- Up-to-date: /home/ubuntu/ros2_ws/src/Greyform-linux/Python_Application/install/my_package/share/ament_index/resource_index/package_run_dependencies/my_package\n'}
[3.491028] (my_package) StdoutLine: {'line': b'-- Up-to-date: /home/ubuntu/ros2_ws/src/Greyform-linux/Python_Application/install/my_package/share/ament_index/resource_index/parent_prefix_path/my_package\n'}
[3.493749] (my_package) StdoutLine: {'line': b'-- Up-to-date: /home/ubuntu/ros2_ws/src/Greyform-linux/Python_Application/install/my_package/share/my_package/environment/ament_prefix_path.sh\n'}
[3.495096] (my_package) StdoutLine: {'line': b'-- Up-to-date: /home/ubuntu/ros2_ws/src/Greyform-linux/Python_Application/install/my_package/share/my_package/environment/ament_prefix_path.dsv\n'}
[3.495752] (my_package) StdoutLine: {'line': b'-- Up-to-date: /home/ubuntu/ros2_ws/src/Greyform-linux/Python_Application/install/my_package/share/my_package/environment/path.sh\n'}
[3.496251] (my_package) StdoutLine: {'line': b'-- Up-to-date: /home/ubuntu/ros2_ws/src/Greyform-linux/Python_Application/install/my_package/share/my_package/environment/path.dsv\n'}
[3.496546] (my_package) StdoutLine: {'line': b'-- Up-to-date: /home/ubuntu/ros2_ws/src/Greyform-linux/Python_Application/install/my_package/share/my_package/local_setup.bash\n'}
[3.496863] (my_package) StdoutLine: {'line': b'-- Up-to-date: /home/ubuntu/ros2_ws/src/Greyform-linux/Python_Application/install/my_package/share/my_package/local_setup.sh\n'}
[3.497129] (my_package) StdoutLine: {'line': b'-- Up-to-date: /home/ubuntu/ros2_ws/src/Greyform-linux/Python_Application/install/my_package/share/my_package/local_setup.zsh\n'}
[3.497457] (my_package) StdoutLine: {'line': b'-- Up-to-date: /home/ubuntu/ros2_ws/src/Greyform-linux/Python_Application/install/my_package/share/my_package/local_setup.dsv\n'}
[3.497711] (my_package) StdoutLine: {'line': b'-- Installing: /home/ubuntu/ros2_ws/src/Greyform-linux/Python_Application/install/my_package/share/my_package/package.dsv\n'}
[3.498503] (my_package) StdoutLine: {'line': b'-- Up-to-date: /home/ubuntu/ros2_ws/src/Greyform-linux/Python_Application/install/my_package/share/ament_index/resource_index/packages/my_package\n'}
[3.498788] (my_package) StdoutLine: {'line': b'-- Up-to-date: /home/ubuntu/ros2_ws/src/Greyform-linux/Python_Application/install/my_package/share/my_package/cmake/my_packageConfig.cmake\n'}
[3.499122] (my_package) StdoutLine: {'line': b'-- Up-to-date: /home/ubuntu/ros2_ws/src/Greyform-linux/Python_Application/install/my_package/share/my_package/cmake/my_packageConfig-version.cmake\n'}
[3.499304] (my_package) StdoutLine: {'line': b'-- Up-to-date: /home/ubuntu/ros2_ws/src/Greyform-linux/Python_Application/install/my_package/share/my_package/package.xml\n'}
[3.505547] (my_package) CommandEnded: {'returncode': 0}
[3.540619] (-) TimerEvent: {}
[3.626382] (my_package) JobEnded: {'identifier': 'my_package', 'rc': 0}
[3.643934] (-) TimerEvent: {}
[3.745000] (-) TimerEvent: {}
[3.846135] (-) TimerEvent: {}
[3.946870] (-) TimerEvent: {}
[4.048190] (-) TimerEvent: {}
[4.068937] (my_robot_wallinterfaces) StdoutLine: {'line': b'running egg_info\n'}
[4.097238] (my_robot_wallinterfaces) StdoutLine: {'line': b'writing my_robot_wallinterfaces.egg-info/PKG-INFO\n'}
[4.098814] (my_robot_wallinterfaces) StdoutLine: {'line': b'writing dependency_links to my_robot_wallinterfaces.egg-info/dependency_links.txt\n'}
[4.105031] (my_robot_wallinterfaces) StdoutLine: {'line': b'writing top-level names to my_robot_wallinterfaces.egg-info/top_level.txt\n'}
[4.148454] (-) TimerEvent: {}
[4.178841] (my_robot_wallinterfaces) StdoutLine: {'line': b"reading manifest file 'my_robot_wallinterfaces.egg-info/SOURCES.txt'\n"}
[4.186725] (my_robot_wallinterfaces) StdoutLine: {'line': b"writing manifest file 'my_robot_wallinterfaces.egg-info/SOURCES.txt'\n"}
[4.251996] (-) TimerEvent: {}
[4.353972] (-) TimerEvent: {}
[4.454576] (-) TimerEvent: {}
[4.535162] (my_robot_wallinterfaces) StdoutLine: {'line': b'[ 12%] Built target ament_cmake_python_build_my_robot_wallinterfaces_egg\n'}
[4.556559] (-) TimerEvent: {}
[4.665126] (-) TimerEvent: {}
[4.769149] (-) TimerEvent: {}
[4.873569] (-) TimerEvent: {}
[4.962887] (my_robot_wallinterfaces) StdoutLine: {'line': b'[ 23%] Built target my_robot_wallinterfaces__rosidl_typesupport_introspection_cpp\n'}
[4.974260] (-) TimerEvent: {}
[5.076320] (-) TimerEvent: {}
[5.177896] (-) TimerEvent: {}
[5.282375] (-) TimerEvent: {}
[5.294646] (my_robot_wallinterfaces) StdoutLine: {'line': b'[ 34%] Built target my_robot_wallinterfaces__rosidl_typesupport_fastrtps_cpp\n'}
[5.382525] (-) TimerEvent: {}
[5.483991] (-) TimerEvent: {}
[5.538576] (my_robot_wallinterfaces) StdoutLine: {'line': b'[ 44%] Built target my_robot_wallinterfaces__rosidl_generator_c\n'}
[5.586459] (-) TimerEvent: {}
[5.697167] (-) TimerEvent: {}
[5.797819] (-) TimerEvent: {}
[5.849453] (my_robot_wallinterfaces) StdoutLine: {'line': b'[ 55%] Built target my_robot_wallinterfaces__rosidl_typesupport_fastrtps_c\n'}
[5.900130] (-) TimerEvent: {}
[6.003342] (-) TimerEvent: {}
[6.104915] (-) TimerEvent: {}
[6.116844] (my_robot_wallinterfaces) StdoutLine: {'line': b'[ 65%] Built target my_robot_wallinterfaces__rosidl_typesupport_c\n'}
[6.207063] (-) TimerEvent: {}
[6.308592] (-) TimerEvent: {}
[6.323576] (my_robot_wallinterfaces) StdoutLine: {'line': b'[ 76%] Built target my_robot_wallinterfaces__rosidl_typesupport_introspection_c\n'}
[6.359610] (my-test-package) Command: {'cmd': ['/usr/bin/python3', '-W', 'ignore:setup.py install is deprecated', '-W', 'ignore:easy_install command is deprecated', 'setup.py', 'egg_info', '--egg-base', '../../../../../../../../build/my-test-package', 'build', '--build-base', '/home/ubuntu/ros2_ws/src/Greyform-linux/Python_Application/build/my-test-package/build', 'install', '--record', '/home/ubuntu/ros2_ws/src/Greyform-linux/Python_Application/build/my-test-package/install.log', '--single-version-externally-managed'], 'cwd': '/home/ubuntu/ros2_ws/src/Greyform-linux/Python_Application/env/lib/python3.10/site-packages/pkg_resources/tests/data/my-test-package-source', 'env': {'GJS_DEBUG_TOPICS': 'JS ERROR;JS LOG', 'LESSOPEN': '| /usr/bin/lesspipe %s', 'USER': 'ubuntu', 'LC_TIME': 'id_ID.UTF-8', 'FONTCONFIG_PATH': '/etc/fonts', 'GIO_MODULE_DIR': '/home/ubuntu/snap/code/common/.cache/gio-modules', 'XDG_SESSION_TYPE': 'x11', 'GIT_ASKPASS': '/snap/code/191/usr/share/code/resources/app/extensions/git/dist/askpass.sh', 'GTK_EXE_PREFIX_VSCODE_SNAP_ORIG': '', 'GDK_BACKEND_VSCODE_SNAP_ORIG': '', 'SHLVL': '1', 'LD_LIBRARY_PATH': '/opt/ros/humble/opt/rviz_ogre_vendor/lib:/opt/ros/humble/lib/x86_64-linux-gnu:/opt/ros/humble/lib', 'HOME': '/home/ubuntu', 'CHROME_DESKTOP': 'code.desktop', 'LOCPATH_VSCODE_SNAP_ORIG': '', 'TERM_PROGRAM_VERSION': '1.99.3', 'DESKTOP_SESSION': 'ubuntu-xorg', 'GTK_PATH': '/snap/code/191/usr/lib/x86_64-linux-gnu/gtk-3.0', 'XDG_DATA_HOME_VSCODE_SNAP_ORIG': '', 'GTK_IM_MODULE_FILE': '/home/ubuntu/snap/code/common/.cache/immodules/immodules.cache', 'GIO_LAUNCHED_DESKTOP_FILE': '/var/lib/snapd/desktop/applications/code_code.desktop', 'ROS_PYTHON_VERSION': '3', 'GNOME_SHELL_SESSION_MODE': 'ubuntu', 'GTK_MODULES': 'gail:atk-bridge', 'GSETTINGS_SCHEMA_DIR_VSCODE_SNAP_ORIG': '', 'VSCODE_GIT_ASKPASS_MAIN': '/snap/code/191/usr/share/code/resources/app/extensions/git/dist/askpass-main.js', 'LC_MONETARY': 'id_ID.UTF-8', 'VSCODE_GIT_ASKPASS_NODE': '/snap/code/191/usr/share/code/code', 'MANAGERPID': '1780', 'PYDEVD_DISABLE_FILE_VALIDATION': '1', 'SYSTEMD_EXEC_PID': '3515', 'BUNDLED_DEBUGPY_PATH': '/home/ubuntu/.vscode/extensions/ms-python.debugpy-2025.6.0-linux-x64/bundled/libs/debugpy', 'DBUS_SESSION_BUS_ADDRESS': 'unix:path=/run/user/1000/bus', 'COLORTERM': 'truecolor', 'GIO_LAUNCHED_DESKTOP_FILE_PID': '4412', 'IM_CONFIG_PHASE': '1', 'ROS_DISTRO': 'humble', 'GTK_IM_MODULE': 'ibus', 'LOGNAME': 'ubuntu', 'JOURNAL_STREAM': '8:38203', '_': '/usr/bin/colcon', 'ROS_VERSION': '2', 'XDG_CONFIG_DIRS_VSCODE_SNAP_ORIG': '/etc/xdg/xdg-ubuntu-xorg:/etc/xdg', 'XDG_SESSION_CLASS': 'user', 'XDG_DATA_DIRS_VSCODE_SNAP_ORIG': '/usr/share/ubuntu-xorg:/usr/share/gnome:/home/ubuntu/.local/share/flatpak/exports/share:/var/lib/flatpak/exports/share:/usr/local/share/:/usr/share/:/var/lib/snapd/desktop', 'USERNAME': 'ubuntu', 'TERM': 'xterm-256color', 'GNOME_DESKTOP_SESSION_ID': 'this-is-deprecated', 'ROS_LOCALHOST_ONLY': '0', 'WINDOWPATH': '2', 'PATH': '/home/ubuntu/.local/bin:/opt/ros/humble/bin:/home/ubuntu/.local/bin:/usr/local/sbin:/usr/local/bin:/usr/sbin:/usr/bin:/sbin:/bin:/usr/games:/usr/local/games:/snap/bin:/snap/bin:/home/ubuntu/.vscode/extensions/ms-python.debugpy-2025.6.0-linux-x64/bundled/scripts/noConfigScripts', 'SESSION_MANAGER': 'local/ubuntu-virtual-machine:@/tmp/.ICE-unix/3481,unix/ubuntu-virtual-machine:/tmp/.ICE-unix/3481', 'GTK_EXE_PREFIX': '/snap/code/191/usr', 'INVOCATION_ID': '9146875bfdf74e4c925469aecb3a8139', 'XDG_MENU_PREFIX': 'gnome-', 'LC_ADDRESS': 'id_ID.UTF-8', 'BAMF_DESKTOP_FILE_HINT': '/var/lib/snapd/desktop/applications/code_code.desktop', 'XDG_RUNTIME_DIR': '/run/user/1000', 'GDK_BACKEND': 'x11', 'DISPLAY': ':0', 'LOCPATH': '/snap/code/191/usr/lib/locale', 'VSCODE_DEBUGPY_ADAPTER_ENDPOINTS': '/home/ubuntu/.vscode/extensions/ms-python.debugpy-2025.6.0-linux-x64/.noConfigDebugAdapterEndpoints/endpoint-5c4e4c73dc4993ee.txt', 'LANG': 'en_US.UTF-8', 'XDG_CURRENT_DESKTOP': 'Unity', 'LC_TELEPHONE': 'id_ID.UTF-8', 'GIO_MODULE_DIR_VSCODE_SNAP_ORIG': '', 'XDG_DATA_HOME': '/home/ubuntu/snap/code/191/.local/share', 'XMODIFIERS': '@im=ibus', 'XDG_SESSION_DESKTOP': 'ubuntu-xorg', 'XAUTHORITY': '/run/user/1000/gdm/Xauthority', 'LS_COLORS': 'rs=0:di=01;34:ln=01;36:mh=00:pi=40;33:so=01;35:do=01;35:bd=40;33;01:cd=40;33;01:or=40;31;01:mi=00:su=37;41:sg=30;43:ca=30;41:tw=30;42:ow=34;42:st=37;44:ex=01;32:*.tar=01;31:*.tgz=01;31:*.arc=01;31:*.arj=01;31:*.taz=01;31:*.lha=01;31:*.lz4=01;31:*.lzh=01;31:*.lzma=01;31:*.tlz=01;31:*.txz=01;31:*.tzo=01;31:*.t7z=01;31:*.zip=01;31:*.z=01;31:*.dz=01;31:*.gz=01;31:*.lrz=01;31:*.lz=01;31:*.lzo=01;31:*.xz=01;31:*.zst=01;31:*.tzst=01;31:*.bz2=01;31:*.bz=01;31:*.tbz=01;31:*.tbz2=01;31:*.tz=01;31:*.deb=01;31:*.rpm=01;31:*.jar=01;31:*.war=01;31:*.ear=01;31:*.sar=01;31:*.rar=01;31:*.alz=01;31:*.ace=01;31:*.zoo=01;31:*.cpio=01;31:*.7z=01;31:*.rz=01;31:*.cab=01;31:*.wim=01;31:*.swm=01;31:*.dwm=01;31:*.esd=01;31:*.jpg=01;35:*.jpeg=01;35:*.mjpg=01;35:*.mjpeg=01;35:*.gif=01;35:*.bmp=01;35:*.pbm=01;35:*.pgm=01;35:*.ppm=01;35:*.tga=01;35:*.xbm=01;35:*.xpm=01;35:*.tif=01;35:*.tiff=01;35:*.png=01;35:*.svg=01;35:*.svgz=01;35:*.mng=01;35:*.pcx=01;35:*.mov=01;35:*.mpg=01;35:*.mpeg=01;35:*.m2v=01;35:*.mkv=01;35:*.webm=01;35:*.webp=01;35:*.ogm=01;35:*.mp4=01;35:*.m4v=01;35:*.mp4v=01;35:*.vob=01;35:*.qt=01;35:*.nuv=01;35:*.wmv=01;35:*.asf=01;35:*.rm=01;35:*.rmvb=01;35:*.flc=01;35:*.avi=01;35:*.fli=01;35:*.flv=01;35:*.gl=01;35:*.dl=01;35:*.xcf=01;35:*.xwd=01;35:*.yuv=01;35:*.cgm=01;35:*.emf=01;35:*.ogv=01;35:*.ogx=01;35:*.aac=00;36:*.au=00;36:*.flac=00;36:*.m4a=00;36:*.mid=00;36:*.midi=00;36:*.mka=00;36:*.mp3=00;36:*.mpc=00;36:*.ogg=00;36:*.ra=00;36:*.wav=00;36:*.oga=00;36:*.opus=00;36:*.spx=00;36:*.xspf=00;36:', 'VSCODE_GIT_IPC_HANDLE': '/run/user/1000/vscode-git-93ae0fd6cc.sock', 'TERM_PROGRAM': 'vscode', 'SSH_AGENT_LAUNCHER': 'gnome-keyring', 'SSH_AUTH_SOCK': '/run/user/1000/keyring/ssh', 'GSETTINGS_SCHEMA_DIR': '/home/ubuntu/snap/code/191/.local/share/glib-2.0/schemas', 'AMENT_PREFIX_PATH': '/opt/ros/humble', 'ORIGINAL_XDG_CURRENT_DESKTOP': 'ubuntu:GNOME', 'SHELL': '/bin/bash', 'LC_NAME': 'id_ID.UTF-8', 'QT_ACCESSIBILITY': '1', 'GDMSESSION': 'ubuntu-xorg', 'LESSCLOSE': '/usr/bin/lesspipe %s %s', 'GTK_PATH_VSCODE_SNAP_ORIG': '', 'FONTCONFIG_FILE': '/etc/fonts/fonts.conf', 'GTK_IM_MODULE_FILE_VSCODE_SNAP_ORIG': '', 'LC_MEASUREMENT': 'id_ID.UTF-8', 'GPG_AGENT_INFO': '/run/user/1000/gnupg/S.gpg-agent:0:1', 'GJS_DEBUG_OUTPUT': 'stderr', 'LC_IDENTIFICATION': 'id_ID.UTF-8', 'VSCODE_GIT_ASKPASS_EXTRA_ARGS': '', 'QT_IM_MODULE': 'ibus', 'PWD': '/home/ubuntu/ros2_ws/src/Greyform-linux/Python_Application/build/my-test-package', 'QT_QPA_PLATFORM': 'xcb', 'LC_ALL': 'en_US.UTF-8', 'XDG_CONFIG_DIRS': '/etc/xdg/xdg-ubuntu-xorg:/etc/xdg', 'XDG_DATA_DIRS': '/home/ubuntu/snap/code/191/.local/share/flatpak/exports/share:/home/ubuntu/snap/code/191/.local/share:/home/ubuntu/snap/code/191:/snap/code/191/usr/share:/usr/share/ubuntu-xorg:/usr/share/gnome:/home/ubuntu/.local/share/flatpak/exports/share:/var/lib/flatpak/exports/share:/usr/local/share/:/usr/share/:/var/lib/snapd/desktop', 'PYTHONPATH': '/home/ubuntu/ros2_ws/src/Greyform-linux/Python_Application/build/my-test-package/prefix_override:/usr/lib/python3/dist-packages/colcon_core/task/python/colcon_distutils_commands:/home/ubuntu/ros2_ws/src/Greyform-linux/Python_Application/install/my-test-package/lib/python3.10/site-packages:/opt/ros/humble/lib/python3.10/site-packages:/opt/ros/humble/local/lib/python3.10/dist-packages', 'LC_NUMERIC': 'id_ID.UTF-8', 'LC_PAPER': 'id_ID.UTF-8', 'COLCON': '1'}, 'shell': False}
[6.408943] (-) TimerEvent: {}
[6.467559] (my_robot_wallinterfaces) StdoutLine: {'line': b'[ 76%] Built target my_robot_wallinterfaces\n'}
[6.509206] (-) TimerEvent: {}
[6.610451] (-) TimerEvent: {}
[6.632556] (my_robot_wallinterfaces) StdoutLine: {'line': b'[ 78%] Built target my_robot_wallinterfaces__py\n'}
[6.712703] (-) TimerEvent: {}
[6.828001] (-) TimerEvent: {}
[6.910346] (my_robot_wallinterfaces) StdoutLine: {'line': b'[ 87%] Built target my_robot_wallinterfaces__rosidl_generator_py\n'}
[6.929280] (-) TimerEvent: {}
[7.039264] (-) TimerEvent: {}
[7.142642] (-) TimerEvent: {}
[7.155880] (my_robot_wallinterfaces) StdoutLine: {'line': b'[ 91%] Built target my_robot_wallinterfaces__rosidl_typesupport_fastrtps_c__pyext\n'}
[7.245493] (-) TimerEvent: {}
[7.343147] (my_robot_wallinterfaces) StdoutLine: {'line': b'[ 95%] Built target my_robot_wallinterfaces__rosidl_typesupport_c__pyext\n'}
[7.345857] (-) TimerEvent: {}
[7.446548] (-) TimerEvent: {}
[7.492071] (my_robot_wallinterfaces) StdoutLine: {'line': b'[100%] Built target my_robot_wallinterfaces__rosidl_typesupport_introspection_c__pyext\n'}
[7.546799] (-) TimerEvent: {}
[7.558710] (my_robot_wallinterfaces) CommandEnded: {'returncode': 0}
[7.596194] (my_robot_wallinterfaces) JobProgress: {'identifier': 'my_robot_wallinterfaces', 'progress': 'install'}
[7.596376] (my_robot_wallinterfaces) Command: {'cmd': ['/usr/bin/cmake', '--install', '/home/ubuntu/ros2_ws/src/Greyform-linux/Python_Application/build/my_robot_wallinterfaces'], 'cwd': '/home/ubuntu/ros2_ws/src/Greyform-linux/Python_Application/build/my_robot_wallinterfaces', 'env': OrderedDict([('GJS_DEBUG_TOPICS', 'JS ERROR;JS LOG'), ('LESSOPEN', '| /usr/bin/lesspipe %s'), ('USER', 'ubuntu'), ('LC_TIME', 'id_ID.UTF-8'), ('FONTCONFIG_PATH', '/etc/fonts'), ('GIO_MODULE_DIR', '/home/ubuntu/snap/code/common/.cache/gio-modules'), ('XDG_SESSION_TYPE', 'x11'), ('GIT_ASKPASS', '/snap/code/191/usr/share/code/resources/app/extensions/git/dist/askpass.sh'), ('GTK_EXE_PREFIX_VSCODE_SNAP_ORIG', ''), ('GDK_BACKEND_VSCODE_SNAP_ORIG', ''), ('SHLVL', '1'), ('LD_LIBRARY_PATH', '/opt/ros/humble/opt/rviz_ogre_vendor/lib:/opt/ros/humble/lib/x86_64-linux-gnu:/opt/ros/humble/lib'), ('HOME', '/home/ubuntu'), ('CHROME_DESKTOP', 'code.desktop'), ('LOCPATH_VSCODE_SNAP_ORIG', ''), ('TERM_PROGRAM_VERSION', '1.99.3'), ('DESKTOP_SESSION', 'ubuntu-xorg'), ('GTK_PATH', '/snap/code/191/usr/lib/x86_64-linux-gnu/gtk-3.0'), ('XDG_DATA_HOME_VSCODE_SNAP_ORIG', ''), ('GTK_IM_MODULE_FILE', '/home/ubuntu/snap/code/common/.cache/immodules/immodules.cache'), ('GIO_LAUNCHED_DESKTOP_FILE', '/var/lib/snapd/desktop/applications/code_code.desktop'), ('ROS_PYTHON_VERSION', '3'), ('GNOME_SHELL_SESSION_MODE', 'ubuntu'), ('GTK_MODULES', 'gail:atk-bridge'), ('GSETTINGS_SCHEMA_DIR_VSCODE_SNAP_ORIG', ''), ('VSCODE_GIT_ASKPASS_MAIN', '/snap/code/191/usr/share/code/resources/app/extensions/git/dist/askpass-main.js'), ('LC_MONETARY', 'id_ID.UTF-8'), ('VSCODE_GIT_ASKPASS_NODE', '/snap/code/191/usr/share/code/code'), ('MANAGERPID', '1780'), ('PYDEVD_DISABLE_FILE_VALIDATION', '1'), ('SYSTEMD_EXEC_PID', '3515'), ('BUNDLED_DEBUGPY_PATH', '/home/ubuntu/.vscode/extensions/ms-python.debugpy-2025.6.0-linux-x64/bundled/libs/debugpy'), ('DBUS_SESSION_BUS_ADDRESS', 'unix:path=/run/user/1000/bus'), ('COLORTERM', 'truecolor'), ('GIO_LAUNCHED_DESKTOP_FILE_PID', '4412'), ('IM_CONFIG_PHASE', '1'), ('ROS_DISTRO', 'humble'), ('GTK_IM_MODULE', 'ibus'), ('LOGNAME', 'ubuntu'), ('JOURNAL_STREAM', '8:38203'), ('_', '/usr/bin/colcon'), ('ROS_VERSION', '2'), ('XDG_CONFIG_DIRS_VSCODE_SNAP_ORIG', '/etc/xdg/xdg-ubuntu-xorg:/etc/xdg'), ('XDG_SESSION_CLASS', 'user'), ('XDG_DATA_DIRS_VSCODE_SNAP_ORIG', '/usr/share/ubuntu-xorg:/usr/share/gnome:/home/ubuntu/.local/share/flatpak/exports/share:/var/lib/flatpak/exports/share:/usr/local/share/:/usr/share/:/var/lib/snapd/desktop'), ('USERNAME', 'ubuntu'), ('TERM', 'xterm-256color'), ('GNOME_DESKTOP_SESSION_ID', 'this-is-deprecated'), ('ROS_LOCALHOST_ONLY', '0'), ('WINDOWPATH', '2'), ('PATH', '/home/ubuntu/.local/bin:/opt/ros/humble/bin:/home/ubuntu/.local/bin:/usr/local/sbin:/usr/local/bin:/usr/sbin:/usr/bin:/sbin:/bin:/usr/games:/usr/local/games:/snap/bin:/snap/bin:/home/ubuntu/.vscode/extensions/ms-python.debugpy-2025.6.0-linux-x64/bundled/scripts/noConfigScripts'), ('SESSION_MANAGER', 'local/ubuntu-virtual-machine:@/tmp/.ICE-unix/3481,unix/ubuntu-virtual-machine:/tmp/.ICE-unix/3481'), ('GTK_EXE_PREFIX', '/snap/code/191/usr'), ('INVOCATION_ID', '9146875bfdf74e4c925469aecb3a8139'), ('XDG_MENU_PREFIX', 'gnome-'), ('LC_ADDRESS', 'id_ID.UTF-8'), ('BAMF_DESKTOP_FILE_HINT', '/var/lib/snapd/desktop/applications/code_code.desktop'), ('XDG_RUNTIME_DIR', '/run/user/1000'), ('GDK_BACKEND', 'x11'), ('DISPLAY', ':0'), ('LOCPATH', '/snap/code/191/usr/lib/locale'), ('VSCODE_DEBUGPY_ADAPTER_ENDPOINTS', '/home/ubuntu/.vscode/extensions/ms-python.debugpy-2025.6.0-linux-x64/.noConfigDebugAdapterEndpoints/endpoint-5c4e4c73dc4993ee.txt'), ('LANG', 'en_US.UTF-8'), ('XDG_CURRENT_DESKTOP', 'Unity'), ('LC_TELEPHONE', 'id_ID.UTF-8'), ('GIO_MODULE_DIR_VSCODE_SNAP_ORIG', ''), ('XDG_DATA_HOME', '/home/ubuntu/snap/code/191/.local/share'), ('XMODIFIERS', '@im=ibus'), ('XDG_SESSION_DESKTOP', 'ubuntu-xorg'), ('XAUTHORITY', '/run/user/1000/gdm/Xauthority'), ('LS_COLORS', 'rs=0:di=01;34:ln=01;36:mh=00:pi=40;33:so=01;35:do=01;35:bd=40;33;01:cd=40;33;01:or=40;31;01:mi=00:su=37;41:sg=30;43:ca=30;41:tw=30;42:ow=34;42:st=37;44:ex=01;32:*.tar=01;31:*.tgz=01;31:*.arc=01;31:*.arj=01;31:*.taz=01;31:*.lha=01;31:*.lz4=01;31:*.lzh=01;31:*.lzma=01;31:*.tlz=01;31:*.txz=01;31:*.tzo=01;31:*.t7z=01;31:*.zip=01;31:*.z=01;31:*.dz=01;31:*.gz=01;31:*.lrz=01;31:*.lz=01;31:*.lzo=01;31:*.xz=01;31:*.zst=01;31:*.tzst=01;31:*.bz2=01;31:*.bz=01;31:*.tbz=01;31:*.tbz2=01;31:*.tz=01;31:*.deb=01;31:*.rpm=01;31:*.jar=01;31:*.war=01;31:*.ear=01;31:*.sar=01;31:*.rar=01;31:*.alz=01;31:*.ace=01;31:*.zoo=01;31:*.cpio=01;31:*.7z=01;31:*.rz=01;31:*.cab=01;31:*.wim=01;31:*.swm=01;31:*.dwm=01;31:*.esd=01;31:*.jpg=01;35:*.jpeg=01;35:*.mjpg=01;35:*.mjpeg=01;35:*.gif=01;35:*.bmp=01;35:*.pbm=01;35:*.pgm=01;35:*.ppm=01;35:*.tga=01;35:*.xbm=01;35:*.xpm=01;35:*.tif=01;35:*.tiff=01;35:*.png=01;35:*.svg=01;35:*.svgz=01;35:*.mng=01;35:*.pcx=01;35:*.mov=01;35:*.mpg=01;35:*.mpeg=01;35:*.m2v=01;35:*.mkv=01;35:*.webm=01;35:*.webp=01;35:*.ogm=01;35:*.mp4=01;35:*.m4v=01;35:*.mp4v=01;35:*.vob=01;35:*.qt=01;35:*.nuv=01;35:*.wmv=01;35:*.asf=01;35:*.rm=01;35:*.rmvb=01;35:*.flc=01;35:*.avi=01;35:*.fli=01;35:*.flv=01;35:*.gl=01;35:*.dl=01;35:*.xcf=01;35:*.xwd=01;35:*.yuv=01;35:*.cgm=01;35:*.emf=01;35:*.ogv=01;35:*.ogx=01;35:*.aac=00;36:*.au=00;36:*.flac=00;36:*.m4a=00;36:*.mid=00;36:*.midi=00;36:*.mka=00;36:*.mp3=00;36:*.mpc=00;36:*.ogg=00;36:*.ra=00;36:*.wav=00;36:*.oga=00;36:*.opus=00;36:*.spx=00;36:*.xspf=00;36:'), ('VSCODE_GIT_IPC_HANDLE', '/run/user/1000/vscode-git-93ae0fd6cc.sock'), ('TERM_PROGRAM', 'vscode'), ('SSH_AGENT_LAUNCHER', 'gnome-keyring'), ('SSH_AUTH_SOCK', '/run/user/1000/keyring/ssh'), ('GSETTINGS_SCHEMA_DIR', '/home/ubuntu/snap/code/191/.local/share/glib-2.0/schemas'), ('AMENT_PREFIX_PATH', '/opt/ros/humble'), ('ORIGINAL_XDG_CURRENT_DESKTOP', 'ubuntu:GNOME'), ('SHELL', '/bin/bash'), ('LC_NAME', 'id_ID.UTF-8'), ('QT_ACCESSIBILITY', '1'), ('GDMSESSION', 'ubuntu-xorg'), ('LESSCLOSE', '/usr/bin/lesspipe %s %s'), ('GTK_PATH_VSCODE_SNAP_ORIG', ''), ('FONTCONFIG_FILE', '/etc/fonts/fonts.conf'), ('GTK_IM_MODULE_FILE_VSCODE_SNAP_ORIG', ''), ('LC_MEASUREMENT', 'id_ID.UTF-8'), ('GPG_AGENT_INFO', '/run/user/1000/gnupg/S.gpg-agent:0:1'), ('GJS_DEBUG_OUTPUT', 'stderr'), ('LC_IDENTIFICATION', 'id_ID.UTF-8'), ('VSCODE_GIT_ASKPASS_EXTRA_ARGS', ''), ('QT_IM_MODULE', 'ibus'), ('PWD', '/home/ubuntu/ros2_ws/src/Greyform-linux/Python_Application/build/my_robot_wallinterfaces'), ('QT_QPA_PLATFORM', 'xcb'), ('LC_ALL', 'en_US.UTF-8'), ('XDG_CONFIG_DIRS', '/etc/xdg/xdg-ubuntu-xorg:/etc/xdg'), ('XDG_DATA_DIRS', '/home/ubuntu/snap/code/191/.local/share/flatpak/exports/share:/home/ubuntu/snap/code/191/.local/share:/home/ubuntu/snap/code/191:/snap/code/191/usr/share:/usr/share/ubuntu-xorg:/usr/share/gnome:/home/ubuntu/.local/share/flatpak/exports/share:/var/lib/flatpak/exports/share:/usr/local/share/:/usr/share/:/var/lib/snapd/desktop'), ('PYTHONPATH', '/opt/ros/humble/lib/python3.10/site-packages:/opt/ros/humble/local/lib/python3.10/dist-packages'), ('LC_NUMERIC', 'id_ID.UTF-8'), ('LC_PAPER', 'id_ID.UTF-8'), ('COLCON', '1'), ('CMAKE_PREFIX_PATH', '/opt/ros/humble')]), 'shell': False}
[7.647006] (-) TimerEvent: {}
[7.659034] (my_robot_wallinterfaces) StdoutLine: {'line': b'-- Install configuration: ""\n'}
[7.660037] (my_robot_wallinterfaces) StdoutLine: {'line': b'-- Up-to-date: /home/ubuntu/ros2_ws/src/Greyform-linux/Python_Application/install/my_robot_wallinterfaces/share/ament_index/resource_index/rosidl_interfaces/my_robot_wallinterfaces\n'}
[7.662120] (my_robot_wallinterfaces) StdoutLine: {'line': b'-- Up-to-date: /home/ubuntu/ros2_ws/src/Greyform-linux/Python_Application/install/my_robot_wallinterfaces/include/my_robot_wallinterfaces/my_robot_wallinterfaces\n'}
[7.662490] (my_robot_wallinterfaces) StdoutLine: {'line': b'-- Up-to-date: /home/ubuntu/ros2_ws/src/Greyform-linux/Python_Application/install/my_robot_wallinterfaces/include/my_robot_wallinterfaces/my_robot_wallinterfaces/srv\n'}
[7.662740] (my_robot_wallinterfaces) StdoutLine: {'line': b'-- Up-to-date: /home/ubuntu/ros2_ws/src/Greyform-linux/Python_Application/install/my_robot_wallinterfaces/include/my_robot_wallinterfaces/my_robot_wallinterfaces/srv/detail\n'}
[7.669038] (my_robot_wallinterfaces) StdoutLine: {'line': b'-- Up-to-date: /home/ubuntu/ros2_ws/src/Greyform-linux/Python_Application/install/my_robot_wallinterfaces/include/my_robot_wallinterfaces/my_robot_wallinterfaces/srv/detail/set_led__type_support.h\n'}
[7.669485] (my_robot_wallinterfaces) StdoutLine: {'line': b'-- Up-to-date: /home/ubuntu/ros2_ws/src/Greyform-linux/Python_Application/install/my_robot_wallinterfaces/include/my_robot_wallinterfaces/my_robot_wallinterfaces/srv/detail/set_led__struct.h\n'}
[7.669896] (my_robot_wallinterfaces) StdoutLine: {'line': b'-- Up-to-date: /home/ubuntu/ros2_ws/src/Greyform-linux/Python_Application/install/my_robot_wallinterfaces/include/my_robot_wallinterfaces/my_robot_wallinterfaces/srv/detail/set_led__functions.c\n'}
[7.670200] (my_robot_wallinterfaces) StdoutLine: {'line': b'-- Up-to-date: /home/ubuntu/ros2_ws/src/Greyform-linux/Python_Application/install/my_robot_wallinterfaces/include/my_robot_wallinterfaces/my_robot_wallinterfaces/srv/detail/set_led__functions.h\n'}
[7.670464] (my_robot_wallinterfaces) StdoutLine: {'line': b'-- Up-to-date: /home/ubuntu/ros2_ws/src/Greyform-linux/Python_Application/install/my_robot_wallinterfaces/include/my_robot_wallinterfaces/my_robot_wallinterfaces/srv/set_led.h\n'}
[7.674247] (my_robot_wallinterfaces) StdoutLine: {'line': b'-- Up-to-date: /home/ubuntu/ros2_ws/src/Greyform-linux/Python_Application/install/my_robot_wallinterfaces/include/my_robot_wallinterfaces/my_robot_wallinterfaces/msg\n'}
[7.674902] (my_robot_wallinterfaces) StdoutLine: {'line': b'-- Up-to-date: /home/ubuntu/ros2_ws/src/Greyform-linux/Python_Application/install/my_robot_wallinterfaces/include/my_robot_wallinterfaces/my_robot_wallinterfaces/msg/detail\n'}
[7.675842] (my_robot_wallinterfaces) StdoutLine: {'line': b'-- Up-to-date: /home/ubuntu/ros2_ws/src/Greyform-linux/Python_Application/install/my_robot_wallinterfaces/include/my_robot_wallinterfaces/my_robot_wallinterfaces/msg/detail/file_extraction_message__functions.h\n'}
[7.676290] (my_robot_wallinterfaces) StdoutLine: {'line': b'-- Up-to-date: /home/ubuntu/ros2_ws/src/Greyform-linux/Python_Application/install/my_robot_wallinterfaces/include/my_robot_wallinterfaces/my_robot_wallinterfaces/msg/detail/file_extraction_message__type_support.h\n'}
[7.676542] (my_robot_wallinterfaces) StdoutLine: {'line': b'-- Up-to-date: /home/ubuntu/ros2_ws/src/Greyform-linux/Python_Application/install/my_robot_wallinterfaces/include/my_robot_wallinterfaces/my_robot_wallinterfaces/msg/detail/selection_wall__struct.h\n'}
[7.676818] (my_robot_wallinterfaces) StdoutLine: {'line': b'-- Up-to-date: /home/ubuntu/ros2_ws/src/Greyform-linux/Python_Application/install/my_robot_wallinterfaces/include/my_robot_wallinterfaces/my_robot_wallinterfaces/msg/detail/selection_wall__functions.c\n'}
[7.677102] (my_robot_wallinterfaces) StdoutLine: {'line': b'-- Up-to-date: /home/ubuntu/ros2_ws/src/Greyform-linux/Python_Application/install/my_robot_wallinterfaces/include/my_robot_wallinterfaces/my_robot_wallinterfaces/msg/detail/selection_wall__functions.h\n'}
[7.677304] (my_robot_wallinterfaces) StdoutLine: {'line': b'-- Up-to-date: /home/ubuntu/ros2_ws/src/Greyform-linux/Python_Application/install/my_robot_wallinterfaces/include/my_robot_wallinterfaces/my_robot_wallinterfaces/msg/detail/selection_wall__type_support.h\n'}
[7.677497] (my_robot_wallinterfaces) StdoutLine: {'line': b'-- Up-to-date: /home/ubuntu/ros2_ws/src/Greyform-linux/Python_Application/install/my_robot_wallinterfaces/include/my_robot_wallinterfaces/my_robot_wallinterfaces/msg/detail/file_extraction_message__functions.c\n'}
[7.677688] (my_robot_wallinterfaces) StdoutLine: {'line': b'-- Up-to-date: /home/ubuntu/ros2_ws/src/Greyform-linux/Python_Application/install/my_robot_wallinterfaces/include/my_robot_wallinterfaces/my_robot_wallinterfaces/msg/detail/file_extraction_message__struct.h\n'}
[7.679859] (my_robot_wallinterfaces) StdoutLine: {'line': b'-- Up-to-date: /home/ubuntu/ros2_ws/src/Greyform-linux/Python_Application/install/my_robot_wallinterfaces/include/my_robot_wallinterfaces/my_robot_wallinterfaces/msg/file_extraction_message.h\n'}
[7.680513] (my_robot_wallinterfaces) StdoutLine: {'line': b'-- Up-to-date: /home/ubuntu/ros2_ws/src/Greyform-linux/Python_Application/install/my_robot_wallinterfaces/include/my_robot_wallinterfaces/my_robot_wallinterfaces/msg/rosidl_generator_c__visibility_control.h\n'}
[7.680748] (my_robot_wallinterfaces) StdoutLine: {'line': b'-- Up-to-date: /home/ubuntu/ros2_ws/src/Greyform-linux/Python_Application/install/my_robot_wallinterfaces/include/my_robot_wallinterfaces/my_robot_wallinterfaces/msg/selection_wall.h\n'}
[7.688648] (my_robot_wallinterfaces) StdoutLine: {'line': b'-- Up-to-date: /home/ubuntu/ros2_ws/src/Greyform-linux/Python_Application/install/my_robot_wallinterfaces/share/my_robot_wallinterfaces/environment/library_path.sh\n'}
[7.689116] (my_robot_wallinterfaces) StdoutLine: {'line': b'-- Up-to-date: /home/ubuntu/ros2_ws/src/Greyform-linux/Python_Application/install/my_robot_wallinterfaces/share/my_robot_wallinterfaces/environment/library_path.dsv\n'}
[7.689940] (my_robot_wallinterfaces) StdoutLine: {'line': b'-- Up-to-date: /home/ubuntu/ros2_ws/src/Greyform-linux/Python_Application/install/my_robot_wallinterfaces/lib/libmy_robot_wallinterfaces__rosidl_generator_c.so\n'}
[7.690287] (my_robot_wallinterfaces) StdoutLine: {'line': b'-- Up-to-date: /home/ubuntu/ros2_ws/src/Greyform-linux/Python_Application/install/my_robot_wallinterfaces/include/my_robot_wallinterfaces/my_robot_wallinterfaces\n'}
[7.690522] (my_robot_wallinterfaces) StdoutLine: {'line': b'-- Up-to-date: /home/ubuntu/ros2_ws/src/Greyform-linux/Python_Application/install/my_robot_wallinterfaces/include/my_robot_wallinterfaces/my_robot_wallinterfaces/srv\n'}
[7.694204] (my_robot_wallinterfaces) StdoutLine: {'line': b'-- Up-to-date: /home/ubuntu/ros2_ws/src/Greyform-linux/Python_Application/install/my_robot_wallinterfaces/include/my_robot_wallinterfaces/my_robot_wallinterfaces/srv/detail\n'}
[7.694691] (my_robot_wallinterfaces) StdoutLine: {'line': b'-- Up-to-date: /home/ubuntu/ros2_ws/src/Greyform-linux/Python_Application/install/my_robot_wallinterfaces/include/my_robot_wallinterfaces/my_robot_wallinterfaces/srv/detail/set_led__rosidl_typesupport_fastrtps_c.h\n'}
[7.695026] (my_robot_wallinterfaces) StdoutLine: {'line': b'-- Up-to-date: /home/ubuntu/ros2_ws/src/Greyform-linux/Python_Application/install/my_robot_wallinterfaces/include/my_robot_wallinterfaces/my_robot_wallinterfaces/msg\n'}
[7.695207] (my_robot_wallinterfaces) StdoutLine: {'line': b'-- Up-to-date: /home/ubuntu/ros2_ws/src/Greyform-linux/Python_Application/install/my_robot_wallinterfaces/include/my_robot_wallinterfaces/my_robot_wallinterfaces/msg/detail\n'}
[7.695336] (my_robot_wallinterfaces) StdoutLine: {'line': b'-- Up-to-date: /home/ubuntu/ros2_ws/src/Greyform-linux/Python_Application/install/my_robot_wallinterfaces/include/my_robot_wallinterfaces/my_robot_wallinterfaces/msg/detail/file_extraction_message__rosidl_typesupport_fastrtps_c.h\n'}
[7.697396] (my_robot_wallinterfaces) StdoutLine: {'line': b'-- Up-to-date: /home/ubuntu/ros2_ws/src/Greyform-linux/Python_Application/install/my_robot_wallinterfaces/include/my_robot_wallinterfaces/my_robot_wallinterfaces/msg/detail/selection_wall__rosidl_typesupport_fastrtps_c.h\n'}
[7.697712] (my_robot_wallinterfaces) StdoutLine: {'line': b'-- Up-to-date: /home/ubuntu/ros2_ws/src/Greyform-linux/Python_Application/install/my_robot_wallinterfaces/include/my_robot_wallinterfaces/my_robot_wallinterfaces/msg/rosidl_typesupport_fastrtps_c__visibility_control.h\n'}
[7.705625] (my_robot_wallinterfaces) StdoutLine: {'line': b'-- Up-to-date: /home/ubuntu/ros2_ws/src/Greyform-linux/Python_Application/install/my_robot_wallinterfaces/lib/libmy_robot_wallinterfaces__rosidl_typesupport_fastrtps_c.so\n'}
[7.706845] (my_robot_wallinterfaces) StdoutLine: {'line': b'-- Up-to-date: /home/ubuntu/ros2_ws/src/Greyform-linux/Python_Application/install/my_robot_wallinterfaces/include/my_robot_wallinterfaces/my_robot_wallinterfaces\n'}
[7.710519] (my_robot_wallinterfaces) StdoutLine: {'line': b'-- Up-to-date: /home/ubuntu/ros2_ws/src/Greyform-linux/Python_Application/install/my_robot_wallinterfaces/include/my_robot_wallinterfaces/my_robot_wallinterfaces/srv\n'}
[7.710892] (my_robot_wallinterfaces) StdoutLine: {'line': b'-- Up-to-date: /home/ubuntu/ros2_ws/src/Greyform-linux/Python_Application/install/my_robot_wallinterfaces/include/my_robot_wallinterfaces/my_robot_wallinterfaces/srv/detail\n'}
[7.711201] (my_robot_wallinterfaces) StdoutLine: {'line': b'-- Up-to-date: /home/ubuntu/ros2_ws/src/Greyform-linux/Python_Application/install/my_robot_wallinterfaces/include/my_robot_wallinterfaces/my_robot_wallinterfaces/srv/detail/set_led__rosidl_typesupport_introspection_c.h\n'}
[7.711506] (my_robot_wallinterfaces) StdoutLine: {'line': b'-- Up-to-date: /home/ubuntu/ros2_ws/src/Greyform-linux/Python_Application/install/my_robot_wallinterfaces/include/my_robot_wallinterfaces/my_robot_wallinterfaces/srv/detail/set_led__type_support.c\n'}
[7.712083] (my_robot_wallinterfaces) StdoutLine: {'line': b'-- Up-to-date: /home/ubuntu/ros2_ws/src/Greyform-linux/Python_Application/install/my_robot_wallinterfaces/include/my_robot_wallinterfaces/my_robot_wallinterfaces/msg\n'}
[7.712402] (my_robot_wallinterfaces) StdoutLine: {'line': b'-- Up-to-date: /home/ubuntu/ros2_ws/src/Greyform-linux/Python_Application/install/my_robot_wallinterfaces/include/my_robot_wallinterfaces/my_robot_wallinterfaces/msg/detail\n'}
[7.712697] (my_robot_wallinterfaces) StdoutLine: {'line': b'-- Up-to-date: /home/ubuntu/ros2_ws/src/Greyform-linux/Python_Application/install/my_robot_wallinterfaces/include/my_robot_wallinterfaces/my_robot_wallinterfaces/msg/detail/file_extraction_message__rosidl_typesupport_introspection_c.h\n'}
[7.713074] (my_robot_wallinterfaces) StdoutLine: {'line': b'-- Up-to-date: /home/ubuntu/ros2_ws/src/Greyform-linux/Python_Application/install/my_robot_wallinterfaces/include/my_robot_wallinterfaces/my_robot_wallinterfaces/msg/detail/selection_wall__rosidl_typesupport_introspection_c.h\n'}
[7.713575] (my_robot_wallinterfaces) StdoutLine: {'line': b'-- Up-to-date: /home/ubuntu/ros2_ws/src/Greyform-linux/Python_Application/install/my_robot_wallinterfaces/include/my_robot_wallinterfaces/my_robot_wallinterfaces/msg/detail/file_extraction_message__type_support.c\n'}
[7.724398] (my_robot_wallinterfaces) StdoutLine: {'line': b'-- Up-to-date: /home/ubuntu/ros2_ws/src/Greyform-linux/Python_Application/install/my_robot_wallinterfaces/include/my_robot_wallinterfaces/my_robot_wallinterfaces/msg/detail/selection_wall__type_support.c\n'}
[7.724964] (my_robot_wallinterfaces) StdoutLine: {'line': b'-- Up-to-date: /home/ubuntu/ros2_ws/src/Greyform-linux/Python_Application/install/my_robot_wallinterfaces/include/my_robot_wallinterfaces/my_robot_wallinterfaces/msg/rosidl_typesupport_introspection_c__visibility_control.h\n'}
[7.725248] (my_robot_wallinterfaces) StdoutLine: {'line': b'-- Up-to-date: /home/ubuntu/ros2_ws/src/Greyform-linux/Python_Application/install/my_robot_wallinterfaces/lib/libmy_robot_wallinterfaces__rosidl_typesupport_introspection_c.so\n'}
[7.733919] (my_robot_wallinterfaces) StdoutLine: {'line': b'-- Up-to-date: /home/ubuntu/ros2_ws/src/Greyform-linux/Python_Application/install/my_robot_wallinterfaces/lib/libmy_robot_wallinterfaces__rosidl_typesupport_c.so\n'}
[7.734361] (my_robot_wallinterfaces) StdoutLine: {'line': b'-- Up-to-date: /home/ubuntu/ros2_ws/src/Greyform-linux/Python_Application/install/my_robot_wallinterfaces/include/my_robot_wallinterfaces/my_robot_wallinterfaces\n'}
[7.734624] (my_robot_wallinterfaces) StdoutLine: {'line': b'-- Up-to-date: /home/ubuntu/ros2_ws/src/Greyform-linux/Python_Application/install/my_robot_wallinterfaces/include/my_robot_wallinterfaces/my_robot_wallinterfaces/srv\n'}
[7.735128] (my_robot_wallinterfaces) StdoutLine: {'line': b'-- Up-to-date: /home/ubuntu/ros2_ws/src/Greyform-linux/Python_Application/install/my_robot_wallinterfaces/include/my_robot_wallinterfaces/my_robot_wallinterfaces/srv/detail\n'}
[7.735471] (my_robot_wallinterfaces) StdoutLine: {'line': b'-- Up-to-date: /home/ubuntu/ros2_ws/src/Greyform-linux/Python_Application/install/my_robot_wallinterfaces/include/my_robot_wallinterfaces/my_robot_wallinterfaces/srv/detail/set_led__builder.hpp\n'}
[7.735801] (my_robot_wallinterfaces) StdoutLine: {'line': b'-- Up-to-date: /home/ubuntu/ros2_ws/src/Greyform-linux/Python_Application/install/my_robot_wallinterfaces/include/my_robot_wallinterfaces/my_robot_wallinterfaces/srv/detail/set_led__struct.hpp\n'}
[7.736063] (my_robot_wallinterfaces) StdoutLine: {'line': b'-- Up-to-date: /home/ubuntu/ros2_ws/src/Greyform-linux/Python_Application/install/my_robot_wallinterfaces/include/my_robot_wallinterfaces/my_robot_wallinterfaces/srv/detail/set_led__type_support.hpp\n'}
[7.736330] (my_robot_wallinterfaces) StdoutLine: {'line': b'-- Up-to-date: /home/ubuntu/ros2_ws/src/Greyform-linux/Python_Application/install/my_robot_wallinterfaces/include/my_robot_wallinterfaces/my_robot_wallinterfaces/srv/detail/set_led__traits.hpp\n'}
[7.736584] (my_robot_wallinterfaces) StdoutLine: {'line': b'-- Up-to-date: /home/ubuntu/ros2_ws/src/Greyform-linux/Python_Application/install/my_robot_wallinterfaces/include/my_robot_wallinterfaces/my_robot_wallinterfaces/srv/set_led.hpp\n'}
[7.736973] (my_robot_wallinterfaces) StdoutLine: {'line': b'-- Up-to-date: /home/ubuntu/ros2_ws/src/Greyform-linux/Python_Application/install/my_robot_wallinterfaces/include/my_robot_wallinterfaces/my_robot_wallinterfaces/msg\n'}
[7.737433] (my_robot_wallinterfaces) StdoutLine: {'line': b'-- Up-to-date: /home/ubuntu/ros2_ws/src/Greyform-linux/Python_Application/install/my_robot_wallinterfaces/include/my_robot_wallinterfaces/my_robot_wallinterfaces/msg/rosidl_generator_cpp__visibility_control.hpp\n'}
[7.746112] (my_robot_wallinterfaces) StdoutLine: {'line': b'-- Up-to-date: /home/ubuntu/ros2_ws/src/Greyform-linux/Python_Application/install/my_robot_wallinterfaces/include/my_robot_wallinterfaces/my_robot_wallinterfaces/msg/file_extraction_message.hpp\n'}
[7.746546] (my_robot_wallinterfaces) StdoutLine: {'line': b'-- Up-to-date: /home/ubuntu/ros2_ws/src/Greyform-linux/Python_Application/install/my_robot_wallinterfaces/include/my_robot_wallinterfaces/my_robot_wallinterfaces/msg/detail\n'}
[7.746815] (my_robot_wallinterfaces) StdoutLine: {'line': b'-- Up-to-date: /home/ubuntu/ros2_ws/src/Greyform-linux/Python_Application/install/my_robot_wallinterfaces/include/my_robot_wallinterfaces/my_robot_wallinterfaces/msg/detail/selection_wall__builder.hpp\n'}
[7.750540] (-) TimerEvent: {}
[7.750948] (my_robot_wallinterfaces) StdoutLine: {'line': b'-- Up-to-date: /home/ubuntu/ros2_ws/src/Greyform-linux/Python_Application/install/my_robot_wallinterfaces/include/my_robot_wallinterfaces/my_robot_wallinterfaces/msg/detail/file_extraction_message__struct.hpp\n'}
[7.751289] (my_robot_wallinterfaces) StdoutLine: {'line': b'-- Up-to-date: /home/ubuntu/ros2_ws/src/Greyform-linux/Python_Application/install/my_robot_wallinterfaces/include/my_robot_wallinterfaces/my_robot_wallinterfaces/msg/detail/selection_wall__struct.hpp\n'}
[7.751538] (my_robot_wallinterfaces) StdoutLine: {'line': b'-- Up-to-date: /home/ubuntu/ros2_ws/src/Greyform-linux/Python_Application/install/my_robot_wallinterfaces/include/my_robot_wallinterfaces/my_robot_wallinterfaces/msg/detail/file_extraction_message__traits.hpp\n'}
[7.751821] (my_robot_wallinterfaces) StdoutLine: {'line': b'-- Up-to-date: /home/ubuntu/ros2_ws/src/Greyform-linux/Python_Application/install/my_robot_wallinterfaces/include/my_robot_wallinterfaces/my_robot_wallinterfaces/msg/detail/file_extraction_message__builder.hpp\n'}
[7.764273] (my_robot_wallinterfaces) StdoutLine: {'line': b'-- Up-to-date: /home/ubuntu/ros2_ws/src/Greyform-linux/Python_Application/install/my_robot_wallinterfaces/include/my_robot_wallinterfaces/my_robot_wallinterfaces/msg/detail/file_extraction_message__type_support.hpp\n'}
[7.765001] (my_robot_wallinterfaces) StdoutLine: {'line': b'-- Up-to-date: /home/ubuntu/ros2_ws/src/Greyform-linux/Python_Application/install/my_robot_wallinterfaces/include/my_robot_wallinterfaces/my_robot_wallinterfaces/msg/detail/selection_wall__traits.hpp\n'}
[7.765340] (my_robot_wallinterfaces) StdoutLine: {'line': b'-- Up-to-date: /home/ubuntu/ros2_ws/src/Greyform-linux/Python_Application/install/my_robot_wallinterfaces/include/my_robot_wallinterfaces/my_robot_wallinterfaces/msg/detail/selection_wall__type_support.hpp\n'}
[7.765698] (my_robot_wallinterfaces) StdoutLine: {'line': b'-- Up-to-date: /home/ubuntu/ros2_ws/src/Greyform-linux/Python_Application/install/my_robot_wallinterfaces/include/my_robot_wallinterfaces/my_robot_wallinterfaces/msg/selection_wall.hpp\n'}
[7.766317] (my_robot_wallinterfaces) StdoutLine: {'line': b'-- Up-to-date: /home/ubuntu/ros2_ws/src/Greyform-linux/Python_Application/install/my_robot_wallinterfaces/include/my_robot_wallinterfaces/my_robot_wallinterfaces\n'}
[7.766691] (my_robot_wallinterfaces) StdoutLine: {'line': b'-- Up-to-date: /home/ubuntu/ros2_ws/src/Greyform-linux/Python_Application/install/my_robot_wallinterfaces/include/my_robot_wallinterfaces/my_robot_wallinterfaces/srv\n'}
[7.767092] (my_robot_wallinterfaces) StdoutLine: {'line': b'-- Up-to-date: /home/ubuntu/ros2_ws/src/Greyform-linux/Python_Application/install/my_robot_wallinterfaces/include/my_robot_wallinterfaces/my_robot_wallinterfaces/srv/detail\n'}
[7.767325] (my_robot_wallinterfaces) StdoutLine: {'line': b'-- Up-to-date: /home/ubuntu/ros2_ws/src/Greyform-linux/Python_Application/install/my_robot_wallinterfaces/include/my_robot_wallinterfaces/my_robot_wallinterfaces/srv/detail/dds_fastrtps\n'}
[7.767573] (my_robot_wallinterfaces) StdoutLine: {'line': b'-- Up-to-date: /home/ubuntu/ros2_ws/src/Greyform-linux/Python_Application/install/my_robot_wallinterfaces/include/my_robot_wallinterfaces/my_robot_wallinterfaces/srv/detail/set_led__rosidl_typesupport_fastrtps_cpp.hpp\n'}
[7.771737] (my_robot_wallinterfaces) StdoutLine: {'line': b'-- Up-to-date: /home/ubuntu/ros2_ws/src/Greyform-linux/Python_Application/install/my_robot_wallinterfaces/include/my_robot_wallinterfaces/my_robot_wallinterfaces/msg\n'}
[7.772575] (my_robot_wallinterfaces) StdoutLine: {'line': b'-- Up-to-date: /home/ubuntu/ros2_ws/src/Greyform-linux/Python_Application/install/my_robot_wallinterfaces/include/my_robot_wallinterfaces/my_robot_wallinterfaces/msg/detail\n'}
[7.773064] (my_robot_wallinterfaces) StdoutLine: {'line': b'-- Up-to-date: /home/ubuntu/ros2_ws/src/Greyform-linux/Python_Application/install/my_robot_wallinterfaces/include/my_robot_wallinterfaces/my_robot_wallinterfaces/msg/detail/file_extraction_message__rosidl_typesupport_fastrtps_cpp.hpp\n'}
[7.782148] (my_robot_wallinterfaces) StdoutLine: {'line': b'-- Up-to-date: /home/ubuntu/ros2_ws/src/Greyform-linux/Python_Application/install/my_robot_wallinterfaces/include/my_robot_wallinterfaces/my_robot_wallinterfaces/msg/detail/dds_fastrtps\n'}
[7.783157] (my_robot_wallinterfaces) StdoutLine: {'line': b'-- Up-to-date: /home/ubuntu/ros2_ws/src/Greyform-linux/Python_Application/install/my_robot_wallinterfaces/include/my_robot_wallinterfaces/my_robot_wallinterfaces/msg/detail/selection_wall__rosidl_typesupport_fastrtps_cpp.hpp\n'}
[7.783658] (my_robot_wallinterfaces) StdoutLine: {'line': b'-- Up-to-date: /home/ubuntu/ros2_ws/src/Greyform-linux/Python_Application/install/my_robot_wallinterfaces/include/my_robot_wallinterfaces/my_robot_wallinterfaces/msg/rosidl_typesupport_fastrtps_cpp__visibility_control.h\n'}
[7.784191] (my_robot_wallinterfaces) StdoutLine: {'line': b'-- Up-to-date: /home/ubuntu/ros2_ws/src/Greyform-linux/Python_Application/install/my_robot_wallinterfaces/lib/libmy_robot_wallinterfaces__rosidl_typesupport_fastrtps_cpp.so\n'}
[7.784828] (my_robot_wallinterfaces) StdoutLine: {'line': b'-- Up-to-date: /home/ubuntu/ros2_ws/src/Greyform-linux/Python_Application/install/my_robot_wallinterfaces/include/my_robot_wallinterfaces/my_robot_wallinterfaces\n'}
[7.786216] (my_robot_wallinterfaces) StdoutLine: {'line': b'-- Up-to-date: /home/ubuntu/ros2_ws/src/Greyform-linux/Python_Application/install/my_robot_wallinterfaces/include/my_robot_wallinterfaces/my_robot_wallinterfaces/srv\n'}
[7.786724] (my_robot_wallinterfaces) StdoutLine: {'line': b'-- Up-to-date: /home/ubuntu/ros2_ws/src/Greyform-linux/Python_Application/install/my_robot_wallinterfaces/include/my_robot_wallinterfaces/my_robot_wallinterfaces/srv/detail\n'}
[7.787285] (my_robot_wallinterfaces) StdoutLine: {'line': b'-- Up-to-date: /home/ubuntu/ros2_ws/src/Greyform-linux/Python_Application/install/my_robot_wallinterfaces/include/my_robot_wallinterfaces/my_robot_wallinterfaces/srv/detail/set_led__type_support.cpp\n'}
[7.787523] (my_robot_wallinterfaces) StdoutLine: {'line': b'-- Up-to-date: /home/ubuntu/ros2_ws/src/Greyform-linux/Python_Application/install/my_robot_wallinterfaces/include/my_robot_wallinterfaces/my_robot_wallinterfaces/srv/detail/set_led__rosidl_typesupport_introspection_cpp.hpp\n'}
[7.787874] (my_robot_wallinterfaces) StdoutLine: {'line': b'-- Up-to-date: /home/ubuntu/ros2_ws/src/Greyform-linux/Python_Application/install/my_robot_wallinterfaces/include/my_robot_wallinterfaces/my_robot_wallinterfaces/msg\n'}
[7.788273] (my_robot_wallinterfaces) StdoutLine: {'line': b'-- Up-to-date: /home/ubuntu/ros2_ws/src/Greyform-linux/Python_Application/install/my_robot_wallinterfaces/include/my_robot_wallinterfaces/my_robot_wallinterfaces/msg/detail\n'}
[7.788571] (my_robot_wallinterfaces) StdoutLine: {'line': b'-- Up-to-date: /home/ubuntu/ros2_ws/src/Greyform-linux/Python_Application/install/my_robot_wallinterfaces/include/my_robot_wallinterfaces/my_robot_wallinterfaces/msg/detail/file_extraction_message__rosidl_typesupport_introspection_cpp.hpp\n'}
[7.790293] (my_robot_wallinterfaces) StdoutLine: {'line': b'-- Up-to-date: /home/ubuntu/ros2_ws/src/Greyform-linux/Python_Application/install/my_robot_wallinterfaces/include/my_robot_wallinterfaces/my_robot_wallinterfaces/msg/detail/file_extraction_message__type_support.cpp\n'}
[7.793748] (my_robot_wallinterfaces) StdoutLine: {'line': b'-- Up-to-date: /home/ubuntu/ros2_ws/src/Greyform-linux/Python_Application/install/my_robot_wallinterfaces/include/my_robot_wallinterfaces/my_robot_wallinterfaces/msg/detail/selection_wall__type_support.cpp\n'}
[7.794273] (my_robot_wallinterfaces) StdoutLine: {'line': b'-- Up-to-date: /home/ubuntu/ros2_ws/src/Greyform-linux/Python_Application/install/my_robot_wallinterfaces/include/my_robot_wallinterfaces/my_robot_wallinterfaces/msg/detail/selection_wall__rosidl_typesupport_introspection_cpp.hpp\n'}
[7.795095] (my_robot_wallinterfaces) StdoutLine: {'line': b'-- Up-to-date: /home/ubuntu/ros2_ws/src/Greyform-linux/Python_Application/install/my_robot_wallinterfaces/lib/libmy_robot_wallinterfaces__rosidl_typesupport_introspection_cpp.so\n'}
[7.795585] (my_robot_wallinterfaces) StdoutLine: {'line': b'-- Up-to-date: /home/ubuntu/ros2_ws/src/Greyform-linux/Python_Application/install/my_robot_wallinterfaces/lib/libmy_robot_wallinterfaces__rosidl_typesupport_cpp.so\n'}
[7.795966] (my_robot_wallinterfaces) StdoutLine: {'line': b'-- Up-to-date: /home/ubuntu/ros2_ws/src/Greyform-linux/Python_Application/install/my_robot_wallinterfaces/share/my_robot_wallinterfaces/environment/pythonpath.sh\n'}
[7.796262] (my_robot_wallinterfaces) StdoutLine: {'line': b'-- Up-to-date: /home/ubuntu/ros2_ws/src/Greyform-linux/Python_Application/install/my_robot_wallinterfaces/share/my_robot_wallinterfaces/environment/pythonpath.dsv\n'}
[7.796659] (my_robot_wallinterfaces) StdoutLine: {'line': b'-- Up-to-date: /home/ubuntu/ros2_ws/src/Greyform-linux/Python_Application/install/my_robot_wallinterfaces/local/lib/python3.10/dist-packages/my_robot_wallinterfaces-0.0.0-py3.10.egg-info\n'}
[7.797243] (my_robot_wallinterfaces) StdoutLine: {'line': b'-- Installing: /home/ubuntu/ros2_ws/src/Greyform-linux/Python_Application/install/my_robot_wallinterfaces/local/lib/python3.10/dist-packages/my_robot_wallinterfaces-0.0.0-py3.10.egg-info/dependency_links.txt\n'}
[7.797545] (my_robot_wallinterfaces) StdoutLine: {'line': b'-- Installing: /home/ubuntu/ros2_ws/src/Greyform-linux/Python_Application/install/my_robot_wallinterfaces/local/lib/python3.10/dist-packages/my_robot_wallinterfaces-0.0.0-py3.10.egg-info/SOURCES.txt\n'}
[7.798319] (my_robot_wallinterfaces) StdoutLine: {'line': b'-- Installing: /home/ubuntu/ros2_ws/src/Greyform-linux/Python_Application/install/my_robot_wallinterfaces/local/lib/python3.10/dist-packages/my_robot_wallinterfaces-0.0.0-py3.10.egg-info/PKG-INFO\n'}
[7.798664] (my_robot_wallinterfaces) StdoutLine: {'line': b'-- Installing: /home/ubuntu/ros2_ws/src/Greyform-linux/Python_Application/install/my_robot_wallinterfaces/local/lib/python3.10/dist-packages/my_robot_wallinterfaces-0.0.0-py3.10.egg-info/top_level.txt\n'}
[7.799058] (my_robot_wallinterfaces) StdoutLine: {'line': b'-- Up-to-date: /home/ubuntu/ros2_ws/src/Greyform-linux/Python_Application/install/my_robot_wallinterfaces/local/lib/python3.10/dist-packages/my_robot_wallinterfaces\n'}
[7.799542] (my_robot_wallinterfaces) StdoutLine: {'line': b'-- Up-to-date: /home/ubuntu/ros2_ws/src/Greyform-linux/Python_Application/install/my_robot_wallinterfaces/local/lib/python3.10/dist-packages/my_robot_wallinterfaces/__init__.py\n'}
[7.799920] (my_robot_wallinterfaces) StdoutLine: {'line': b'-- Up-to-date: /home/ubuntu/ros2_ws/src/Greyform-linux/Python_Application/install/my_robot_wallinterfaces/local/lib/python3.10/dist-packages/my_robot_wallinterfaces/my_robot_wallinterfaces_s__rosidl_typesupport_fastrtps_c.cpython-310-x86_64-linux-gnu.so\n'}
[7.800211] (my_robot_wallinterfaces) StdoutLine: {'line': b'-- Up-to-date: /home/ubuntu/ros2_ws/src/Greyform-linux/Python_Application/install/my_robot_wallinterfaces/local/lib/python3.10/dist-packages/my_robot_wallinterfaces/libmy_robot_wallinterfaces__rosidl_generator_py.so\n'}
[7.800425] (my_robot_wallinterfaces) StdoutLine: {'line': b'-- Up-to-date: /home/ubuntu/ros2_ws/src/Greyform-linux/Python_Application/install/my_robot_wallinterfaces/local/lib/python3.10/dist-packages/my_robot_wallinterfaces/my_robot_wallinterfaces_s__rosidl_typesupport_c.cpython-310-x86_64-linux-gnu.so\n'}
[7.800628] (my_robot_wallinterfaces) StdoutLine: {'line': b'-- Up-to-date: /home/ubuntu/ros2_ws/src/Greyform-linux/Python_Application/install/my_robot_wallinterfaces/local/lib/python3.10/dist-packages/my_robot_wallinterfaces/srv\n'}
[7.800865] (my_robot_wallinterfaces) StdoutLine: {'line': b'-- Up-to-date: /home/ubuntu/ros2_ws/src/Greyform-linux/Python_Application/install/my_robot_wallinterfaces/local/lib/python3.10/dist-packages/my_robot_wallinterfaces/srv/__init__.py\n'}
[7.801121] (my_robot_wallinterfaces) StdoutLine: {'line': b'-- Up-to-date: /home/ubuntu/ros2_ws/src/Greyform-linux/Python_Application/install/my_robot_wallinterfaces/local/lib/python3.10/dist-packages/my_robot_wallinterfaces/srv/_set_led.py\n'}
[7.802077] (my_robot_wallinterfaces) StdoutLine: {'line': b'-- Up-to-date: /home/ubuntu/ros2_ws/src/Greyform-linux/Python_Application/install/my_robot_wallinterfaces/local/lib/python3.10/dist-packages/my_robot_wallinterfaces/srv/_set_led_s.c\n'}
[7.802691] (my_robot_wallinterfaces) StdoutLine: {'line': b'-- Up-to-date: /home/ubuntu/ros2_ws/src/Greyform-linux/Python_Application/install/my_robot_wallinterfaces/local/lib/python3.10/dist-packages/my_robot_wallinterfaces/_my_robot_wallinterfaces_s.ep.rosidl_typesupport_fastrtps_c.c\n'}
[7.803009] (my_robot_wallinterfaces) StdoutLine: {'line': b'-- Up-to-date: /home/ubuntu/ros2_ws/src/Greyform-linux/Python_Application/install/my_robot_wallinterfaces/local/lib/python3.10/dist-packages/my_robot_wallinterfaces/my_robot_wallinterfaces_s__rosidl_typesupport_introspection_c.cpython-310-x86_64-linux-gnu.so\n'}
[7.803327] (my_robot_wallinterfaces) StdoutLine: {'line': b'-- Up-to-date: /home/ubuntu/ros2_ws/src/Greyform-linux/Python_Application/install/my_robot_wallinterfaces/local/lib/python3.10/dist-packages/my_robot_wallinterfaces/msg\n'}
[7.803547] (my_robot_wallinterfaces) StdoutLine: {'line': b'-- Up-to-date: /home/ubuntu/ros2_ws/src/Greyform-linux/Python_Application/install/my_robot_wallinterfaces/local/lib/python3.10/dist-packages/my_robot_wallinterfaces/msg/__init__.py\n'}
[7.803814] (my_robot_wallinterfaces) StdoutLine: {'line': b'-- Up-to-date: /home/ubuntu/ros2_ws/src/Greyform-linux/Python_Application/install/my_robot_wallinterfaces/local/lib/python3.10/dist-packages/my_robot_wallinterfaces/msg/_selection_wall.py\n'}
[7.804071] (my_robot_wallinterfaces) StdoutLine: {'line': b'-- Up-to-date: /home/ubuntu/ros2_ws/src/Greyform-linux/Python_Application/install/my_robot_wallinterfaces/local/lib/python3.10/dist-packages/my_robot_wallinterfaces/msg/_selection_wall_s.c\n'}
[7.804332] (my_robot_wallinterfaces) StdoutLine: {'line': b'-- Up-to-date: /home/ubuntu/ros2_ws/src/Greyform-linux/Python_Application/install/my_robot_wallinterfaces/local/lib/python3.10/dist-packages/my_robot_wallinterfaces/msg/_file_extraction_message_s.c\n'}
[7.804849] (my_robot_wallinterfaces) StdoutLine: {'line': b'-- Up-to-date: /home/ubuntu/ros2_ws/src/Greyform-linux/Python_Application/install/my_robot_wallinterfaces/local/lib/python3.10/dist-packages/my_robot_wallinterfaces/msg/_file_extraction_message.py\n'}
[7.805255] (my_robot_wallinterfaces) StdoutLine: {'line': b'-- Up-to-date: /home/ubuntu/ros2_ws/src/Greyform-linux/Python_Application/install/my_robot_wallinterfaces/local/lib/python3.10/dist-packages/my_robot_wallinterfaces/_my_robot_wallinterfaces_s.ep.rosidl_typesupport_introspection_c.c\n'}
[7.805642] (my_robot_wallinterfaces) StdoutLine: {'line': b'-- Up-to-date: /home/ubuntu/ros2_ws/src/Greyform-linux/Python_Application/install/my_robot_wallinterfaces/local/lib/python3.10/dist-packages/my_robot_wallinterfaces/_my_robot_wallinterfaces_s.ep.rosidl_typesupport_c.c\n'}
[7.850874] (-) TimerEvent: {}
[7.952746] (my_robot_wallinterfaces) StdoutLine: {'line': b"Listing '/home/ubuntu/ros2_ws/src/Greyform-linux/Python_Application/install/my_robot_wallinterfaces/local/lib/python3.10/dist-packages/my_robot_wallinterfaces'...\n"}
[7.953247] (-) TimerEvent: {}
[7.953900] (my_robot_wallinterfaces) StdoutLine: {'line': b"Listing '/home/ubuntu/ros2_ws/src/Greyform-linux/Python_Application/install/my_robot_wallinterfaces/local/lib/python3.10/dist-packages/my_robot_wallinterfaces/msg'...\n"}
[7.954584] (my_robot_wallinterfaces) StdoutLine: {'line': b"Listing '/home/ubuntu/ros2_ws/src/Greyform-linux/Python_Application/install/my_robot_wallinterfaces/local/lib/python3.10/dist-packages/my_robot_wallinterfaces/srv'...\n"}
[7.974746] (my_robot_wallinterfaces) StdoutLine: {'line': b'-- Up-to-date: /home/ubuntu/ros2_ws/src/Greyform-linux/Python_Application/install/my_robot_wallinterfaces/local/lib/python3.10/dist-packages/my_robot_wallinterfaces/my_robot_wallinterfaces_s__rosidl_typesupport_fastrtps_c.cpython-310-x86_64-linux-gnu.so\n'}
[7.984920] (my_robot_wallinterfaces) StdoutLine: {'line': b'-- Up-to-date: /home/ubuntu/ros2_ws/src/Greyform-linux/Python_Application/install/my_robot_wallinterfaces/local/lib/python3.10/dist-packages/my_robot_wallinterfaces/my_robot_wallinterfaces_s__rosidl_typesupport_introspection_c.cpython-310-x86_64-linux-gnu.so\n'}
[7.990567] (my_robot_wallinterfaces) StdoutLine: {'line': b'-- Up-to-date: /home/ubuntu/ros2_ws/src/Greyform-linux/Python_Application/install/my_robot_wallinterfaces/local/lib/python3.10/dist-packages/my_robot_wallinterfaces/my_robot_wallinterfaces_s__rosidl_typesupport_c.cpython-310-x86_64-linux-gnu.so\n'}
[7.998678] (my_robot_wallinterfaces) StdoutLine: {'line': b'-- Up-to-date: /home/ubuntu/ros2_ws/src/Greyform-linux/Python_Application/install/my_robot_wallinterfaces/lib/libmy_robot_wallinterfaces__rosidl_generator_py.so\n'}
[8.000560] (my_robot_wallinterfaces) StdoutLine: {'line': b'-- Up-to-date: /home/ubuntu/ros2_ws/src/Greyform-linux/Python_Application/install/my_robot_wallinterfaces/share/my_robot_wallinterfaces/msg/FileExtractionMessage.idl\n'}
[8.002254] (my_robot_wallinterfaces) StdoutLine: {'line': b'-- Up-to-date: /home/ubuntu/ros2_ws/src/Greyform-linux/Python_Application/install/my_robot_wallinterfaces/share/my_robot_wallinterfaces/msg/SelectionWall.idl\n'}
[8.002602] (my_robot_wallinterfaces) StdoutLine: {'line': b'-- Up-to-date: /home/ubuntu/ros2_ws/src/Greyform-linux/Python_Application/install/my_robot_wallinterfaces/share/my_robot_wallinterfaces/srv/SetLed.idl\n'}
[8.003031] (my_robot_wallinterfaces) StdoutLine: {'line': b'-- Up-to-date: /home/ubuntu/ros2_ws/src/Greyform-linux/Python_Application/install/my_robot_wallinterfaces/share/my_robot_wallinterfaces/msg/FileExtractionMessage.msg\n'}
[8.003367] (my_robot_wallinterfaces) StdoutLine: {'line': b'-- Up-to-date: /home/ubuntu/ros2_ws/src/Greyform-linux/Python_Application/install/my_robot_wallinterfaces/share/my_robot_wallinterfaces/msg/SelectionWall.msg\n'}
[8.003701] (my_robot_wallinterfaces) StdoutLine: {'line': b'-- Up-to-date: /home/ubuntu/ros2_ws/src/Greyform-linux/Python_Application/install/my_robot_wallinterfaces/share/my_robot_wallinterfaces/srv/SetLed.srv\n'}
[8.004075] (my_robot_wallinterfaces) StdoutLine: {'line': b'-- Up-to-date: /home/ubuntu/ros2_ws/src/Greyform-linux/Python_Application/install/my_robot_wallinterfaces/share/my_robot_wallinterfaces/srv/SetLed_Request.msg\n'}
[8.004379] (my_robot_wallinterfaces) StdoutLine: {'line': b'-- Up-to-date: /home/ubuntu/ros2_ws/src/Greyform-linux/Python_Application/install/my_robot_wallinterfaces/share/my_robot_wallinterfaces/srv/SetLed_Response.msg\n'}
[8.008063] (my_robot_wallinterfaces) StdoutLine: {'line': b'-- Up-to-date: /home/ubuntu/ros2_ws/src/Greyform-linux/Python_Application/install/my_robot_wallinterfaces/share/ament_index/resource_index/package_run_dependencies/my_robot_wallinterfaces\n'}
[8.008543] (my_robot_wallinterfaces) StdoutLine: {'line': b'-- Up-to-date: /home/ubuntu/ros2_ws/src/Greyform-linux/Python_Application/install/my_robot_wallinterfaces/share/ament_index/resource_index/parent_prefix_path/my_robot_wallinterfaces\n'}
[8.008892] (my_robot_wallinterfaces) StdoutLine: {'line': b'-- Up-to-date: /home/ubuntu/ros2_ws/src/Greyform-linux/Python_Application/install/my_robot_wallinterfaces/share/my_robot_wallinterfaces/environment/ament_prefix_path.sh\n'}
[8.009261] (my_robot_wallinterfaces) StdoutLine: {'line': b'-- Up-to-date: /home/ubuntu/ros2_ws/src/Greyform-linux/Python_Application/install/my_robot_wallinterfaces/share/my_robot_wallinterfaces/environment/ament_prefix_path.dsv\n'}
[8.009953] (my_robot_wallinterfaces) StdoutLine: {'line': b'-- Up-to-date: /home/ubuntu/ros2_ws/src/Greyform-linux/Python_Application/install/my_robot_wallinterfaces/share/my_robot_wallinterfaces/environment/path.sh\n'}
[8.010200] (my_robot_wallinterfaces) StdoutLine: {'line': b'-- Up-to-date: /home/ubuntu/ros2_ws/src/Greyform-linux/Python_Application/install/my_robot_wallinterfaces/share/my_robot_wallinterfaces/environment/path.dsv\n'}
[8.011165] (my_robot_wallinterfaces) StdoutLine: {'line': b'-- Up-to-date: /home/ubuntu/ros2_ws/src/Greyform-linux/Python_Application/install/my_robot_wallinterfaces/share/my_robot_wallinterfaces/local_setup.bash\n'}
[8.011525] (my_robot_wallinterfaces) StdoutLine: {'line': b'-- Up-to-date: /home/ubuntu/ros2_ws/src/Greyform-linux/Python_Application/install/my_robot_wallinterfaces/share/my_robot_wallinterfaces/local_setup.sh\n'}
[8.012005] (my_robot_wallinterfaces) StdoutLine: {'line': b'-- Up-to-date: /home/ubuntu/ros2_ws/src/Greyform-linux/Python_Application/install/my_robot_wallinterfaces/share/my_robot_wallinterfaces/local_setup.zsh\n'}
[8.012446] (my_robot_wallinterfaces) StdoutLine: {'line': b'-- Up-to-date: /home/ubuntu/ros2_ws/src/Greyform-linux/Python_Application/install/my_robot_wallinterfaces/share/my_robot_wallinterfaces/local_setup.dsv\n'}
[8.012833] (my_robot_wallinterfaces) StdoutLine: {'line': b'-- Installing: /home/ubuntu/ros2_ws/src/Greyform-linux/Python_Application/install/my_robot_wallinterfaces/share/my_robot_wallinterfaces/package.dsv\n'}
[8.013215] (my_robot_wallinterfaces) StdoutLine: {'line': b'-- Up-to-date: /home/ubuntu/ros2_ws/src/Greyform-linux/Python_Application/install/my_robot_wallinterfaces/share/ament_index/resource_index/packages/my_robot_wallinterfaces\n'}
[8.022314] (my_robot_wallinterfaces) StdoutLine: {'line': b'-- Up-to-date: /home/ubuntu/ros2_ws/src/Greyform-linux/Python_Application/install/my_robot_wallinterfaces/share/my_robot_wallinterfaces/cmake/export_my_robot_wallinterfaces__rosidl_generator_cExport.cmake\n'}
[8.024355] (my_robot_wallinterfaces) StdoutLine: {'line': b'-- Up-to-date: /home/ubuntu/ros2_ws/src/Greyform-linux/Python_Application/install/my_robot_wallinterfaces/share/my_robot_wallinterfaces/cmake/export_my_robot_wallinterfaces__rosidl_generator_cExport-noconfig.cmake\n'}
[8.025718] (my_robot_wallinterfaces) StdoutLine: {'line': b'-- Up-to-date: /home/ubuntu/ros2_ws/src/Greyform-linux/Python_Application/install/my_robot_wallinterfaces/share/my_robot_wallinterfaces/cmake/export_my_robot_wallinterfaces__rosidl_typesupport_fastrtps_cExport.cmake\n'}
[8.026437] (my_robot_wallinterfaces) StdoutLine: {'line': b'-- Up-to-date: /home/ubuntu/ros2_ws/src/Greyform-linux/Python_Application/install/my_robot_wallinterfaces/share/my_robot_wallinterfaces/cmake/export_my_robot_wallinterfaces__rosidl_typesupport_fastrtps_cExport-noconfig.cmake\n'}
[8.031887] (my_robot_wallinterfaces) StdoutLine: {'line': b'-- Up-to-date: /home/ubuntu/ros2_ws/src/Greyform-linux/Python_Application/install/my_robot_wallinterfaces/share/my_robot_wallinterfaces/cmake/my_robot_wallinterfaces__rosidl_typesupport_introspection_cExport.cmake\n'}
[8.032958] (my_robot_wallinterfaces) StdoutLine: {'line': b'-- Up-to-date: /home/ubuntu/ros2_ws/src/Greyform-linux/Python_Application/install/my_robot_wallinterfaces/share/my_robot_wallinterfaces/cmake/my_robot_wallinterfaces__rosidl_typesupport_introspection_cExport-noconfig.cmake\n'}
[8.035862] (my_robot_wallinterfaces) StdoutLine: {'line': b'-- Up-to-date: /home/ubuntu/ros2_ws/src/Greyform-linux/Python_Application/install/my_robot_wallinterfaces/share/my_robot_wallinterfaces/cmake/my_robot_wallinterfaces__rosidl_typesupport_cExport.cmake\n'}
[8.037222] (my_robot_wallinterfaces) StdoutLine: {'line': b'-- Up-to-date: /home/ubuntu/ros2_ws/src/Greyform-linux/Python_Application/install/my_robot_wallinterfaces/share/my_robot_wallinterfaces/cmake/my_robot_wallinterfaces__rosidl_typesupport_cExport-noconfig.cmake\n'}
[8.045038] (my_robot_wallinterfaces) StdoutLine: {'line': b'-- Up-to-date: /home/ubuntu/ros2_ws/src/Greyform-linux/Python_Application/install/my_robot_wallinterfaces/share/my_robot_wallinterfaces/cmake/export_my_robot_wallinterfaces__rosidl_generator_cppExport.cmake\n'}
[8.046121] (my_robot_wallinterfaces) StdoutLine: {'line': b'-- Up-to-date: /home/ubuntu/ros2_ws/src/Greyform-linux/Python_Application/install/my_robot_wallinterfaces/share/my_robot_wallinterfaces/cmake/export_my_robot_wallinterfaces__rosidl_typesupport_fastrtps_cppExport.cmake\n'}
[8.050316] (my_robot_wallinterfaces) StdoutLine: {'line': b'-- Up-to-date: /home/ubuntu/ros2_ws/src/Greyform-linux/Python_Application/install/my_robot_wallinterfaces/share/my_robot_wallinterfaces/cmake/export_my_robot_wallinterfaces__rosidl_typesupport_fastrtps_cppExport-noconfig.cmake\n'}
[8.053679] (my_robot_wallinterfaces) StdoutLine: {'line': b'-- Up-to-date: /home/ubuntu/ros2_ws/src/Greyform-linux/Python_Application/install/my_robot_wallinterfaces/share/my_robot_wallinterfaces/cmake/my_robot_wallinterfaces__rosidl_typesupport_introspection_cppExport.cmake\n'}
[8.057991] (-) TimerEvent: {}
[8.059590] (my_robot_wallinterfaces) StdoutLine: {'line': b'-- Up-to-date: /home/ubuntu/ros2_ws/src/Greyform-linux/Python_Application/install/my_robot_wallinterfaces/share/my_robot_wallinterfaces/cmake/my_robot_wallinterfaces__rosidl_typesupport_introspection_cppExport-noconfig.cmake\n'}
[8.062713] (my_robot_wallinterfaces) StdoutLine: {'line': b'-- Up-to-date: /home/ubuntu/ros2_ws/src/Greyform-linux/Python_Application/install/my_robot_wallinterfaces/share/my_robot_wallinterfaces/cmake/my_robot_wallinterfaces__rosidl_typesupport_cppExport.cmake\n'}
[8.063586] (my_robot_wallinterfaces) StdoutLine: {'line': b'-- Up-to-date: /home/ubuntu/ros2_ws/src/Greyform-linux/Python_Application/install/my_robot_wallinterfaces/share/my_robot_wallinterfaces/cmake/my_robot_wallinterfaces__rosidl_typesupport_cppExport-noconfig.cmake\n'}
[8.072318] (my_robot_wallinterfaces) StdoutLine: {'line': b'-- Up-to-date: /home/ubuntu/ros2_ws/src/Greyform-linux/Python_Application/install/my_robot_wallinterfaces/share/my_robot_wallinterfaces/cmake/export_my_robot_wallinterfaces__rosidl_generator_pyExport.cmake\n'}
[8.072811] (my_robot_wallinterfaces) StdoutLine: {'line': b'-- Up-to-date: /home/ubuntu/ros2_ws/src/Greyform-linux/Python_Application/install/my_robot_wallinterfaces/share/my_robot_wallinterfaces/cmake/export_my_robot_wallinterfaces__rosidl_generator_pyExport-noconfig.cmake\n'}
[8.073897] (my_robot_wallinterfaces) StdoutLine: {'line': b'-- Up-to-date: /home/ubuntu/ros2_ws/src/Greyform-linux/Python_Application/install/my_robot_wallinterfaces/share/my_robot_wallinterfaces/cmake/rosidl_cmake-extras.cmake\n'}
[8.074375] (my_robot_wallinterfaces) StdoutLine: {'line': b'-- Up-to-date: /home/ubuntu/ros2_ws/src/Greyform-linux/Python_Application/install/my_robot_wallinterfaces/share/my_robot_wallinterfaces/cmake/ament_cmake_export_dependencies-extras.cmake\n'}
[8.075954] (my_robot_wallinterfaces) StdoutLine: {'line': b'-- Up-to-date: /home/ubuntu/ros2_ws/src/Greyform-linux/Python_Application/install/my_robot_wallinterfaces/share/my_robot_wallinterfaces/cmake/ament_cmake_export_include_directories-extras.cmake\n'}
[8.076692] (my_robot_wallinterfaces) StdoutLine: {'line': b'-- Up-to-date: /home/ubuntu/ros2_ws/src/Greyform-linux/Python_Application/install/my_robot_wallinterfaces/share/my_robot_wallinterfaces/cmake/ament_cmake_export_libraries-extras.cmake\n'}
[8.078221] (my_robot_wallinterfaces) StdoutLine: {'line': b'-- Up-to-date: /home/ubuntu/ros2_ws/src/Greyform-linux/Python_Application/install/my_robot_wallinterfaces/share/my_robot_wallinterfaces/cmake/ament_cmake_export_targets-extras.cmake\n'}
[8.079324] (my_robot_wallinterfaces) StdoutLine: {'line': b'-- Up-to-date: /home/ubuntu/ros2_ws/src/Greyform-linux/Python_Application/install/my_robot_wallinterfaces/share/my_robot_wallinterfaces/cmake/rosidl_cmake_export_typesupport_targets-extras.cmake\n'}
[8.079595] (my_robot_wallinterfaces) StdoutLine: {'line': b'-- Up-to-date: /home/ubuntu/ros2_ws/src/Greyform-linux/Python_Application/install/my_robot_wallinterfaces/share/my_robot_wallinterfaces/cmake/rosidl_cmake_export_typesupport_libraries-extras.cmake\n'}
[8.079878] (my_robot_wallinterfaces) StdoutLine: {'line': b'-- Up-to-date: /home/ubuntu/ros2_ws/src/Greyform-linux/Python_Application/install/my_robot_wallinterfaces/share/my_robot_wallinterfaces/cmake/my_robot_wallinterfacesConfig.cmake\n'}
[8.080285] (my_robot_wallinterfaces) StdoutLine: {'line': b'-- Up-to-date: /home/ubuntu/ros2_ws/src/Greyform-linux/Python_Application/install/my_robot_wallinterfaces/share/my_robot_wallinterfaces/cmake/my_robot_wallinterfacesConfig-version.cmake\n'}
[8.080655] (my_robot_wallinterfaces) StdoutLine: {'line': b'-- Up-to-date: /home/ubuntu/ros2_ws/src/Greyform-linux/Python_Application/install/my_robot_wallinterfaces/share/my_robot_wallinterfaces/package.xml\n'}
[8.104638] (my_robot_wallinterfaces) CommandEnded: {'returncode': 0}
[8.162403] (-) TimerEvent: {}
[8.266072] (-) TimerEvent: {}
[8.272077] (my_robot_wallinterfaces) JobEnded: {'identifier': 'my_robot_wallinterfaces', 'rc': 0}
[8.279565] (talker_listener) JobStarted: {'identifier': 'talker_listener'}
[8.370073] (-) TimerEvent: {}
[8.419951] (my-test-package) StdoutLine: {'line': b'running egg_info\n'}
[8.424719] (my-test-package) StdoutLine: {'line': b'writing ../../../../../../../../build/my-test-package/my_test_package.egg-info/PKG-INFO\n'}
[8.425225] (my-test-package) StdoutLine: {'line': b'writing dependency_links to ../../../../../../../../build/my-test-package/my_test_package.egg-info/dependency_links.txt\n'}
[8.425462] (my-test-package) StdoutLine: {'line': b'writing top-level names to ../../../../../../../../build/my-test-package/my_test_package.egg-info/top_level.txt\n'}
[8.433414] (my-test-package) StdoutLine: {'line': b"reading manifest file '../../../../../../../../build/my-test-package/my_test_package.egg-info/SOURCES.txt'\n"}
[8.454206] (my-test-package) StdoutLine: {'line': b"writing manifest file '../../../../../../../../build/my-test-package/my_test_package.egg-info/SOURCES.txt'\n"}
[8.454691] (my-test-package) StdoutLine: {'line': b'running build\n'}
[8.455080] (my-test-package) StdoutLine: {'line': b'running install\n'}
[8.460034] (my-test-package) StdoutLine: {'line': b'running install_egg_info\n'}
[8.472221] (-) TimerEvent: {}
[8.481942] (my-test-package) StdoutLine: {'line': b"removing '/home/ubuntu/ros2_ws/src/Greyform-linux/Python_Application/install/my-test-package/lib/python3.10/site-packages/my_test_package-1.0-py3.10.egg-info' (and everything under it)\n"}
[8.487835] (my-test-package) StdoutLine: {'line': b'Copying ../../../../../../../../build/my-test-package/my_test_package.egg-info to /home/ubuntu/ros2_ws/src/Greyform-linux/Python_Application/install/my-test-package/lib/python3.10/site-packages/my_test_package-1.0-py3.10.egg-info\n'}
[8.495284] (my-test-package) StdoutLine: {'line': b'running install_scripts\n'}
[8.572443] (-) TimerEvent: {}
[8.612421] (my-test-package) StdoutLine: {'line': b"writing list of installed files to '/home/ubuntu/ros2_ws/src/Greyform-linux/Python_Application/build/my-test-package/install.log'\n"}
[8.674189] (-) TimerEvent: {}
[8.776088] (-) TimerEvent: {}
[8.879171] (-) TimerEvent: {}
[8.979844] (-) TimerEvent: {}
[9.083150] (-) TimerEvent: {}
[9.184141] (-) TimerEvent: {}
[9.286504] (-) TimerEvent: {}
[9.389220] (-) TimerEvent: {}
[9.495033] (-) TimerEvent: {}
[9.595718] (-) TimerEvent: {}
[9.696970] (-) TimerEvent: {}
[9.800653] (-) TimerEvent: {}
[9.901977] (-) TimerEvent: {}
[10.003148] (-) TimerEvent: {}
[10.104372] (-) TimerEvent: {}
[10.205655] (-) TimerEvent: {}
[10.306705] (-) TimerEvent: {}
[10.376873] (my-test-package) CommandEnded: {'returncode': 0}
[10.406618] (my-test-package) JobEnded: {'identifier': 'my-test-package', 'rc': 0}
[10.413916] (-) TimerEvent: {}
[10.514962] (-) TimerEvent: {}
[10.616173] (-) TimerEvent: {}
[10.717253] (-) TimerEvent: {}
[10.818441] (-) TimerEvent: {}
[10.919354] (-) TimerEvent: {}
[11.020357] (-) TimerEvent: {}
[11.121571] (-) TimerEvent: {}
[11.222727] (-) TimerEvent: {}
[11.323904] (-) TimerEvent: {}
[11.424956] (-) TimerEvent: {}
[11.525954] (-) TimerEvent: {}
[11.626925] (-) TimerEvent: {}
[11.728030] (-) TimerEvent: {}
[11.829223] (-) TimerEvent: {}
[11.930455] (-) TimerEvent: {}
[12.031470] (-) TimerEvent: {}
[12.132697] (-) TimerEvent: {}
[12.233954] (-) TimerEvent: {}
[12.335181] (-) TimerEvent: {}
[12.380331] (talker_listener) Command: {'cmd': ['/usr/bin/python3', '-W', 'ignore:setup.py install is deprecated', '-W', 'ignore:easy_install command is deprecated', 'setup.py', 'egg_info', '--egg-base', '../build/talker_listener', 'build', '--build-base', '/home/ubuntu/ros2_ws/src/Greyform-linux/Python_Application/build/talker_listener/build', 'install', '--record', '/home/ubuntu/ros2_ws/src/Greyform-linux/Python_Application/build/talker_listener/install.log', '--single-version-externally-managed', 'install_data'], 'cwd': '/home/ubuntu/ros2_ws/src/Greyform-linux/Python_Application/talker_listener', 'env': {'GJS_DEBUG_TOPICS': 'JS ERROR;JS LOG', 'LESSOPEN': '| /usr/bin/lesspipe %s', 'USER': 'ubuntu', 'LC_TIME': 'id_ID.UTF-8', 'FONTCONFIG_PATH': '/etc/fonts', 'GIO_MODULE_DIR': '/home/ubuntu/snap/code/common/.cache/gio-modules', 'XDG_SESSION_TYPE': 'x11', 'GIT_ASKPASS': '/snap/code/191/usr/share/code/resources/app/extensions/git/dist/askpass.sh', 'GTK_EXE_PREFIX_VSCODE_SNAP_ORIG': '', 'GDK_BACKEND_VSCODE_SNAP_ORIG': '', 'SHLVL': '1', 'LD_LIBRARY_PATH': '/home/ubuntu/ros2_ws/src/Greyform-linux/Python_Application/install/my_robot_wallinterfaces/lib:/opt/ros/humble/opt/rviz_ogre_vendor/lib:/opt/ros/humble/lib/x86_64-linux-gnu:/opt/ros/humble/lib', 'HOME': '/home/ubuntu', 'CHROME_DESKTOP': 'code.desktop', 'LOCPATH_VSCODE_SNAP_ORIG': '', 'TERM_PROGRAM_VERSION': '1.99.3', 'DESKTOP_SESSION': 'ubuntu-xorg', 'GTK_PATH': '/snap/code/191/usr/lib/x86_64-linux-gnu/gtk-3.0', 'XDG_DATA_HOME_VSCODE_SNAP_ORIG': '', 'GTK_IM_MODULE_FILE': '/home/ubuntu/snap/code/common/.cache/immodules/immodules.cache', 'GIO_LAUNCHED_DESKTOP_FILE': '/var/lib/snapd/desktop/applications/code_code.desktop', 'ROS_PYTHON_VERSION': '3', 'GNOME_SHELL_SESSION_MODE': 'ubuntu', 'GTK_MODULES': 'gail:atk-bridge', 'GSETTINGS_SCHEMA_DIR_VSCODE_SNAP_ORIG': '', 'VSCODE_GIT_ASKPASS_MAIN': '/snap/code/191/usr/share/code/resources/app/extensions/git/dist/askpass-main.js', 'LC_MONETARY': 'id_ID.UTF-8', 'VSCODE_GIT_ASKPASS_NODE': '/snap/code/191/usr/share/code/code', 'MANAGERPID': '1780', 'PYDEVD_DISABLE_FILE_VALIDATION': '1', 'SYSTEMD_EXEC_PID': '3515', 'BUNDLED_DEBUGPY_PATH': '/home/ubuntu/.vscode/extensions/ms-python.debugpy-2025.6.0-linux-x64/bundled/libs/debugpy', 'DBUS_SESSION_BUS_ADDRESS': 'unix:path=/run/user/1000/bus', 'COLORTERM': 'truecolor', 'GIO_LAUNCHED_DESKTOP_FILE_PID': '4412', 'IM_CONFIG_PHASE': '1', 'ROS_DISTRO': 'humble', 'GTK_IM_MODULE': 'ibus', 'LOGNAME': 'ubuntu', 'JOURNAL_STREAM': '8:38203', '_': '/usr/bin/colcon', 'ROS_VERSION': '2', 'XDG_CONFIG_DIRS_VSCODE_SNAP_ORIG': '/etc/xdg/xdg-ubuntu-xorg:/etc/xdg', 'XDG_SESSION_CLASS': 'user', 'XDG_DATA_DIRS_VSCODE_SNAP_ORIG': '/usr/share/ubuntu-xorg:/usr/share/gnome:/home/ubuntu/.local/share/flatpak/exports/share:/var/lib/flatpak/exports/share:/usr/local/share/:/usr/share/:/var/lib/snapd/desktop', 'USERNAME': 'ubuntu', 'TERM': 'xterm-256color', 'GNOME_DESKTOP_SESSION_ID': 'this-is-deprecated', 'ROS_LOCALHOST_ONLY': '0', 'WINDOWPATH': '2', 'PATH': '/home/ubuntu/.local/bin:/opt/ros/humble/bin:/home/ubuntu/.local/bin:/usr/local/sbin:/usr/local/bin:/usr/sbin:/usr/bin:/sbin:/bin:/usr/games:/usr/local/games:/snap/bin:/snap/bin:/home/ubuntu/.vscode/extensions/ms-python.debugpy-2025.6.0-linux-x64/bundled/scripts/noConfigScripts', 'SESSION_MANAGER': 'local/ubuntu-virtual-machine:@/tmp/.ICE-unix/3481,unix/ubuntu-virtual-machine:/tmp/.ICE-unix/3481', 'GTK_EXE_PREFIX': '/snap/code/191/usr', 'INVOCATION_ID': '9146875bfdf74e4c925469aecb3a8139', 'XDG_MENU_PREFIX': 'gnome-', 'LC_ADDRESS': 'id_ID.UTF-8', 'BAMF_DESKTOP_FILE_HINT': '/var/lib/snapd/desktop/applications/code_code.desktop', 'XDG_RUNTIME_DIR': '/run/user/1000', 'GDK_BACKEND': 'x11', 'DISPLAY': ':0', 'LOCPATH': '/snap/code/191/usr/lib/locale', 'VSCODE_DEBUGPY_ADAPTER_ENDPOINTS': '/home/ubuntu/.vscode/extensions/ms-python.debugpy-2025.6.0-linux-x64/.noConfigDebugAdapterEndpoints/endpoint-5c4e4c73dc4993ee.txt', 'LANG': 'en_US.UTF-8', 'XDG_CURRENT_DESKTOP': 'Unity', 'LC_TELEPHONE': 'id_ID.UTF-8', 'GIO_MODULE_DIR_VSCODE_SNAP_ORIG': '', 'XDG_DATA_HOME': '/home/ubuntu/snap/code/191/.local/share', 'XMODIFIERS': '@im=ibus', 'XDG_SESSION_DESKTOP': 'ubuntu-xorg', 'XAUTHORITY': '/run/user/1000/gdm/Xauthority', 'LS_COLORS': 'rs=0:di=01;34:ln=01;36:mh=00:pi=40;33:so=01;35:do=01;35:bd=40;33;01:cd=40;33;01:or=40;31;01:mi=00:su=37;41:sg=30;43:ca=30;41:tw=30;42:ow=34;42:st=37;44:ex=01;32:*.tar=01;31:*.tgz=01;31:*.arc=01;31:*.arj=01;31:*.taz=01;31:*.lha=01;31:*.lz4=01;31:*.lzh=01;31:*.lzma=01;31:*.tlz=01;31:*.txz=01;31:*.tzo=01;31:*.t7z=01;31:*.zip=01;31:*.z=01;31:*.dz=01;31:*.gz=01;31:*.lrz=01;31:*.lz=01;31:*.lzo=01;31:*.xz=01;31:*.zst=01;31:*.tzst=01;31:*.bz2=01;31:*.bz=01;31:*.tbz=01;31:*.tbz2=01;31:*.tz=01;31:*.deb=01;31:*.rpm=01;31:*.jar=01;31:*.war=01;31:*.ear=01;31:*.sar=01;31:*.rar=01;31:*.alz=01;31:*.ace=01;31:*.zoo=01;31:*.cpio=01;31:*.7z=01;31:*.rz=01;31:*.cab=01;31:*.wim=01;31:*.swm=01;31:*.dwm=01;31:*.esd=01;31:*.jpg=01;35:*.jpeg=01;35:*.mjpg=01;35:*.mjpeg=01;35:*.gif=01;35:*.bmp=01;35:*.pbm=01;35:*.pgm=01;35:*.ppm=01;35:*.tga=01;35:*.xbm=01;35:*.xpm=01;35:*.tif=01;35:*.tiff=01;35:*.png=01;35:*.svg=01;35:*.svgz=01;35:*.mng=01;35:*.pcx=01;35:*.mov=01;35:*.mpg=01;35:*.mpeg=01;35:*.m2v=01;35:*.mkv=01;35:*.webm=01;35:*.webp=01;35:*.ogm=01;35:*.mp4=01;35:*.m4v=01;35:*.mp4v=01;35:*.vob=01;35:*.qt=01;35:*.nuv=01;35:*.wmv=01;35:*.asf=01;35:*.rm=01;35:*.rmvb=01;35:*.flc=01;35:*.avi=01;35:*.fli=01;35:*.flv=01;35:*.gl=01;35:*.dl=01;35:*.xcf=01;35:*.xwd=01;35:*.yuv=01;35:*.cgm=01;35:*.emf=01;35:*.ogv=01;35:*.ogx=01;35:*.aac=00;36:*.au=00;36:*.flac=00;36:*.m4a=00;36:*.mid=00;36:*.midi=00;36:*.mka=00;36:*.mp3=00;36:*.mpc=00;36:*.ogg=00;36:*.ra=00;36:*.wav=00;36:*.oga=00;36:*.opus=00;36:*.spx=00;36:*.xspf=00;36:', 'VSCODE_GIT_IPC_HANDLE': '/run/user/1000/vscode-git-93ae0fd6cc.sock', 'TERM_PROGRAM': 'vscode', 'SSH_AGENT_LAUNCHER': 'gnome-keyring', 'SSH_AUTH_SOCK': '/run/user/1000/keyring/ssh', 'GSETTINGS_SCHEMA_DIR': '/home/ubuntu/snap/code/191/.local/share/glib-2.0/schemas', 'AMENT_PREFIX_PATH': '/home/ubuntu/ros2_ws/src/Greyform-linux/Python_Application/install/my_robot_wallinterfaces:/opt/ros/humble', 'ORIGINAL_XDG_CURRENT_DESKTOP': 'ubuntu:GNOME', 'SHELL': '/bin/bash', 'LC_NAME': 'id_ID.UTF-8', 'QT_ACCESSIBILITY': '1', 'GDMSESSION': 'ubuntu-xorg', 'LESSCLOSE': '/usr/bin/lesspipe %s %s', 'GTK_PATH_VSCODE_SNAP_ORIG': '', 'FONTCONFIG_FILE': '/etc/fonts/fonts.conf', 'GTK_IM_MODULE_FILE_VSCODE_SNAP_ORIG': '', 'LC_MEASUREMENT': 'id_ID.UTF-8', 'GPG_AGENT_INFO': '/run/user/1000/gnupg/S.gpg-agent:0:1', 'GJS_DEBUG_OUTPUT': 'stderr', 'LC_IDENTIFICATION': 'id_ID.UTF-8', 'VSCODE_GIT_ASKPASS_EXTRA_ARGS': '', 'QT_IM_MODULE': 'ibus', 'PWD': '/home/ubuntu/ros2_ws/src/Greyform-linux/Python_Application/build/talker_listener', 'QT_QPA_PLATFORM': 'xcb', 'LC_ALL': 'en_US.UTF-8', 'XDG_CONFIG_DIRS': '/etc/xdg/xdg-ubuntu-xorg:/etc/xdg', 'XDG_DATA_DIRS': '/home/ubuntu/snap/code/191/.local/share/flatpak/exports/share:/home/ubuntu/snap/code/191/.local/share:/home/ubuntu/snap/code/191:/snap/code/191/usr/share:/usr/share/ubuntu-xorg:/usr/share/gnome:/home/ubuntu/.local/share/flatpak/exports/share:/var/lib/flatpak/exports/share:/usr/local/share/:/usr/share/:/var/lib/snapd/desktop', 'PYTHONPATH': '/home/ubuntu/ros2_ws/src/Greyform-linux/Python_Application/build/talker_listener/prefix_override:/usr/lib/python3/dist-packages/colcon_core/task/python/colcon_distutils_commands:/home/ubuntu/ros2_ws/src/Greyform-linux/Python_Application/install/talker_listener/lib/python3.10/site-packages:/home/ubuntu/ros2_ws/src/Greyform-linux/Python_Application/install/my_robot_wallinterfaces/local/lib/python3.10/dist-packages:/opt/ros/humble/lib/python3.10/site-packages:/opt/ros/humble/local/lib/python3.10/dist-packages', 'LC_NUMERIC': 'id_ID.UTF-8', 'LC_PAPER': 'id_ID.UTF-8', 'COLCON': '1', 'CMAKE_PREFIX_PATH': '/home/ubuntu/ros2_ws/src/Greyform-linux/Python_Application/install/my_robot_wallinterfaces'}, 'shell': False}
[12.435409] (-) TimerEvent: {}
[12.536977] (-) TimerEvent: {}
[12.642243] (-) TimerEvent: {}
[12.742943] (-) TimerEvent: {}
[12.844068] (-) TimerEvent: {}
[12.945324] (-) TimerEvent: {}
[13.046476] (-) TimerEvent: {}
[13.147593] (-) TimerEvent: {}
[13.248660] (-) TimerEvent: {}
[13.350269] (-) TimerEvent: {}
[13.451440] (-) TimerEvent: {}
[13.552977] (-) TimerEvent: {}
[13.653954] (-) TimerEvent: {}
[13.755508] (-) TimerEvent: {}
[13.856283] (-) TimerEvent: {}
[13.862750] (talker_listener) StdoutLine: {'line': b'running egg_info\n'}
[13.866674] (talker_listener) StdoutLine: {'line': b'writing ../build/talker_listener/talker_listener.egg-info/PKG-INFO\n'}
[13.870889] (talker_listener) StdoutLine: {'line': b'writing dependency_links to ../build/talker_listener/talker_listener.egg-info/dependency_links.txt\n'}
[13.871300] (talker_listener) StdoutLine: {'line': b'writing entry points to ../build/talker_listener/talker_listener.egg-info/entry_points.txt\n'}
[13.871561] (talker_listener) StdoutLine: {'line': b'writing requirements to ../build/talker_listener/talker_listener.egg-info/requires.txt\n'}
[13.871839] (talker_listener) StdoutLine: {'line': b'writing top-level names to ../build/talker_listener/talker_listener.egg-info/top_level.txt\n'}
[13.878703] (talker_listener) StdoutLine: {'line': b"reading manifest file '../build/talker_listener/talker_listener.egg-info/SOURCES.txt'\n"}
[13.885180] (talker_listener) StdoutLine: {'line': b"writing manifest file '../build/talker_listener/talker_listener.egg-info/SOURCES.txt'\n"}
[13.889034] (talker_listener) StdoutLine: {'line': b'running build\n'}
[13.889658] (talker_listener) StdoutLine: {'line': b'running build_py\n'}
[13.890068] (talker_listener) StdoutLine: {'line': b'running install\n'}
[13.896384] (talker_listener) StdoutLine: {'line': b'running install_lib\n'}
[13.898254] (talker_listener) StdoutLine: {'line': b'running install_data\n'}
[13.899280] (talker_listener) StdoutLine: {'line': b'running install_egg_info\n'}
[13.910042] (talker_listener) StdoutLine: {'line': b"removing '/home/ubuntu/ros2_ws/src/Greyform-linux/Python_Application/install/talker_listener/lib/python3.10/site-packages/talker_listener-0.0.0-py3.10.egg-info' (and everything under it)\n"}
[13.916130] (talker_listener) StdoutLine: {'line': b'Copying ../build/talker_listener/talker_listener.egg-info to /home/ubuntu/ros2_ws/src/Greyform-linux/Python_Application/install/talker_listener/lib/python3.10/site-packages/talker_listener-0.0.0-py3.10.egg-info\n'}
[13.923190] (talker_listener) StdoutLine: {'line': b'running install_scripts\n'}
[13.956483] (-) TimerEvent: {}
[14.015602] (talker_listener) StdoutLine: {'line': b'Installing listener_node script to /home/ubuntu/ros2_ws/src/Greyform-linux/Python_Application/install/talker_listener/lib/talker_listener\n'}
[14.017279] (talker_listener) StdoutLine: {'line': b'Installing talker_node script to /home/ubuntu/ros2_ws/src/Greyform-linux/Python_Application/install/talker_listener/lib/talker_listener\n'}
[14.018637] (talker_listener) StdoutLine: {'line': b"writing list of installed files to '/home/ubuntu/ros2_ws/src/Greyform-linux/Python_Application/build/talker_listener/install.log'\n"}
[14.057142] (-) TimerEvent: {}
[14.125010] (talker_listener) CommandEnded: {'returncode': 0}
[14.157484] (-) TimerEvent: {}
[14.159299] (talker_listener) JobEnded: {'identifier': 'talker_listener', 'rc': 0}
[14.164265] (-) EventReactorShutdown: {}
