The system is: Linux - 6.8.0-47-generic - x86_64
Compiling the C compiler identification source file "CMakeCCompilerId.c" succeeded.
Compiler: /usr/bin/cc 
Build flags: 
Id flags:  

The output was:
0


Compilation of the C compiler identification source "CMakeCCompilerId.c" produced "a.out"

The C compiler identification is GNU, found in "/root/catkin_ws/newui_Greyform/build/CMakeFiles/3.16.3/CompilerIdC/a.out"

Compiling the CXX compiler identification source file "CMakeCXXCompilerId.cpp" succeeded.
Compiler: /usr/bin/c++ 
Build flags: 
Id flags:  

The output was:
0


Compilation of the CXX compiler identification source "CMakeCXXCompilerId.cpp" produced "a.out"

The CXX compiler identification is GNU, found in "/root/catkin_ws/newui_Greyform/build/CMakeFiles/3.16.3/CompilerIdCXX/a.out"

Determining if the C compiler works passed with the following output:
Change Dir: /root/catkin_ws/newui_Greyform/build/CMakeFiles/CMakeTmp

Run Build Command(s):/usr/bin/make cmTC_ee60f/fast && /usr/bin/make -f CMakeFiles/cmTC_ee60f.dir/build.make CMakeFiles/cmTC_ee60f.dir/build
make[1]: Entering directory '/root/catkin_ws/newui_Greyform/build/CMakeFiles/CMakeTmp'
Building C object CMakeFiles/cmTC_ee60f.dir/testCCompiler.c.o
/usr/bin/cc    -o CMakeFiles/cmTC_ee60f.dir/testCCompiler.c.o   -c /root/catkin_ws/newui_Greyform/build/CMakeFiles/CMakeTmp/testCCompiler.c
Linking C executable cmTC_ee60f
/usr/bin/cmake -E cmake_link_script CMakeFiles/cmTC_ee60f.dir/link.txt --verbose=1
/usr/bin/cc      -rdynamic CMakeFiles/cmTC_ee60f.dir/testCCompiler.c.o  -o cmTC_ee60f 
make[1]: Leaving directory '/root/catkin_ws/newui_Greyform/build/CMakeFiles/CMakeTmp'



Detecting C compiler ABI info compiled with the following output:
Change Dir: /root/catkin_ws/newui_Greyform/build/CMakeFiles/CMakeTmp

Run Build Command(s):/usr/bin/make cmTC_7bfae/fast && /usr/bin/make -f CMakeFiles/cmTC_7bfae.dir/build.make CMakeFiles/cmTC_7bfae.dir/build
make[1]: Entering directory '/root/catkin_ws/newui_Greyform/build/CMakeFiles/CMakeTmp'
Building C object CMakeFiles/cmTC_7bfae.dir/CMakeCCompilerABI.c.o
/usr/bin/cc   -v -o CMakeFiles/cmTC_7bfae.dir/CMakeCCompilerABI.c.o   -c /usr/share/cmake-3.16/Modules/CMakeCCompilerABI.c
Using built-in specs.
COLLECT_GCC=/usr/bin/cc
OFFLOAD_TARGET_NAMES=nvptx-none:hsa
OFFLOAD_TARGET_DEFAULT=1
Target: x86_64-linux-gnu
Configured with: ../src/configure -v --with-pkgversion='Ubuntu 9.4.0-1ubuntu1~20.04.2' --with-bugurl=file:///usr/share/doc/gcc-9/README.Bugs --enable-languages=c,ada,c++,go,brig,d,fortran,objc,obj-c++,gm2 --prefix=/usr --with-gcc-major-version-only --program-suffix=-9 --program-prefix=x86_64-linux-gnu- --enable-shared --enable-linker-build-id --libexecdir=/usr/lib --without-included-gettext --enable-threads=posix --libdir=/usr/lib --enable-nls --enable-clocale=gnu --enable-libstdcxx-debug --enable-libstdcxx-time=yes --with-default-libstdcxx-abi=new --enable-gnu-unique-object --disable-vtable-verify --enable-plugin --enable-default-pie --with-system-zlib --with-target-system-zlib=auto --enable-objc-gc=auto --enable-multiarch --disable-werror --with-arch-32=i686 --with-abi=m64 --with-multilib-list=m32,m64,mx32 --enable-multilib --with-tune=generic --enable-offload-targets=nvptx-none=/build/gcc-9-9QDOt0/gcc-9-9.4.0/debian/tmp-nvptx/usr,hsa --without-cuda-driver --enable-checking=release --build=x86_64-linux-gnu --host=x86_64-linux-gnu --target=x86_64-linux-gnu
Thread model: posix
gcc version 9.4.0 (Ubuntu 9.4.0-1ubuntu1~20.04.2) 
COLLECT_GCC_OPTIONS='-v' '-o' 'CMakeFiles/cmTC_7bfae.dir/CMakeCCompilerABI.c.o' '-c' '-mtune=generic' '-march=x86-64'
 /usr/lib/gcc/x86_64-linux-gnu/9/cc1 -quiet -v -imultiarch x86_64-linux-gnu /usr/share/cmake-3.16/Modules/CMakeCCompilerABI.c -quiet -dumpbase CMakeCCompilerABI.c -mtune=generic -march=x86-64 -auxbase-strip CMakeFiles/cmTC_7bfae.dir/CMakeCCompilerABI.c.o -version -fasynchronous-unwind-tables -fstack-protector-strong -Wformat -Wformat-security -fstack-clash-protection -fcf-protection -o /tmp/cc30on7m.s
GNU C17 (Ubuntu 9.4.0-1ubuntu1~20.04.2) version 9.4.0 (x86_64-linux-gnu)
	compiled by GNU C version 9.4.0, GMP version 6.2.0, MPFR version 4.0.2, MPC version 1.1.0, isl version isl-0.22.1-GMP

GGC heuristics: --param ggc-min-expand=100 --param ggc-min-heapsize=131072
ignoring nonexistent directory "/usr/local/include/x86_64-linux-gnu"
ignoring nonexistent directory "/usr/lib/gcc/x86_64-linux-gnu/9/include-fixed"
ignoring nonexistent directory "/usr/lib/gcc/x86_64-linux-gnu/9/../../../../x86_64-linux-gnu/include"
#include "..." search starts here:
#include <...> search starts here:
 /usr/lib/gcc/x86_64-linux-gnu/9/include
 /usr/local/include
 /usr/include/x86_64-linux-gnu
 /usr/include
End of search list.
GNU C17 (Ubuntu 9.4.0-1ubuntu1~20.04.2) version 9.4.0 (x86_64-linux-gnu)
	compiled by GNU C version 9.4.0, GMP version 6.2.0, MPFR version 4.0.2, MPC version 1.1.0, isl version isl-0.22.1-GMP

GGC heuristics: --param ggc-min-expand=100 --param ggc-min-heapsize=131072
Compiler executable checksum: 01da938ff5dc2163489aa33cb3b747a7
COLLECT_GCC_OPTIONS='-v' '-o' 'CMakeFiles/cmTC_7bfae.dir/CMakeCCompilerABI.c.o' '-c' '-mtune=generic' '-march=x86-64'
 as -v --64 -o CMakeFiles/cmTC_7bfae.dir/CMakeCCompilerABI.c.o /tmp/cc30on7m.s
GNU assembler version 2.34 (x86_64-linux-gnu) using BFD version (GNU Binutils for Ubuntu) 2.34
COMPILER_PATH=/usr/lib/gcc/x86_64-linux-gnu/9/:/usr/lib/gcc/x86_64-linux-gnu/9/:/usr/lib/gcc/x86_64-linux-gnu/:/usr/lib/gcc/x86_64-linux-gnu/9/:/usr/lib/gcc/x86_64-linux-gnu/
LIBRARY_PATH=/usr/lib/gcc/x86_64-linux-gnu/9/:/usr/lib/gcc/x86_64-linux-gnu/9/../../../x86_64-linux-gnu/:/usr/lib/gcc/x86_64-linux-gnu/9/../../../../lib/:/lib/x86_64-linux-gnu/:/lib/../lib/:/usr/lib/x86_64-linux-gnu/:/usr/lib/../lib/:/usr/lib/gcc/x86_64-linux-gnu/9/../../../:/lib/:/usr/lib/
COLLECT_GCC_OPTIONS='-v' '-o' 'CMakeFiles/cmTC_7bfae.dir/CMakeCCompilerABI.c.o' '-c' '-mtune=generic' '-march=x86-64'
Linking C executable cmTC_7bfae
/usr/bin/cmake -E cmake_link_script CMakeFiles/cmTC_7bfae.dir/link.txt --verbose=1
/usr/bin/cc     -v -rdynamic CMakeFiles/cmTC_7bfae.dir/CMakeCCompilerABI.c.o  -o cmTC_7bfae 
Using built-in specs.
COLLECT_GCC=/usr/bin/cc
COLLECT_LTO_WRAPPER=/usr/lib/gcc/x86_64-linux-gnu/9/lto-wrapper
OFFLOAD_TARGET_NAMES=nvptx-none:hsa
OFFLOAD_TARGET_DEFAULT=1
Target: x86_64-linux-gnu
Configured with: ../src/configure -v --with-pkgversion='Ubuntu 9.4.0-1ubuntu1~20.04.2' --with-bugurl=file:///usr/share/doc/gcc-9/README.Bugs --enable-languages=c,ada,c++,go,brig,d,fortran,objc,obj-c++,gm2 --prefix=/usr --with-gcc-major-version-only --program-suffix=-9 --program-prefix=x86_64-linux-gnu- --enable-shared --enable-linker-build-id --libexecdir=/usr/lib --without-included-gettext --enable-threads=posix --libdir=/usr/lib --enable-nls --enable-clocale=gnu --enable-libstdcxx-debug --enable-libstdcxx-time=yes --with-default-libstdcxx-abi=new --enable-gnu-unique-object --disable-vtable-verify --enable-plugin --enable-default-pie --with-system-zlib --with-target-system-zlib=auto --enable-objc-gc=auto --enable-multiarch --disable-werror --with-arch-32=i686 --with-abi=m64 --with-multilib-list=m32,m64,mx32 --enable-multilib --with-tune=generic --enable-offload-targets=nvptx-none=/build/gcc-9-9QDOt0/gcc-9-9.4.0/debian/tmp-nvptx/usr,hsa --without-cuda-driver --enable-checking=release --build=x86_64-linux-gnu --host=x86_64-linux-gnu --target=x86_64-linux-gnu
Thread model: posix
gcc version 9.4.0 (Ubuntu 9.4.0-1ubuntu1~20.04.2) 
COMPILER_PATH=/usr/lib/gcc/x86_64-linux-gnu/9/:/usr/lib/gcc/x86_64-linux-gnu/9/:/usr/lib/gcc/x86_64-linux-gnu/:/usr/lib/gcc/x86_64-linux-gnu/9/:/usr/lib/gcc/x86_64-linux-gnu/
LIBRARY_PATH=/usr/lib/gcc/x86_64-linux-gnu/9/:/usr/lib/gcc/x86_64-linux-gnu/9/../../../x86_64-linux-gnu/:/usr/lib/gcc/x86_64-linux-gnu/9/../../../../lib/:/lib/x86_64-linux-gnu/:/lib/../lib/:/usr/lib/x86_64-linux-gnu/:/usr/lib/../lib/:/usr/lib/gcc/x86_64-linux-gnu/9/../../../:/lib/:/usr/lib/
COLLECT_GCC_OPTIONS='-v' '-rdynamic' '-o' 'cmTC_7bfae' '-mtune=generic' '-march=x86-64'
 /usr/lib/gcc/x86_64-linux-gnu/9/collect2 -plugin /usr/lib/gcc/x86_64-linux-gnu/9/liblto_plugin.so -plugin-opt=/usr/lib/gcc/x86_64-linux-gnu/9/lto-wrapper -plugin-opt=-fresolution=/tmp/ccxaE6JS.res -plugin-opt=-pass-through=-lgcc -plugin-opt=-pass-through=-lgcc_s -plugin-opt=-pass-through=-lc -plugin-opt=-pass-through=-lgcc -plugin-opt=-pass-through=-lgcc_s --build-id --eh-frame-hdr -m elf_x86_64 --hash-style=gnu --as-needed -export-dynamic -dynamic-linker /lib64/ld-linux-x86-64.so.2 -pie -z now -z relro -o cmTC_7bfae /usr/lib/gcc/x86_64-linux-gnu/9/../../../x86_64-linux-gnu/Scrt1.o /usr/lib/gcc/x86_64-linux-gnu/9/../../../x86_64-linux-gnu/crti.o /usr/lib/gcc/x86_64-linux-gnu/9/crtbeginS.o -L/usr/lib/gcc/x86_64-linux-gnu/9 -L/usr/lib/gcc/x86_64-linux-gnu/9/../../../x86_64-linux-gnu -L/usr/lib/gcc/x86_64-linux-gnu/9/../../../../lib -L/lib/x86_64-linux-gnu -L/lib/../lib -L/usr/lib/x86_64-linux-gnu -L/usr/lib/../lib -L/usr/lib/gcc/x86_64-linux-gnu/9/../../.. CMakeFiles/cmTC_7bfae.dir/CMakeCCompilerABI.c.o -lgcc --push-state --as-needed -lgcc_s --pop-state -lc -lgcc --push-state --as-needed -lgcc_s --pop-state /usr/lib/gcc/x86_64-linux-gnu/9/crtendS.o /usr/lib/gcc/x86_64-linux-gnu/9/../../../x86_64-linux-gnu/crtn.o
COLLECT_GCC_OPTIONS='-v' '-rdynamic' '-o' 'cmTC_7bfae' '-mtune=generic' '-march=x86-64'
make[1]: Leaving directory '/root/catkin_ws/newui_Greyform/build/CMakeFiles/CMakeTmp'



Parsed C implicit include dir info from above output: rv=done
  found start of include info
  found start of implicit include info
    add: [/usr/lib/gcc/x86_64-linux-gnu/9/include]
    add: [/usr/local/include]
    add: [/usr/include/x86_64-linux-gnu]
    add: [/usr/include]
  end of search list found
  collapse include dir [/usr/lib/gcc/x86_64-linux-gnu/9/include] ==> [/usr/lib/gcc/x86_64-linux-gnu/9/include]
  collapse include dir [/usr/local/include] ==> [/usr/local/include]
  collapse include dir [/usr/include/x86_64-linux-gnu] ==> [/usr/include/x86_64-linux-gnu]
  collapse include dir [/usr/include] ==> [/usr/include]
  implicit include dirs: [/usr/lib/gcc/x86_64-linux-gnu/9/include;/usr/local/include;/usr/include/x86_64-linux-gnu;/usr/include]


Parsed C implicit link information from above output:
  link line regex: [^( *|.*[/\])(ld|CMAKE_LINK_STARTFILE-NOTFOUND|([^/\]+-)?ld|collect2)[^/\]*( |$)]
  ignore line: [Change Dir: /root/catkin_ws/newui_Greyform/build/CMakeFiles/CMakeTmp]
  ignore line: []
  ignore line: [Run Build Command(s):/usr/bin/make cmTC_7bfae/fast && /usr/bin/make -f CMakeFiles/cmTC_7bfae.dir/build.make CMakeFiles/cmTC_7bfae.dir/build]
  ignore line: [make[1]: Entering directory '/root/catkin_ws/newui_Greyform/build/CMakeFiles/CMakeTmp']
  ignore line: [Building C object CMakeFiles/cmTC_7bfae.dir/CMakeCCompilerABI.c.o]
  ignore line: [/usr/bin/cc   -v -o CMakeFiles/cmTC_7bfae.dir/CMakeCCompilerABI.c.o   -c /usr/share/cmake-3.16/Modules/CMakeCCompilerABI.c]
  ignore line: [Using built-in specs.]
  ignore line: [COLLECT_GCC=/usr/bin/cc]
  ignore line: [OFFLOAD_TARGET_NAMES=nvptx-none:hsa]
  ignore line: [OFFLOAD_TARGET_DEFAULT=1]
  ignore line: [Target: x86_64-linux-gnu]
  ignore line: [Configured with: ../src/configure -v --with-pkgversion='Ubuntu 9.4.0-1ubuntu1~20.04.2' --with-bugurl=file:///usr/share/doc/gcc-9/README.Bugs --enable-languages=c ada c++ go brig d fortran objc obj-c++ gm2 --prefix=/usr --with-gcc-major-version-only --program-suffix=-9 --program-prefix=x86_64-linux-gnu- --enable-shared --enable-linker-build-id --libexecdir=/usr/lib --without-included-gettext --enable-threads=posix --libdir=/usr/lib --enable-nls --enable-clocale=gnu --enable-libstdcxx-debug --enable-libstdcxx-time=yes --with-default-libstdcxx-abi=new --enable-gnu-unique-object --disable-vtable-verify --enable-plugin --enable-default-pie --with-system-zlib --with-target-system-zlib=auto --enable-objc-gc=auto --enable-multiarch --disable-werror --with-arch-32=i686 --with-abi=m64 --with-multilib-list=m32 m64 mx32 --enable-multilib --with-tune=generic --enable-offload-targets=nvptx-none=/build/gcc-9-9QDOt0/gcc-9-9.4.0/debian/tmp-nvptx/usr hsa --without-cuda-driver --enable-checking=release --build=x86_64-linux-gnu --host=x86_64-linux-gnu --target=x86_64-linux-gnu]
  ignore line: [Thread model: posix]
  ignore line: [gcc version 9.4.0 (Ubuntu 9.4.0-1ubuntu1~20.04.2) ]
  ignore line: [COLLECT_GCC_OPTIONS='-v' '-o' 'CMakeFiles/cmTC_7bfae.dir/CMakeCCompilerABI.c.o' '-c' '-mtune=generic' '-march=x86-64']
  ignore line: [ /usr/lib/gcc/x86_64-linux-gnu/9/cc1 -quiet -v -imultiarch x86_64-linux-gnu /usr/share/cmake-3.16/Modules/CMakeCCompilerABI.c -quiet -dumpbase CMakeCCompilerABI.c -mtune=generic -march=x86-64 -auxbase-strip CMakeFiles/cmTC_7bfae.dir/CMakeCCompilerABI.c.o -version -fasynchronous-unwind-tables -fstack-protector-strong -Wformat -Wformat-security -fstack-clash-protection -fcf-protection -o /tmp/cc30on7m.s]
  ignore line: [GNU C17 (Ubuntu 9.4.0-1ubuntu1~20.04.2) version 9.4.0 (x86_64-linux-gnu)]
  ignore line: [	compiled by GNU C version 9.4.0  GMP version 6.2.0  MPFR version 4.0.2  MPC version 1.1.0  isl version isl-0.22.1-GMP]
  ignore line: []
  ignore line: [GGC heuristics: --param ggc-min-expand=100 --param ggc-min-heapsize=131072]
  ignore line: [ignoring nonexistent directory "/usr/local/include/x86_64-linux-gnu"]
  ignore line: [ignoring nonexistent directory "/usr/lib/gcc/x86_64-linux-gnu/9/include-fixed"]
  ignore line: [ignoring nonexistent directory "/usr/lib/gcc/x86_64-linux-gnu/9/../../../../x86_64-linux-gnu/include"]
  ignore line: [#include "..." search starts here:]
  ignore line: [#include <...> search starts here:]
  ignore line: [ /usr/lib/gcc/x86_64-linux-gnu/9/include]
  ignore line: [ /usr/local/include]
  ignore line: [ /usr/include/x86_64-linux-gnu]
  ignore line: [ /usr/include]
  ignore line: [End of search list.]
  ignore line: [GNU C17 (Ubuntu 9.4.0-1ubuntu1~20.04.2) version 9.4.0 (x86_64-linux-gnu)]
  ignore line: [	compiled by GNU C version 9.4.0  GMP version 6.2.0  MPFR version 4.0.2  MPC version 1.1.0  isl version isl-0.22.1-GMP]
  ignore line: []
  ignore line: [GGC heuristics: --param ggc-min-expand=100 --param ggc-min-heapsize=131072]
  ignore line: [Compiler executable checksum: 01da938ff5dc2163489aa33cb3b747a7]
  ignore line: [COLLECT_GCC_OPTIONS='-v' '-o' 'CMakeFiles/cmTC_7bfae.dir/CMakeCCompilerABI.c.o' '-c' '-mtune=generic' '-march=x86-64']
  ignore line: [ as -v --64 -o CMakeFiles/cmTC_7bfae.dir/CMakeCCompilerABI.c.o /tmp/cc30on7m.s]
  ignore line: [GNU assembler version 2.34 (x86_64-linux-gnu) using BFD version (GNU Binutils for Ubuntu) 2.34]
  ignore line: [COMPILER_PATH=/usr/lib/gcc/x86_64-linux-gnu/9/:/usr/lib/gcc/x86_64-linux-gnu/9/:/usr/lib/gcc/x86_64-linux-gnu/:/usr/lib/gcc/x86_64-linux-gnu/9/:/usr/lib/gcc/x86_64-linux-gnu/]
  ignore line: [LIBRARY_PATH=/usr/lib/gcc/x86_64-linux-gnu/9/:/usr/lib/gcc/x86_64-linux-gnu/9/../../../x86_64-linux-gnu/:/usr/lib/gcc/x86_64-linux-gnu/9/../../../../lib/:/lib/x86_64-linux-gnu/:/lib/../lib/:/usr/lib/x86_64-linux-gnu/:/usr/lib/../lib/:/usr/lib/gcc/x86_64-linux-gnu/9/../../../:/lib/:/usr/lib/]
  ignore line: [COLLECT_GCC_OPTIONS='-v' '-o' 'CMakeFiles/cmTC_7bfae.dir/CMakeCCompilerABI.c.o' '-c' '-mtune=generic' '-march=x86-64']
  ignore line: [Linking C executable cmTC_7bfae]
  ignore line: [/usr/bin/cmake -E cmake_link_script CMakeFiles/cmTC_7bfae.dir/link.txt --verbose=1]
  ignore line: [/usr/bin/cc     -v -rdynamic CMakeFiles/cmTC_7bfae.dir/CMakeCCompilerABI.c.o  -o cmTC_7bfae ]
  ignore line: [Using built-in specs.]
  ignore line: [COLLECT_GCC=/usr/bin/cc]
  ignore line: [COLLECT_LTO_WRAPPER=/usr/lib/gcc/x86_64-linux-gnu/9/lto-wrapper]
  ignore line: [OFFLOAD_TARGET_NAMES=nvptx-none:hsa]
  ignore line: [OFFLOAD_TARGET_DEFAULT=1]
  ignore line: [Target: x86_64-linux-gnu]
  ignore line: [Configured with: ../src/configure -v --with-pkgversion='Ubuntu 9.4.0-1ubuntu1~20.04.2' --with-bugurl=file:///usr/share/doc/gcc-9/README.Bugs --enable-languages=c ada c++ go brig d fortran objc obj-c++ gm2 --prefix=/usr --with-gcc-major-version-only --program-suffix=-9 --program-prefix=x86_64-linux-gnu- --enable-shared --enable-linker-build-id --libexecdir=/usr/lib --without-included-gettext --enable-threads=posix --libdir=/usr/lib --enable-nls --enable-clocale=gnu --enable-libstdcxx-debug --enable-libstdcxx-time=yes --with-default-libstdcxx-abi=new --enable-gnu-unique-object --disable-vtable-verify --enable-plugin --enable-default-pie --with-system-zlib --with-target-system-zlib=auto --enable-objc-gc=auto --enable-multiarch --disable-werror --with-arch-32=i686 --with-abi=m64 --with-multilib-list=m32 m64 mx32 --enable-multilib --with-tune=generic --enable-offload-targets=nvptx-none=/build/gcc-9-9QDOt0/gcc-9-9.4.0/debian/tmp-nvptx/usr hsa --without-cuda-driver --enable-checking=release --build=x86_64-linux-gnu --host=x86_64-linux-gnu --target=x86_64-linux-gnu]
  ignore line: [Thread model: posix]
  ignore line: [gcc version 9.4.0 (Ubuntu 9.4.0-1ubuntu1~20.04.2) ]
  ignore line: [COMPILER_PATH=/usr/lib/gcc/x86_64-linux-gnu/9/:/usr/lib/gcc/x86_64-linux-gnu/9/:/usr/lib/gcc/x86_64-linux-gnu/:/usr/lib/gcc/x86_64-linux-gnu/9/:/usr/lib/gcc/x86_64-linux-gnu/]
  ignore line: [LIBRARY_PATH=/usr/lib/gcc/x86_64-linux-gnu/9/:/usr/lib/gcc/x86_64-linux-gnu/9/../../../x86_64-linux-gnu/:/usr/lib/gcc/x86_64-linux-gnu/9/../../../../lib/:/lib/x86_64-linux-gnu/:/lib/../lib/:/usr/lib/x86_64-linux-gnu/:/usr/lib/../lib/:/usr/lib/gcc/x86_64-linux-gnu/9/../../../:/lib/:/usr/lib/]
  ignore line: [COLLECT_GCC_OPTIONS='-v' '-rdynamic' '-o' 'cmTC_7bfae' '-mtune=generic' '-march=x86-64']
  link line: [ /usr/lib/gcc/x86_64-linux-gnu/9/collect2 -plugin /usr/lib/gcc/x86_64-linux-gnu/9/liblto_plugin.so -plugin-opt=/usr/lib/gcc/x86_64-linux-gnu/9/lto-wrapper -plugin-opt=-fresolution=/tmp/ccxaE6JS.res -plugin-opt=-pass-through=-lgcc -plugin-opt=-pass-through=-lgcc_s -plugin-opt=-pass-through=-lc -plugin-opt=-pass-through=-lgcc -plugin-opt=-pass-through=-lgcc_s --build-id --eh-frame-hdr -m elf_x86_64 --hash-style=gnu --as-needed -export-dynamic -dynamic-linker /lib64/ld-linux-x86-64.so.2 -pie -z now -z relro -o cmTC_7bfae /usr/lib/gcc/x86_64-linux-gnu/9/../../../x86_64-linux-gnu/Scrt1.o /usr/lib/gcc/x86_64-linux-gnu/9/../../../x86_64-linux-gnu/crti.o /usr/lib/gcc/x86_64-linux-gnu/9/crtbeginS.o -L/usr/lib/gcc/x86_64-linux-gnu/9 -L/usr/lib/gcc/x86_64-linux-gnu/9/../../../x86_64-linux-gnu -L/usr/lib/gcc/x86_64-linux-gnu/9/../../../../lib -L/lib/x86_64-linux-gnu -L/lib/../lib -L/usr/lib/x86_64-linux-gnu -L/usr/lib/../lib -L/usr/lib/gcc/x86_64-linux-gnu/9/../../.. CMakeFiles/cmTC_7bfae.dir/CMakeCCompilerABI.c.o -lgcc --push-state --as-needed -lgcc_s --pop-state -lc -lgcc --push-state --as-needed -lgcc_s --pop-state /usr/lib/gcc/x86_64-linux-gnu/9/crtendS.o /usr/lib/gcc/x86_64-linux-gnu/9/../../../x86_64-linux-gnu/crtn.o]
    arg [/usr/lib/gcc/x86_64-linux-gnu/9/collect2] ==> ignore
    arg [-plugin] ==> ignore
    arg [/usr/lib/gcc/x86_64-linux-gnu/9/liblto_plugin.so] ==> ignore
    arg [-plugin-opt=/usr/lib/gcc/x86_64-linux-gnu/9/lto-wrapper] ==> ignore
    arg [-plugin-opt=-fresolution=/tmp/ccxaE6JS.res] ==> ignore
    arg [-plugin-opt=-pass-through=-lgcc] ==> ignore
    arg [-plugin-opt=-pass-through=-lgcc_s] ==> ignore
    arg [-plugin-opt=-pass-through=-lc] ==> ignore
    arg [-plugin-opt=-pass-through=-lgcc] ==> ignore
    arg [-plugin-opt=-pass-through=-lgcc_s] ==> ignore
    arg [--build-id] ==> ignore
    arg [--eh-frame-hdr] ==> ignore
    arg [-m] ==> ignore
    arg [elf_x86_64] ==> ignore
    arg [--hash-style=gnu] ==> ignore
    arg [--as-needed] ==> ignore
    arg [-export-dynamic] ==> ignore
    arg [-dynamic-linker] ==> ignore
    arg [/lib64/ld-linux-x86-64.so.2] ==> ignore
    arg [-pie] ==> ignore
    arg [-znow] ==> ignore
    arg [-zrelro] ==> ignore
    arg [-o] ==> ignore
    arg [cmTC_7bfae] ==> ignore
    arg [/usr/lib/gcc/x86_64-linux-gnu/9/../../../x86_64-linux-gnu/Scrt1.o] ==> ignore
    arg [/usr/lib/gcc/x86_64-linux-gnu/9/../../../x86_64-linux-gnu/crti.o] ==> ignore
    arg [/usr/lib/gcc/x86_64-linux-gnu/9/crtbeginS.o] ==> ignore
    arg [-L/usr/lib/gcc/x86_64-linux-gnu/9] ==> dir [/usr/lib/gcc/x86_64-linux-gnu/9]
    arg [-L/usr/lib/gcc/x86_64-linux-gnu/9/../../../x86_64-linux-gnu] ==> dir [/usr/lib/gcc/x86_64-linux-gnu/9/../../../x86_64-linux-gnu]
    arg [-L/usr/lib/gcc/x86_64-linux-gnu/9/../../../../lib] ==> dir [/usr/lib/gcc/x86_64-linux-gnu/9/../../../../lib]
    arg [-L/lib/x86_64-linux-gnu] ==> dir [/lib/x86_64-linux-gnu]
    arg [-L/lib/../lib] ==> dir [/lib/../lib]
    arg [-L/usr/lib/x86_64-linux-gnu] ==> dir [/usr/lib/x86_64-linux-gnu]
    arg [-L/usr/lib/../lib] ==> dir [/usr/lib/../lib]
    arg [-L/usr/lib/gcc/x86_64-linux-gnu/9/../../..] ==> dir [/usr/lib/gcc/x86_64-linux-gnu/9/../../..]
    arg [CMakeFiles/cmTC_7bfae.dir/CMakeCCompilerABI.c.o] ==> ignore
    arg [-lgcc] ==> lib [gcc]
    arg [--push-state] ==> ignore
    arg [--as-needed] ==> ignore
    arg [-lgcc_s] ==> lib [gcc_s]
    arg [--pop-state] ==> ignore
    arg [-lc] ==> lib [c]
    arg [-lgcc] ==> lib [gcc]
    arg [--push-state] ==> ignore
    arg [--as-needed] ==> ignore
    arg [-lgcc_s] ==> lib [gcc_s]
    arg [--pop-state] ==> ignore
    arg [/usr/lib/gcc/x86_64-linux-gnu/9/crtendS.o] ==> ignore
    arg [/usr/lib/gcc/x86_64-linux-gnu/9/../../../x86_64-linux-gnu/crtn.o] ==> ignore
  collapse library dir [/usr/lib/gcc/x86_64-linux-gnu/9] ==> [/usr/lib/gcc/x86_64-linux-gnu/9]
  collapse library dir [/usr/lib/gcc/x86_64-linux-gnu/9/../../../x86_64-linux-gnu] ==> [/usr/lib/x86_64-linux-gnu]
  collapse library dir [/usr/lib/gcc/x86_64-linux-gnu/9/../../../../lib] ==> [/usr/lib]
  collapse library dir [/lib/x86_64-linux-gnu] ==> [/lib/x86_64-linux-gnu]
  collapse library dir [/lib/../lib] ==> [/lib]
  collapse library dir [/usr/lib/x86_64-linux-gnu] ==> [/usr/lib/x86_64-linux-gnu]
  collapse library dir [/usr/lib/../lib] ==> [/usr/lib]
  collapse library dir [/usr/lib/gcc/x86_64-linux-gnu/9/../../..] ==> [/usr/lib]
  implicit libs: [gcc;gcc_s;c;gcc;gcc_s]
  implicit dirs: [/usr/lib/gcc/x86_64-linux-gnu/9;/usr/lib/x86_64-linux-gnu;/usr/lib;/lib/x86_64-linux-gnu;/lib]
  implicit fwks: []


Determining if the CXX compiler works passed with the following output:
Change Dir: /root/catkin_ws/newui_Greyform/build/CMakeFiles/CMakeTmp

Run Build Command(s):/usr/bin/make cmTC_82768/fast && /usr/bin/make -f CMakeFiles/cmTC_82768.dir/build.make CMakeFiles/cmTC_82768.dir/build
make[1]: Entering directory '/root/catkin_ws/newui_Greyform/build/CMakeFiles/CMakeTmp'
Building CXX object CMakeFiles/cmTC_82768.dir/testCXXCompiler.cxx.o
/usr/bin/c++     -o CMakeFiles/cmTC_82768.dir/testCXXCompiler.cxx.o -c /root/catkin_ws/newui_Greyform/build/CMakeFiles/CMakeTmp/testCXXCompiler.cxx
Linking CXX executable cmTC_82768
/usr/bin/cmake -E cmake_link_script CMakeFiles/cmTC_82768.dir/link.txt --verbose=1
/usr/bin/c++       -rdynamic CMakeFiles/cmTC_82768.dir/testCXXCompiler.cxx.o  -o cmTC_82768 
make[1]: Leaving directory '/root/catkin_ws/newui_Greyform/build/CMakeFiles/CMakeTmp'



Detecting CXX compiler ABI info compiled with the following output:
Change Dir: /root/catkin_ws/newui_Greyform/build/CMakeFiles/CMakeTmp

Run Build Command(s):/usr/bin/make cmTC_31554/fast && /usr/bin/make -f CMakeFiles/cmTC_31554.dir/build.make CMakeFiles/cmTC_31554.dir/build
make[1]: Entering directory '/root/catkin_ws/newui_Greyform/build/CMakeFiles/CMakeTmp'
Building CXX object CMakeFiles/cmTC_31554.dir/CMakeCXXCompilerABI.cpp.o
/usr/bin/c++    -v -o CMakeFiles/cmTC_31554.dir/CMakeCXXCompilerABI.cpp.o -c /usr/share/cmake-3.16/Modules/CMakeCXXCompilerABI.cpp
Using built-in specs.
COLLECT_GCC=/usr/bin/c++
OFFLOAD_TARGET_NAMES=nvptx-none:hsa
OFFLOAD_TARGET_DEFAULT=1
Target: x86_64-linux-gnu
Configured with: ../src/configure -v --with-pkgversion='Ubuntu 9.4.0-1ubuntu1~20.04.2' --with-bugurl=file:///usr/share/doc/gcc-9/README.Bugs --enable-languages=c,ada,c++,go,brig,d,fortran,objc,obj-c++,gm2 --prefix=/usr --with-gcc-major-version-only --program-suffix=-9 --program-prefix=x86_64-linux-gnu- --enable-shared --enable-linker-build-id --libexecdir=/usr/lib --without-included-gettext --enable-threads=posix --libdir=/usr/lib --enable-nls --enable-clocale=gnu --enable-libstdcxx-debug --enable-libstdcxx-time=yes --with-default-libstdcxx-abi=new --enable-gnu-unique-object --disable-vtable-verify --enable-plugin --enable-default-pie --with-system-zlib --with-target-system-zlib=auto --enable-objc-gc=auto --enable-multiarch --disable-werror --with-arch-32=i686 --with-abi=m64 --with-multilib-list=m32,m64,mx32 --enable-multilib --with-tune=generic --enable-offload-targets=nvptx-none=/build/gcc-9-9QDOt0/gcc-9-9.4.0/debian/tmp-nvptx/usr,hsa --without-cuda-driver --enable-checking=release --build=x86_64-linux-gnu --host=x86_64-linux-gnu --target=x86_64-linux-gnu
Thread model: posix
gcc version 9.4.0 (Ubuntu 9.4.0-1ubuntu1~20.04.2) 
COLLECT_GCC_OPTIONS='-v' '-o' 'CMakeFiles/cmTC_31554.dir/CMakeCXXCompilerABI.cpp.o' '-c' '-shared-libgcc' '-mtune=generic' '-march=x86-64'
 /usr/lib/gcc/x86_64-linux-gnu/9/cc1plus -quiet -v -imultiarch x86_64-linux-gnu -D_GNU_SOURCE /usr/share/cmake-3.16/Modules/CMakeCXXCompilerABI.cpp -quiet -dumpbase CMakeCXXCompilerABI.cpp -mtune=generic -march=x86-64 -auxbase-strip CMakeFiles/cmTC_31554.dir/CMakeCXXCompilerABI.cpp.o -version -fasynchronous-unwind-tables -fstack-protector-strong -Wformat -Wformat-security -fstack-clash-protection -fcf-protection -o /tmp/cc2L7Cct.s
GNU C++14 (Ubuntu 9.4.0-1ubuntu1~20.04.2) version 9.4.0 (x86_64-linux-gnu)
	compiled by GNU C version 9.4.0, GMP version 6.2.0, MPFR version 4.0.2, MPC version 1.1.0, isl version isl-0.22.1-GMP

GGC heuristics: --param ggc-min-expand=100 --param ggc-min-heapsize=131072
ignoring duplicate directory "/usr/include/x86_64-linux-gnu/c++/9"
ignoring nonexistent directory "/usr/local/include/x86_64-linux-gnu"
ignoring nonexistent directory "/usr/lib/gcc/x86_64-linux-gnu/9/include-fixed"
ignoring nonexistent directory "/usr/lib/gcc/x86_64-linux-gnu/9/../../../../x86_64-linux-gnu/include"
#include "..." search starts here:
#include <...> search starts here:
 /usr/include/c++/9
 /usr/include/x86_64-linux-gnu/c++/9
 /usr/include/c++/9/backward
 /usr/lib/gcc/x86_64-linux-gnu/9/include
 /usr/local/include
 /usr/include/x86_64-linux-gnu
 /usr/include
End of search list.
GNU C++14 (Ubuntu 9.4.0-1ubuntu1~20.04.2) version 9.4.0 (x86_64-linux-gnu)
	compiled by GNU C version 9.4.0, GMP version 6.2.0, MPFR version 4.0.2, MPC version 1.1.0, isl version isl-0.22.1-GMP

GGC heuristics: --param ggc-min-expand=100 --param ggc-min-heapsize=131072
Compiler executable checksum: 3d1eba838554fa2348dba760e4770469
COLLECT_GCC_OPTIONS='-v' '-o' 'CMakeFiles/cmTC_31554.dir/CMakeCXXCompilerABI.cpp.o' '-c' '-shared-libgcc' '-mtune=generic' '-march=x86-64'
 as -v --64 -o CMakeFiles/cmTC_31554.dir/CMakeCXXCompilerABI.cpp.o /tmp/cc2L7Cct.s
GNU assembler version 2.34 (x86_64-linux-gnu) using BFD version (GNU Binutils for Ubuntu) 2.34
COMPILER_PATH=/usr/lib/gcc/x86_64-linux-gnu/9/:/usr/lib/gcc/x86_64-linux-gnu/9/:/usr/lib/gcc/x86_64-linux-gnu/:/usr/lib/gcc/x86_64-linux-gnu/9/:/usr/lib/gcc/x86_64-linux-gnu/
LIBRARY_PATH=/usr/lib/gcc/x86_64-linux-gnu/9/:/usr/lib/gcc/x86_64-linux-gnu/9/../../../x86_64-linux-gnu/:/usr/lib/gcc/x86_64-linux-gnu/9/../../../../lib/:/lib/x86_64-linux-gnu/:/lib/../lib/:/usr/lib/x86_64-linux-gnu/:/usr/lib/../lib/:/usr/lib/gcc/x86_64-linux-gnu/9/../../../:/lib/:/usr/lib/
COLLECT_GCC_OPTIONS='-v' '-o' 'CMakeFiles/cmTC_31554.dir/CMakeCXXCompilerABI.cpp.o' '-c' '-shared-libgcc' '-mtune=generic' '-march=x86-64'
Linking CXX executable cmTC_31554
/usr/bin/cmake -E cmake_link_script CMakeFiles/cmTC_31554.dir/link.txt --verbose=1
/usr/bin/c++      -v -rdynamic CMakeFiles/cmTC_31554.dir/CMakeCXXCompilerABI.cpp.o  -o cmTC_31554 
Using built-in specs.
COLLECT_GCC=/usr/bin/c++
COLLECT_LTO_WRAPPER=/usr/lib/gcc/x86_64-linux-gnu/9/lto-wrapper
OFFLOAD_TARGET_NAMES=nvptx-none:hsa
OFFLOAD_TARGET_DEFAULT=1
Target: x86_64-linux-gnu
Configured with: ../src/configure -v --with-pkgversion='Ubuntu 9.4.0-1ubuntu1~20.04.2' --with-bugurl=file:///usr/share/doc/gcc-9/README.Bugs --enable-languages=c,ada,c++,go,brig,d,fortran,objc,obj-c++,gm2 --prefix=/usr --with-gcc-major-version-only --program-suffix=-9 --program-prefix=x86_64-linux-gnu- --enable-shared --enable-linker-build-id --libexecdir=/usr/lib --without-included-gettext --enable-threads=posix --libdir=/usr/lib --enable-nls --enable-clocale=gnu --enable-libstdcxx-debug --enable-libstdcxx-time=yes --with-default-libstdcxx-abi=new --enable-gnu-unique-object --disable-vtable-verify --enable-plugin --enable-default-pie --with-system-zlib --with-target-system-zlib=auto --enable-objc-gc=auto --enable-multiarch --disable-werror --with-arch-32=i686 --with-abi=m64 --with-multilib-list=m32,m64,mx32 --enable-multilib --with-tune=generic --enable-offload-targets=nvptx-none=/build/gcc-9-9QDOt0/gcc-9-9.4.0/debian/tmp-nvptx/usr,hsa --without-cuda-driver --enable-checking=release --build=x86_64-linux-gnu --host=x86_64-linux-gnu --target=x86_64-linux-gnu
Thread model: posix
gcc version 9.4.0 (Ubuntu 9.4.0-1ubuntu1~20.04.2) 
COMPILER_PATH=/usr/lib/gcc/x86_64-linux-gnu/9/:/usr/lib/gcc/x86_64-linux-gnu/9/:/usr/lib/gcc/x86_64-linux-gnu/:/usr/lib/gcc/x86_64-linux-gnu/9/:/usr/lib/gcc/x86_64-linux-gnu/
LIBRARY_PATH=/usr/lib/gcc/x86_64-linux-gnu/9/:/usr/lib/gcc/x86_64-linux-gnu/9/../../../x86_64-linux-gnu/:/usr/lib/gcc/x86_64-linux-gnu/9/../../../../lib/:/lib/x86_64-linux-gnu/:/lib/../lib/:/usr/lib/x86_64-linux-gnu/:/usr/lib/../lib/:/usr/lib/gcc/x86_64-linux-gnu/9/../../../:/lib/:/usr/lib/
COLLECT_GCC_OPTIONS='-v' '-rdynamic' '-o' 'cmTC_31554' '-shared-libgcc' '-mtune=generic' '-march=x86-64'
 /usr/lib/gcc/x86_64-linux-gnu/9/collect2 -plugin /usr/lib/gcc/x86_64-linux-gnu/9/liblto_plugin.so -plugin-opt=/usr/lib/gcc/x86_64-linux-gnu/9/lto-wrapper -plugin-opt=-fresolution=/tmp/cc7Yw1MT.res -plugin-opt=-pass-through=-lgcc_s -plugin-opt=-pass-through=-lgcc -plugin-opt=-pass-through=-lc -plugin-opt=-pass-through=-lgcc_s -plugin-opt=-pass-through=-lgcc --build-id --eh-frame-hdr -m elf_x86_64 --hash-style=gnu --as-needed -export-dynamic -dynamic-linker /lib64/ld-linux-x86-64.so.2 -pie -z now -z relro -o cmTC_31554 /usr/lib/gcc/x86_64-linux-gnu/9/../../../x86_64-linux-gnu/Scrt1.o /usr/lib/gcc/x86_64-linux-gnu/9/../../../x86_64-linux-gnu/crti.o /usr/lib/gcc/x86_64-linux-gnu/9/crtbeginS.o -L/usr/lib/gcc/x86_64-linux-gnu/9 -L/usr/lib/gcc/x86_64-linux-gnu/9/../../../x86_64-linux-gnu -L/usr/lib/gcc/x86_64-linux-gnu/9/../../../../lib -L/lib/x86_64-linux-gnu -L/lib/../lib -L/usr/lib/x86_64-linux-gnu -L/usr/lib/../lib -L/usr/lib/gcc/x86_64-linux-gnu/9/../../.. CMakeFiles/cmTC_31554.dir/CMakeCXXCompilerABI.cpp.o -lstdc++ -lm -lgcc_s -lgcc -lc -lgcc_s -lgcc /usr/lib/gcc/x86_64-linux-gnu/9/crtendS.o /usr/lib/gcc/x86_64-linux-gnu/9/../../../x86_64-linux-gnu/crtn.o
COLLECT_GCC_OPTIONS='-v' '-rdynamic' '-o' 'cmTC_31554' '-shared-libgcc' '-mtune=generic' '-march=x86-64'
make[1]: Leaving directory '/root/catkin_ws/newui_Greyform/build/CMakeFiles/CMakeTmp'



Parsed CXX implicit include dir info from above output: rv=done
  found start of include info
  found start of implicit include info
    add: [/usr/include/c++/9]
    add: [/usr/include/x86_64-linux-gnu/c++/9]
    add: [/usr/include/c++/9/backward]
    add: [/usr/lib/gcc/x86_64-linux-gnu/9/include]
    add: [/usr/local/include]
    add: [/usr/include/x86_64-linux-gnu]
    add: [/usr/include]
  end of search list found
  collapse include dir [/usr/include/c++/9] ==> [/usr/include/c++/9]
  collapse include dir [/usr/include/x86_64-linux-gnu/c++/9] ==> [/usr/include/x86_64-linux-gnu/c++/9]
  collapse include dir [/usr/include/c++/9/backward] ==> [/usr/include/c++/9/backward]
  collapse include dir [/usr/lib/gcc/x86_64-linux-gnu/9/include] ==> [/usr/lib/gcc/x86_64-linux-gnu/9/include]
  collapse include dir [/usr/local/include] ==> [/usr/local/include]
  collapse include dir [/usr/include/x86_64-linux-gnu] ==> [/usr/include/x86_64-linux-gnu]
  collapse include dir [/usr/include] ==> [/usr/include]
  implicit include dirs: [/usr/include/c++/9;/usr/include/x86_64-linux-gnu/c++/9;/usr/include/c++/9/backward;/usr/lib/gcc/x86_64-linux-gnu/9/include;/usr/local/include;/usr/include/x86_64-linux-gnu;/usr/include]


Parsed CXX implicit link information from above output:
  link line regex: [^( *|.*[/\])(ld|CMAKE_LINK_STARTFILE-NOTFOUND|([^/\]+-)?ld|collect2)[^/\]*( |$)]
  ignore line: [Change Dir: /root/catkin_ws/newui_Greyform/build/CMakeFiles/CMakeTmp]
  ignore line: []
  ignore line: [Run Build Command(s):/usr/bin/make cmTC_31554/fast && /usr/bin/make -f CMakeFiles/cmTC_31554.dir/build.make CMakeFiles/cmTC_31554.dir/build]
  ignore line: [make[1]: Entering directory '/root/catkin_ws/newui_Greyform/build/CMakeFiles/CMakeTmp']
  ignore line: [Building CXX object CMakeFiles/cmTC_31554.dir/CMakeCXXCompilerABI.cpp.o]
  ignore line: [/usr/bin/c++    -v -o CMakeFiles/cmTC_31554.dir/CMakeCXXCompilerABI.cpp.o -c /usr/share/cmake-3.16/Modules/CMakeCXXCompilerABI.cpp]
  ignore line: [Using built-in specs.]
  ignore line: [COLLECT_GCC=/usr/bin/c++]
  ignore line: [OFFLOAD_TARGET_NAMES=nvptx-none:hsa]
  ignore line: [OFFLOAD_TARGET_DEFAULT=1]
  ignore line: [Target: x86_64-linux-gnu]
  ignore line: [Configured with: ../src/configure -v --with-pkgversion='Ubuntu 9.4.0-1ubuntu1~20.04.2' --with-bugurl=file:///usr/share/doc/gcc-9/README.Bugs --enable-languages=c ada c++ go brig d fortran objc obj-c++ gm2 --prefix=/usr --with-gcc-major-version-only --program-suffix=-9 --program-prefix=x86_64-linux-gnu- --enable-shared --enable-linker-build-id --libexecdir=/usr/lib --without-included-gettext --enable-threads=posix --libdir=/usr/lib --enable-nls --enable-clocale=gnu --enable-libstdcxx-debug --enable-libstdcxx-time=yes --with-default-libstdcxx-abi=new --enable-gnu-unique-object --disable-vtable-verify --enable-plugin --enable-default-pie --with-system-zlib --with-target-system-zlib=auto --enable-objc-gc=auto --enable-multiarch --disable-werror --with-arch-32=i686 --with-abi=m64 --with-multilib-list=m32 m64 mx32 --enable-multilib --with-tune=generic --enable-offload-targets=nvptx-none=/build/gcc-9-9QDOt0/gcc-9-9.4.0/debian/tmp-nvptx/usr hsa --without-cuda-driver --enable-checking=release --build=x86_64-linux-gnu --host=x86_64-linux-gnu --target=x86_64-linux-gnu]
  ignore line: [Thread model: posix]
  ignore line: [gcc version 9.4.0 (Ubuntu 9.4.0-1ubuntu1~20.04.2) ]
  ignore line: [COLLECT_GCC_OPTIONS='-v' '-o' 'CMakeFiles/cmTC_31554.dir/CMakeCXXCompilerABI.cpp.o' '-c' '-shared-libgcc' '-mtune=generic' '-march=x86-64']
  ignore line: [ /usr/lib/gcc/x86_64-linux-gnu/9/cc1plus -quiet -v -imultiarch x86_64-linux-gnu -D_GNU_SOURCE /usr/share/cmake-3.16/Modules/CMakeCXXCompilerABI.cpp -quiet -dumpbase CMakeCXXCompilerABI.cpp -mtune=generic -march=x86-64 -auxbase-strip CMakeFiles/cmTC_31554.dir/CMakeCXXCompilerABI.cpp.o -version -fasynchronous-unwind-tables -fstack-protector-strong -Wformat -Wformat-security -fstack-clash-protection -fcf-protection -o /tmp/cc2L7Cct.s]
  ignore line: [GNU C++14 (Ubuntu 9.4.0-1ubuntu1~20.04.2) version 9.4.0 (x86_64-linux-gnu)]
  ignore line: [	compiled by GNU C version 9.4.0  GMP version 6.2.0  MPFR version 4.0.2  MPC version 1.1.0  isl version isl-0.22.1-GMP]
  ignore line: []
  ignore line: [GGC heuristics: --param ggc-min-expand=100 --param ggc-min-heapsize=131072]
  ignore line: [ignoring duplicate directory "/usr/include/x86_64-linux-gnu/c++/9"]
  ignore line: [ignoring nonexistent directory "/usr/local/include/x86_64-linux-gnu"]
  ignore line: [ignoring nonexistent directory "/usr/lib/gcc/x86_64-linux-gnu/9/include-fixed"]
  ignore line: [ignoring nonexistent directory "/usr/lib/gcc/x86_64-linux-gnu/9/../../../../x86_64-linux-gnu/include"]
  ignore line: [#include "..." search starts here:]
  ignore line: [#include <...> search starts here:]
  ignore line: [ /usr/include/c++/9]
  ignore line: [ /usr/include/x86_64-linux-gnu/c++/9]
  ignore line: [ /usr/include/c++/9/backward]
  ignore line: [ /usr/lib/gcc/x86_64-linux-gnu/9/include]
  ignore line: [ /usr/local/include]
  ignore line: [ /usr/include/x86_64-linux-gnu]
  ignore line: [ /usr/include]
  ignore line: [End of search list.]
  ignore line: [GNU C++14 (Ubuntu 9.4.0-1ubuntu1~20.04.2) version 9.4.0 (x86_64-linux-gnu)]
  ignore line: [	compiled by GNU C version 9.4.0  GMP version 6.2.0  MPFR version 4.0.2  MPC version 1.1.0  isl version isl-0.22.1-GMP]
  ignore line: []
  ignore line: [GGC heuristics: --param ggc-min-expand=100 --param ggc-min-heapsize=131072]
  ignore line: [Compiler executable checksum: 3d1eba838554fa2348dba760e4770469]
  ignore line: [COLLECT_GCC_OPTIONS='-v' '-o' 'CMakeFiles/cmTC_31554.dir/CMakeCXXCompilerABI.cpp.o' '-c' '-shared-libgcc' '-mtune=generic' '-march=x86-64']
  ignore line: [ as -v --64 -o CMakeFiles/cmTC_31554.dir/CMakeCXXCompilerABI.cpp.o /tmp/cc2L7Cct.s]
  ignore line: [GNU assembler version 2.34 (x86_64-linux-gnu) using BFD version (GNU Binutils for Ubuntu) 2.34]
  ignore line: [COMPILER_PATH=/usr/lib/gcc/x86_64-linux-gnu/9/:/usr/lib/gcc/x86_64-linux-gnu/9/:/usr/lib/gcc/x86_64-linux-gnu/:/usr/lib/gcc/x86_64-linux-gnu/9/:/usr/lib/gcc/x86_64-linux-gnu/]
  ignore line: [LIBRARY_PATH=/usr/lib/gcc/x86_64-linux-gnu/9/:/usr/lib/gcc/x86_64-linux-gnu/9/../../../x86_64-linux-gnu/:/usr/lib/gcc/x86_64-linux-gnu/9/../../../../lib/:/lib/x86_64-linux-gnu/:/lib/../lib/:/usr/lib/x86_64-linux-gnu/:/usr/lib/../lib/:/usr/lib/gcc/x86_64-linux-gnu/9/../../../:/lib/:/usr/lib/]
  ignore line: [COLLECT_GCC_OPTIONS='-v' '-o' 'CMakeFiles/cmTC_31554.dir/CMakeCXXCompilerABI.cpp.o' '-c' '-shared-libgcc' '-mtune=generic' '-march=x86-64']
  ignore line: [Linking CXX executable cmTC_31554]
  ignore line: [/usr/bin/cmake -E cmake_link_script CMakeFiles/cmTC_31554.dir/link.txt --verbose=1]
  ignore line: [/usr/bin/c++      -v -rdynamic CMakeFiles/cmTC_31554.dir/CMakeCXXCompilerABI.cpp.o  -o cmTC_31554 ]
  ignore line: [Using built-in specs.]
  ignore line: [COLLECT_GCC=/usr/bin/c++]
  ignore line: [COLLECT_LTO_WRAPPER=/usr/lib/gcc/x86_64-linux-gnu/9/lto-wrapper]
  ignore line: [OFFLOAD_TARGET_NAMES=nvptx-none:hsa]
  ignore line: [OFFLOAD_TARGET_DEFAULT=1]
  ignore line: [Target: x86_64-linux-gnu]
  ignore line: [Configured with: ../src/configure -v --with-pkgversion='Ubuntu 9.4.0-1ubuntu1~20.04.2' --with-bugurl=file:///usr/share/doc/gcc-9/README.Bugs --enable-languages=c ada c++ go brig d fortran objc obj-c++ gm2 --prefix=/usr --with-gcc-major-version-only --program-suffix=-9 --program-prefix=x86_64-linux-gnu- --enable-shared --enable-linker-build-id --libexecdir=/usr/lib --without-included-gettext --enable-threads=posix --libdir=/usr/lib --enable-nls --enable-clocale=gnu --enable-libstdcxx-debug --enable-libstdcxx-time=yes --with-default-libstdcxx-abi=new --enable-gnu-unique-object --disable-vtable-verify --enable-plugin --enable-default-pie --with-system-zlib --with-target-system-zlib=auto --enable-objc-gc=auto --enable-multiarch --disable-werror --with-arch-32=i686 --with-abi=m64 --with-multilib-list=m32 m64 mx32 --enable-multilib --with-tune=generic --enable-offload-targets=nvptx-none=/build/gcc-9-9QDOt0/gcc-9-9.4.0/debian/tmp-nvptx/usr hsa --without-cuda-driver --enable-checking=release --build=x86_64-linux-gnu --host=x86_64-linux-gnu --target=x86_64-linux-gnu]
  ignore line: [Thread model: posix]
  ignore line: [gcc version 9.4.0 (Ubuntu 9.4.0-1ubuntu1~20.04.2) ]
  ignore line: [COMPILER_PATH=/usr/lib/gcc/x86_64-linux-gnu/9/:/usr/lib/gcc/x86_64-linux-gnu/9/:/usr/lib/gcc/x86_64-linux-gnu/:/usr/lib/gcc/x86_64-linux-gnu/9/:/usr/lib/gcc/x86_64-linux-gnu/]
  ignore line: [LIBRARY_PATH=/usr/lib/gcc/x86_64-linux-gnu/9/:/usr/lib/gcc/x86_64-linux-gnu/9/../../../x86_64-linux-gnu/:/usr/lib/gcc/x86_64-linux-gnu/9/../../../../lib/:/lib/x86_64-linux-gnu/:/lib/../lib/:/usr/lib/x86_64-linux-gnu/:/usr/lib/../lib/:/usr/lib/gcc/x86_64-linux-gnu/9/../../../:/lib/:/usr/lib/]
  ignore line: [COLLECT_GCC_OPTIONS='-v' '-rdynamic' '-o' 'cmTC_31554' '-shared-libgcc' '-mtune=generic' '-march=x86-64']
  link line: [ /usr/lib/gcc/x86_64-linux-gnu/9/collect2 -plugin /usr/lib/gcc/x86_64-linux-gnu/9/liblto_plugin.so -plugin-opt=/usr/lib/gcc/x86_64-linux-gnu/9/lto-wrapper -plugin-opt=-fresolution=/tmp/cc7Yw1MT.res -plugin-opt=-pass-through=-lgcc_s -plugin-opt=-pass-through=-lgcc -plugin-opt=-pass-through=-lc -plugin-opt=-pass-through=-lgcc_s -plugin-opt=-pass-through=-lgcc --build-id --eh-frame-hdr -m elf_x86_64 --hash-style=gnu --as-needed -export-dynamic -dynamic-linker /lib64/ld-linux-x86-64.so.2 -pie -z now -z relro -o cmTC_31554 /usr/lib/gcc/x86_64-linux-gnu/9/../../../x86_64-linux-gnu/Scrt1.o /usr/lib/gcc/x86_64-linux-gnu/9/../../../x86_64-linux-gnu/crti.o /usr/lib/gcc/x86_64-linux-gnu/9/crtbeginS.o -L/usr/lib/gcc/x86_64-linux-gnu/9 -L/usr/lib/gcc/x86_64-linux-gnu/9/../../../x86_64-linux-gnu -L/usr/lib/gcc/x86_64-linux-gnu/9/../../../../lib -L/lib/x86_64-linux-gnu -L/lib/../lib -L/usr/lib/x86_64-linux-gnu -L/usr/lib/../lib -L/usr/lib/gcc/x86_64-linux-gnu/9/../../.. CMakeFiles/cmTC_31554.dir/CMakeCXXCompilerABI.cpp.o -lstdc++ -lm -lgcc_s -lgcc -lc -lgcc_s -lgcc /usr/lib/gcc/x86_64-linux-gnu/9/crtendS.o /usr/lib/gcc/x86_64-linux-gnu/9/../../../x86_64-linux-gnu/crtn.o]
    arg [/usr/lib/gcc/x86_64-linux-gnu/9/collect2] ==> ignore
    arg [-plugin] ==> ignore
    arg [/usr/lib/gcc/x86_64-linux-gnu/9/liblto_plugin.so] ==> ignore
    arg [-plugin-opt=/usr/lib/gcc/x86_64-linux-gnu/9/lto-wrapper] ==> ignore
    arg [-plugin-opt=-fresolution=/tmp/cc7Yw1MT.res] ==> ignore
    arg [-plugin-opt=-pass-through=-lgcc_s] ==> ignore
    arg [-plugin-opt=-pass-through=-lgcc] ==> ignore
    arg [-plugin-opt=-pass-through=-lc] ==> ignore
    arg [-plugin-opt=-pass-through=-lgcc_s] ==> ignore
    arg [-plugin-opt=-pass-through=-lgcc] ==> ignore
    arg [--build-id] ==> ignore
    arg [--eh-frame-hdr] ==> ignore
    arg [-m] ==> ignore
    arg [elf_x86_64] ==> ignore
    arg [--hash-style=gnu] ==> ignore
    arg [--as-needed] ==> ignore
    arg [-export-dynamic] ==> ignore
    arg [-dynamic-linker] ==> ignore
    arg [/lib64/ld-linux-x86-64.so.2] ==> ignore
    arg [-pie] ==> ignore
    arg [-znow] ==> ignore
    arg [-zrelro] ==> ignore
    arg [-o] ==> ignore
    arg [cmTC_31554] ==> ignore
    arg [/usr/lib/gcc/x86_64-linux-gnu/9/../../../x86_64-linux-gnu/Scrt1.o] ==> ignore
    arg [/usr/lib/gcc/x86_64-linux-gnu/9/../../../x86_64-linux-gnu/crti.o] ==> ignore
    arg [/usr/lib/gcc/x86_64-linux-gnu/9/crtbeginS.o] ==> ignore
    arg [-L/usr/lib/gcc/x86_64-linux-gnu/9] ==> dir [/usr/lib/gcc/x86_64-linux-gnu/9]
    arg [-L/usr/lib/gcc/x86_64-linux-gnu/9/../../../x86_64-linux-gnu] ==> dir [/usr/lib/gcc/x86_64-linux-gnu/9/../../../x86_64-linux-gnu]
    arg [-L/usr/lib/gcc/x86_64-linux-gnu/9/../../../../lib] ==> dir [/usr/lib/gcc/x86_64-linux-gnu/9/../../../../lib]
    arg [-L/lib/x86_64-linux-gnu] ==> dir [/lib/x86_64-linux-gnu]
    arg [-L/lib/../lib] ==> dir [/lib/../lib]
    arg [-L/usr/lib/x86_64-linux-gnu] ==> dir [/usr/lib/x86_64-linux-gnu]
    arg [-L/usr/lib/../lib] ==> dir [/usr/lib/../lib]
    arg [-L/usr/lib/gcc/x86_64-linux-gnu/9/../../..] ==> dir [/usr/lib/gcc/x86_64-linux-gnu/9/../../..]
    arg [CMakeFiles/cmTC_31554.dir/CMakeCXXCompilerABI.cpp.o] ==> ignore
    arg [-lstdc++] ==> lib [stdc++]
    arg [-lm] ==> lib [m]
    arg [-lgcc_s] ==> lib [gcc_s]
    arg [-lgcc] ==> lib [gcc]
    arg [-lc] ==> lib [c]
    arg [-lgcc_s] ==> lib [gcc_s]
    arg [-lgcc] ==> lib [gcc]
    arg [/usr/lib/gcc/x86_64-linux-gnu/9/crtendS.o] ==> ignore
    arg [/usr/lib/gcc/x86_64-linux-gnu/9/../../../x86_64-linux-gnu/crtn.o] ==> ignore
  collapse library dir [/usr/lib/gcc/x86_64-linux-gnu/9] ==> [/usr/lib/gcc/x86_64-linux-gnu/9]
  collapse library dir [/usr/lib/gcc/x86_64-linux-gnu/9/../../../x86_64-linux-gnu] ==> [/usr/lib/x86_64-linux-gnu]
  collapse library dir [/usr/lib/gcc/x86_64-linux-gnu/9/../../../../lib] ==> [/usr/lib]
  collapse library dir [/lib/x86_64-linux-gnu] ==> [/lib/x86_64-linux-gnu]
  collapse library dir [/lib/../lib] ==> [/lib]
  collapse library dir [/usr/lib/x86_64-linux-gnu] ==> [/usr/lib/x86_64-linux-gnu]
  collapse library dir [/usr/lib/../lib] ==> [/usr/lib]
  collapse library dir [/usr/lib/gcc/x86_64-linux-gnu/9/../../..] ==> [/usr/lib]
  implicit libs: [stdc++;m;gcc_s;gcc;c;gcc_s;gcc]
  implicit dirs: [/usr/lib/gcc/x86_64-linux-gnu/9;/usr/lib/x86_64-linux-gnu;/usr/lib;/lib/x86_64-linux-gnu;/lib]
  implicit fwks: []


Determining if the include file pthread.h exists passed with the following output:
Change Dir: /root/catkin_ws/newui_Greyform/build/CMakeFiles/CMakeTmp

Run Build Command(s):/usr/bin/make cmTC_ab36b/fast && /usr/bin/make -f CMakeFiles/cmTC_ab36b.dir/build.make CMakeFiles/cmTC_ab36b.dir/build
make[1]: Entering directory '/root/catkin_ws/newui_Greyform/build/CMakeFiles/CMakeTmp'
Building C object CMakeFiles/cmTC_ab36b.dir/CheckIncludeFile.c.o
/usr/bin/cc    -o CMakeFiles/cmTC_ab36b.dir/CheckIncludeFile.c.o   -c /root/catkin_ws/newui_Greyform/build/CMakeFiles/CMakeTmp/CheckIncludeFile.c
Linking C executable cmTC_ab36b
/usr/bin/cmake -E cmake_link_script CMakeFiles/cmTC_ab36b.dir/link.txt --verbose=1
/usr/bin/cc      -rdynamic CMakeFiles/cmTC_ab36b.dir/CheckIncludeFile.c.o  -o cmTC_ab36b 
make[1]: Leaving directory '/root/catkin_ws/newui_Greyform/build/CMakeFiles/CMakeTmp'



Determining if the function pthread_create exists in the pthread passed with the following output:
Change Dir: /root/catkin_ws/newui_Greyform/build/CMakeFiles/CMakeTmp

Run Build Command(s):/usr/bin/make cmTC_8558b/fast && /usr/bin/make -f CMakeFiles/cmTC_8558b.dir/build.make CMakeFiles/cmTC_8558b.dir/build
make[1]: Entering directory '/root/catkin_ws/newui_Greyform/build/CMakeFiles/CMakeTmp'
Building C object CMakeFiles/cmTC_8558b.dir/CheckFunctionExists.c.o
/usr/bin/cc   -DCHECK_FUNCTION_EXISTS=pthread_create   -o CMakeFiles/cmTC_8558b.dir/CheckFunctionExists.c.o   -c /usr/share/cmake-3.16/Modules/CheckFunctionExists.c
Linking C executable cmTC_8558b
/usr/bin/cmake -E cmake_link_script CMakeFiles/cmTC_8558b.dir/link.txt --verbose=1
/usr/bin/cc  -DCHECK_FUNCTION_EXISTS=pthread_create    -rdynamic CMakeFiles/cmTC_8558b.dir/CheckFunctionExists.c.o  -o cmTC_8558b  -lpthread 
make[1]: Leaving directory '/root/catkin_ws/newui_Greyform/build/CMakeFiles/CMakeTmp'



The system is: Linux - 6.8.0-47-generic - x86_64
Compiling the C compiler identification source file "CMakeCCompilerId.c" succeeded.
Compiler: /usr/bin/cc 
Build flags: 
Id flags:  

The output was:
0


Compilation of the C compiler identification source "CMakeCCompilerId.c" produced "a.out"

The C compiler identification is GNU, found in "/root/catkin_ws/newui_Greyform/build/CMakeFiles/3.16.3/CompilerIdC/a.out"

Compiling the CXX compiler identification source file "CMakeCXXCompilerId.cpp" succeeded.
Compiler: /usr/bin/c++ 
Build flags: 
Id flags:  

The output was:
0


Compilation of the CXX compiler identification source "CMakeCXXCompilerId.cpp" produced "a.out"

The CXX compiler identification is GNU, found in "/root/catkin_ws/newui_Greyform/build/CMakeFiles/3.16.3/CompilerIdCXX/a.out"

Determining if the C compiler works passed with the following output:
Change Dir: /root/catkin_ws/newui_Greyform/build/CMakeFiles/CMakeTmp

Run Build Command(s):/usr/bin/make cmTC_870a2/fast && /usr/bin/make -f CMakeFiles/cmTC_870a2.dir/build.make CMakeFiles/cmTC_870a2.dir/build
make[1]: Entering directory '/root/catkin_ws/newui_Greyform/build/CMakeFiles/CMakeTmp'
Building C object CMakeFiles/cmTC_870a2.dir/testCCompiler.c.o
/usr/bin/cc    -o CMakeFiles/cmTC_870a2.dir/testCCompiler.c.o   -c /root/catkin_ws/newui_Greyform/build/CMakeFiles/CMakeTmp/testCCompiler.c
Linking C executable cmTC_870a2
/usr/bin/cmake -E cmake_link_script CMakeFiles/cmTC_870a2.dir/link.txt --verbose=1
/usr/bin/cc      CMakeFiles/cmTC_870a2.dir/testCCompiler.c.o  -o cmTC_870a2 
make[1]: Leaving directory '/root/catkin_ws/newui_Greyform/build/CMakeFiles/CMakeTmp'



Detecting C compiler ABI info compiled with the following output:
Change Dir: /root/catkin_ws/newui_Greyform/build/CMakeFiles/CMakeTmp

Run Build Command(s):/usr/bin/make cmTC_48a87/fast && /usr/bin/make -f CMakeFiles/cmTC_48a87.dir/build.make CMakeFiles/cmTC_48a87.dir/build
make[1]: Entering directory '/root/catkin_ws/newui_Greyform/build/CMakeFiles/CMakeTmp'
Building C object CMakeFiles/cmTC_48a87.dir/CMakeCCompilerABI.c.o
/usr/bin/cc   -v -o CMakeFiles/cmTC_48a87.dir/CMakeCCompilerABI.c.o   -c /usr/share/cmake-3.16/Modules/CMakeCCompilerABI.c
Using built-in specs.
COLLECT_GCC=/usr/bin/cc
OFFLOAD_TARGET_NAMES=nvptx-none:hsa
OFFLOAD_TARGET_DEFAULT=1
Target: x86_64-linux-gnu
Configured with: ../src/configure -v --with-pkgversion='Ubuntu 9.4.0-1ubuntu1~20.04.2' --with-bugurl=file:///usr/share/doc/gcc-9/README.Bugs --enable-languages=c,ada,c++,go,brig,d,fortran,objc,obj-c++,gm2 --prefix=/usr --with-gcc-major-version-only --program-suffix=-9 --program-prefix=x86_64-linux-gnu- --enable-shared --enable-linker-build-id --libexecdir=/usr/lib --without-included-gettext --enable-threads=posix --libdir=/usr/lib --enable-nls --enable-clocale=gnu --enable-libstdcxx-debug --enable-libstdcxx-time=yes --with-default-libstdcxx-abi=new --enable-gnu-unique-object --disable-vtable-verify --enable-plugin --enable-default-pie --with-system-zlib --with-target-system-zlib=auto --enable-objc-gc=auto --enable-multiarch --disable-werror --with-arch-32=i686 --with-abi=m64 --with-multilib-list=m32,m64,mx32 --enable-multilib --with-tune=generic --enable-offload-targets=nvptx-none=/build/gcc-9-9QDOt0/gcc-9-9.4.0/debian/tmp-nvptx/usr,hsa --without-cuda-driver --enable-checking=release --build=x86_64-linux-gnu --host=x86_64-linux-gnu --target=x86_64-linux-gnu
Thread model: posix
gcc version 9.4.0 (Ubuntu 9.4.0-1ubuntu1~20.04.2) 
COLLECT_GCC_OPTIONS='-v' '-o' 'CMakeFiles/cmTC_48a87.dir/CMakeCCompilerABI.c.o' '-c' '-mtune=generic' '-march=x86-64'
 /usr/lib/gcc/x86_64-linux-gnu/9/cc1 -quiet -v -imultiarch x86_64-linux-gnu /usr/share/cmake-3.16/Modules/CMakeCCompilerABI.c -quiet -dumpbase CMakeCCompilerABI.c -mtune=generic -march=x86-64 -auxbase-strip CMakeFiles/cmTC_48a87.dir/CMakeCCompilerABI.c.o -version -fasynchronous-unwind-tables -fstack-protector-strong -Wformat -Wformat-security -fstack-clash-protection -fcf-protection -o /tmp/ccvTAmuj.s
GNU C17 (Ubuntu 9.4.0-1ubuntu1~20.04.2) version 9.4.0 (x86_64-linux-gnu)
	compiled by GNU C version 9.4.0, GMP version 6.2.0, MPFR version 4.0.2, MPC version 1.1.0, isl version isl-0.22.1-GMP

GGC heuristics: --param ggc-min-expand=100 --param ggc-min-heapsize=131072
ignoring nonexistent directory "/usr/local/include/x86_64-linux-gnu"
ignoring nonexistent directory "/usr/lib/gcc/x86_64-linux-gnu/9/include-fixed"
ignoring nonexistent directory "/usr/lib/gcc/x86_64-linux-gnu/9/../../../../x86_64-linux-gnu/include"
#include "..." search starts here:
#include <...> search starts here:
 /usr/lib/gcc/x86_64-linux-gnu/9/include
 /usr/local/include
 /usr/include/x86_64-linux-gnu
 /usr/include
End of search list.
GNU C17 (Ubuntu 9.4.0-1ubuntu1~20.04.2) version 9.4.0 (x86_64-linux-gnu)
	compiled by GNU C version 9.4.0, GMP version 6.2.0, MPFR version 4.0.2, MPC version 1.1.0, isl version isl-0.22.1-GMP

GGC heuristics: --param ggc-min-expand=100 --param ggc-min-heapsize=131072
Compiler executable checksum: 01da938ff5dc2163489aa33cb3b747a7
COLLECT_GCC_OPTIONS='-v' '-o' 'CMakeFiles/cmTC_48a87.dir/CMakeCCompilerABI.c.o' '-c' '-mtune=generic' '-march=x86-64'
 as -v --64 -o CMakeFiles/cmTC_48a87.dir/CMakeCCompilerABI.c.o /tmp/ccvTAmuj.s
GNU assembler version 2.34 (x86_64-linux-gnu) using BFD version (GNU Binutils for Ubuntu) 2.34
COMPILER_PATH=/usr/lib/gcc/x86_64-linux-gnu/9/:/usr/lib/gcc/x86_64-linux-gnu/9/:/usr/lib/gcc/x86_64-linux-gnu/:/usr/lib/gcc/x86_64-linux-gnu/9/:/usr/lib/gcc/x86_64-linux-gnu/
LIBRARY_PATH=/usr/lib/gcc/x86_64-linux-gnu/9/:/usr/lib/gcc/x86_64-linux-gnu/9/../../../x86_64-linux-gnu/:/usr/lib/gcc/x86_64-linux-gnu/9/../../../../lib/:/lib/x86_64-linux-gnu/:/lib/../lib/:/usr/lib/x86_64-linux-gnu/:/usr/lib/../lib/:/usr/lib/gcc/x86_64-linux-gnu/9/../../../:/lib/:/usr/lib/
COLLECT_GCC_OPTIONS='-v' '-o' 'CMakeFiles/cmTC_48a87.dir/CMakeCCompilerABI.c.o' '-c' '-mtune=generic' '-march=x86-64'
Linking C executable cmTC_48a87
/usr/bin/cmake -E cmake_link_script CMakeFiles/cmTC_48a87.dir/link.txt --verbose=1
/usr/bin/cc     -v CMakeFiles/cmTC_48a87.dir/CMakeCCompilerABI.c.o  -o cmTC_48a87 
Using built-in specs.
COLLECT_GCC=/usr/bin/cc
COLLECT_LTO_WRAPPER=/usr/lib/gcc/x86_64-linux-gnu/9/lto-wrapper
OFFLOAD_TARGET_NAMES=nvptx-none:hsa
OFFLOAD_TARGET_DEFAULT=1
Target: x86_64-linux-gnu
Configured with: ../src/configure -v --with-pkgversion='Ubuntu 9.4.0-1ubuntu1~20.04.2' --with-bugurl=file:///usr/share/doc/gcc-9/README.Bugs --enable-languages=c,ada,c++,go,brig,d,fortran,objc,obj-c++,gm2 --prefix=/usr --with-gcc-major-version-only --program-suffix=-9 --program-prefix=x86_64-linux-gnu- --enable-shared --enable-linker-build-id --libexecdir=/usr/lib --without-included-gettext --enable-threads=posix --libdir=/usr/lib --enable-nls --enable-clocale=gnu --enable-libstdcxx-debug --enable-libstdcxx-time=yes --with-default-libstdcxx-abi=new --enable-gnu-unique-object --disable-vtable-verify --enable-plugin --enable-default-pie --with-system-zlib --with-target-system-zlib=auto --enable-objc-gc=auto --enable-multiarch --disable-werror --with-arch-32=i686 --with-abi=m64 --with-multilib-list=m32,m64,mx32 --enable-multilib --with-tune=generic --enable-offload-targets=nvptx-none=/build/gcc-9-9QDOt0/gcc-9-9.4.0/debian/tmp-nvptx/usr,hsa --without-cuda-driver --enable-checking=release --build=x86_64-linux-gnu --host=x86_64-linux-gnu --target=x86_64-linux-gnu
Thread model: posix
gcc version 9.4.0 (Ubuntu 9.4.0-1ubuntu1~20.04.2) 
COMPILER_PATH=/usr/lib/gcc/x86_64-linux-gnu/9/:/usr/lib/gcc/x86_64-linux-gnu/9/:/usr/lib/gcc/x86_64-linux-gnu/:/usr/lib/gcc/x86_64-linux-gnu/9/:/usr/lib/gcc/x86_64-linux-gnu/
LIBRARY_PATH=/usr/lib/gcc/x86_64-linux-gnu/9/:/usr/lib/gcc/x86_64-linux-gnu/9/../../../x86_64-linux-gnu/:/usr/lib/gcc/x86_64-linux-gnu/9/../../../../lib/:/lib/x86_64-linux-gnu/:/lib/../lib/:/usr/lib/x86_64-linux-gnu/:/usr/lib/../lib/:/usr/lib/gcc/x86_64-linux-gnu/9/../../../:/lib/:/usr/lib/
COLLECT_GCC_OPTIONS='-v' '-o' 'cmTC_48a87' '-mtune=generic' '-march=x86-64'
 /usr/lib/gcc/x86_64-linux-gnu/9/collect2 -plugin /usr/lib/gcc/x86_64-linux-gnu/9/liblto_plugin.so -plugin-opt=/usr/lib/gcc/x86_64-linux-gnu/9/lto-wrapper -plugin-opt=-fresolution=/tmp/ccI1UJLh.res -plugin-opt=-pass-through=-lgcc -plugin-opt=-pass-through=-lgcc_s -plugin-opt=-pass-through=-lc -plugin-opt=-pass-through=-lgcc -plugin-opt=-pass-through=-lgcc_s --build-id --eh-frame-hdr -m elf_x86_64 --hash-style=gnu --as-needed -dynamic-linker /lib64/ld-linux-x86-64.so.2 -pie -z now -z relro -o cmTC_48a87 /usr/lib/gcc/x86_64-linux-gnu/9/../../../x86_64-linux-gnu/Scrt1.o /usr/lib/gcc/x86_64-linux-gnu/9/../../../x86_64-linux-gnu/crti.o /usr/lib/gcc/x86_64-linux-gnu/9/crtbeginS.o -L/usr/lib/gcc/x86_64-linux-gnu/9 -L/usr/lib/gcc/x86_64-linux-gnu/9/../../../x86_64-linux-gnu -L/usr/lib/gcc/x86_64-linux-gnu/9/../../../../lib -L/lib/x86_64-linux-gnu -L/lib/../lib -L/usr/lib/x86_64-linux-gnu -L/usr/lib/../lib -L/usr/lib/gcc/x86_64-linux-gnu/9/../../.. CMakeFiles/cmTC_48a87.dir/CMakeCCompilerABI.c.o -lgcc --push-state --as-needed -lgcc_s --pop-state -lc -lgcc --push-state --as-needed -lgcc_s --pop-state /usr/lib/gcc/x86_64-linux-gnu/9/crtendS.o /usr/lib/gcc/x86_64-linux-gnu/9/../../../x86_64-linux-gnu/crtn.o
COLLECT_GCC_OPTIONS='-v' '-o' 'cmTC_48a87' '-mtune=generic' '-march=x86-64'
make[1]: Leaving directory '/root/catkin_ws/newui_Greyform/build/CMakeFiles/CMakeTmp'



Parsed C implicit include dir info from above output: rv=done
  found start of include info
  found start of implicit include info
    add: [/usr/lib/gcc/x86_64-linux-gnu/9/include]
    add: [/usr/local/include]
    add: [/usr/include/x86_64-linux-gnu]
    add: [/usr/include]
  end of search list found
  collapse include dir [/usr/lib/gcc/x86_64-linux-gnu/9/include] ==> [/usr/lib/gcc/x86_64-linux-gnu/9/include]
  collapse include dir [/usr/local/include] ==> [/usr/local/include]
  collapse include dir [/usr/include/x86_64-linux-gnu] ==> [/usr/include/x86_64-linux-gnu]
  collapse include dir [/usr/include] ==> [/usr/include]
  implicit include dirs: [/usr/lib/gcc/x86_64-linux-gnu/9/include;/usr/local/include;/usr/include/x86_64-linux-gnu;/usr/include]


Parsed C implicit link information from above output:
  link line regex: [^( *|.*[/\])(ld|CMAKE_LINK_STARTFILE-NOTFOUND|([^/\]+-)?ld|collect2)[^/\]*( |$)]
  ignore line: [Change Dir: /root/catkin_ws/newui_Greyform/build/CMakeFiles/CMakeTmp]
  ignore line: []
  ignore line: [Run Build Command(s):/usr/bin/make cmTC_48a87/fast && /usr/bin/make -f CMakeFiles/cmTC_48a87.dir/build.make CMakeFiles/cmTC_48a87.dir/build]
  ignore line: [make[1]: Entering directory '/root/catkin_ws/newui_Greyform/build/CMakeFiles/CMakeTmp']
  ignore line: [Building C object CMakeFiles/cmTC_48a87.dir/CMakeCCompilerABI.c.o]
  ignore line: [/usr/bin/cc   -v -o CMakeFiles/cmTC_48a87.dir/CMakeCCompilerABI.c.o   -c /usr/share/cmake-3.16/Modules/CMakeCCompilerABI.c]
  ignore line: [Using built-in specs.]
  ignore line: [COLLECT_GCC=/usr/bin/cc]
  ignore line: [OFFLOAD_TARGET_NAMES=nvptx-none:hsa]
  ignore line: [OFFLOAD_TARGET_DEFAULT=1]
  ignore line: [Target: x86_64-linux-gnu]
  ignore line: [Configured with: ../src/configure -v --with-pkgversion='Ubuntu 9.4.0-1ubuntu1~20.04.2' --with-bugurl=file:///usr/share/doc/gcc-9/README.Bugs --enable-languages=c ada c++ go brig d fortran objc obj-c++ gm2 --prefix=/usr --with-gcc-major-version-only --program-suffix=-9 --program-prefix=x86_64-linux-gnu- --enable-shared --enable-linker-build-id --libexecdir=/usr/lib --without-included-gettext --enable-threads=posix --libdir=/usr/lib --enable-nls --enable-clocale=gnu --enable-libstdcxx-debug --enable-libstdcxx-time=yes --with-default-libstdcxx-abi=new --enable-gnu-unique-object --disable-vtable-verify --enable-plugin --enable-default-pie --with-system-zlib --with-target-system-zlib=auto --enable-objc-gc=auto --enable-multiarch --disable-werror --with-arch-32=i686 --with-abi=m64 --with-multilib-list=m32 m64 mx32 --enable-multilib --with-tune=generic --enable-offload-targets=nvptx-none=/build/gcc-9-9QDOt0/gcc-9-9.4.0/debian/tmp-nvptx/usr hsa --without-cuda-driver --enable-checking=release --build=x86_64-linux-gnu --host=x86_64-linux-gnu --target=x86_64-linux-gnu]
  ignore line: [Thread model: posix]
  ignore line: [gcc version 9.4.0 (Ubuntu 9.4.0-1ubuntu1~20.04.2) ]
  ignore line: [COLLECT_GCC_OPTIONS='-v' '-o' 'CMakeFiles/cmTC_48a87.dir/CMakeCCompilerABI.c.o' '-c' '-mtune=generic' '-march=x86-64']
  ignore line: [ /usr/lib/gcc/x86_64-linux-gnu/9/cc1 -quiet -v -imultiarch x86_64-linux-gnu /usr/share/cmake-3.16/Modules/CMakeCCompilerABI.c -quiet -dumpbase CMakeCCompilerABI.c -mtune=generic -march=x86-64 -auxbase-strip CMakeFiles/cmTC_48a87.dir/CMakeCCompilerABI.c.o -version -fasynchronous-unwind-tables -fstack-protector-strong -Wformat -Wformat-security -fstack-clash-protection -fcf-protection -o /tmp/ccvTAmuj.s]
  ignore line: [GNU C17 (Ubuntu 9.4.0-1ubuntu1~20.04.2) version 9.4.0 (x86_64-linux-gnu)]
  ignore line: [	compiled by GNU C version 9.4.0  GMP version 6.2.0  MPFR version 4.0.2  MPC version 1.1.0  isl version isl-0.22.1-GMP]
  ignore line: []
  ignore line: [GGC heuristics: --param ggc-min-expand=100 --param ggc-min-heapsize=131072]
  ignore line: [ignoring nonexistent directory "/usr/local/include/x86_64-linux-gnu"]
  ignore line: [ignoring nonexistent directory "/usr/lib/gcc/x86_64-linux-gnu/9/include-fixed"]
  ignore line: [ignoring nonexistent directory "/usr/lib/gcc/x86_64-linux-gnu/9/../../../../x86_64-linux-gnu/include"]
  ignore line: [#include "..." search starts here:]
  ignore line: [#include <...> search starts here:]
  ignore line: [ /usr/lib/gcc/x86_64-linux-gnu/9/include]
  ignore line: [ /usr/local/include]
  ignore line: [ /usr/include/x86_64-linux-gnu]
  ignore line: [ /usr/include]
  ignore line: [End of search list.]
  ignore line: [GNU C17 (Ubuntu 9.4.0-1ubuntu1~20.04.2) version 9.4.0 (x86_64-linux-gnu)]
  ignore line: [	compiled by GNU C version 9.4.0  GMP version 6.2.0  MPFR version 4.0.2  MPC version 1.1.0  isl version isl-0.22.1-GMP]
  ignore line: []
  ignore line: [GGC heuristics: --param ggc-min-expand=100 --param ggc-min-heapsize=131072]
  ignore line: [Compiler executable checksum: 01da938ff5dc2163489aa33cb3b747a7]
  ignore line: [COLLECT_GCC_OPTIONS='-v' '-o' 'CMakeFiles/cmTC_48a87.dir/CMakeCCompilerABI.c.o' '-c' '-mtune=generic' '-march=x86-64']
  ignore line: [ as -v --64 -o CMakeFiles/cmTC_48a87.dir/CMakeCCompilerABI.c.o /tmp/ccvTAmuj.s]
  ignore line: [GNU assembler version 2.34 (x86_64-linux-gnu) using BFD version (GNU Binutils for Ubuntu) 2.34]
  ignore line: [COMPILER_PATH=/usr/lib/gcc/x86_64-linux-gnu/9/:/usr/lib/gcc/x86_64-linux-gnu/9/:/usr/lib/gcc/x86_64-linux-gnu/:/usr/lib/gcc/x86_64-linux-gnu/9/:/usr/lib/gcc/x86_64-linux-gnu/]
  ignore line: [LIBRARY_PATH=/usr/lib/gcc/x86_64-linux-gnu/9/:/usr/lib/gcc/x86_64-linux-gnu/9/../../../x86_64-linux-gnu/:/usr/lib/gcc/x86_64-linux-gnu/9/../../../../lib/:/lib/x86_64-linux-gnu/:/lib/../lib/:/usr/lib/x86_64-linux-gnu/:/usr/lib/../lib/:/usr/lib/gcc/x86_64-linux-gnu/9/../../../:/lib/:/usr/lib/]
  ignore line: [COLLECT_GCC_OPTIONS='-v' '-o' 'CMakeFiles/cmTC_48a87.dir/CMakeCCompilerABI.c.o' '-c' '-mtune=generic' '-march=x86-64']
  ignore line: [Linking C executable cmTC_48a87]
  ignore line: [/usr/bin/cmake -E cmake_link_script CMakeFiles/cmTC_48a87.dir/link.txt --verbose=1]
  ignore line: [/usr/bin/cc     -v CMakeFiles/cmTC_48a87.dir/CMakeCCompilerABI.c.o  -o cmTC_48a87 ]
  ignore line: [Using built-in specs.]
  ignore line: [COLLECT_GCC=/usr/bin/cc]
  ignore line: [COLLECT_LTO_WRAPPER=/usr/lib/gcc/x86_64-linux-gnu/9/lto-wrapper]
  ignore line: [OFFLOAD_TARGET_NAMES=nvptx-none:hsa]
  ignore line: [OFFLOAD_TARGET_DEFAULT=1]
  ignore line: [Target: x86_64-linux-gnu]
  ignore line: [Configured with: ../src/configure -v --with-pkgversion='Ubuntu 9.4.0-1ubuntu1~20.04.2' --with-bugurl=file:///usr/share/doc/gcc-9/README.Bugs --enable-languages=c ada c++ go brig d fortran objc obj-c++ gm2 --prefix=/usr --with-gcc-major-version-only --program-suffix=-9 --program-prefix=x86_64-linux-gnu- --enable-shared --enable-linker-build-id --libexecdir=/usr/lib --without-included-gettext --enable-threads=posix --libdir=/usr/lib --enable-nls --enable-clocale=gnu --enable-libstdcxx-debug --enable-libstdcxx-time=yes --with-default-libstdcxx-abi=new --enable-gnu-unique-object --disable-vtable-verify --enable-plugin --enable-default-pie --with-system-zlib --with-target-system-zlib=auto --enable-objc-gc=auto --enable-multiarch --disable-werror --with-arch-32=i686 --with-abi=m64 --with-multilib-list=m32 m64 mx32 --enable-multilib --with-tune=generic --enable-offload-targets=nvptx-none=/build/gcc-9-9QDOt0/gcc-9-9.4.0/debian/tmp-nvptx/usr hsa --without-cuda-driver --enable-checking=release --build=x86_64-linux-gnu --host=x86_64-linux-gnu --target=x86_64-linux-gnu]
  ignore line: [Thread model: posix]
  ignore line: [gcc version 9.4.0 (Ubuntu 9.4.0-1ubuntu1~20.04.2) ]
  ignore line: [COMPILER_PATH=/usr/lib/gcc/x86_64-linux-gnu/9/:/usr/lib/gcc/x86_64-linux-gnu/9/:/usr/lib/gcc/x86_64-linux-gnu/:/usr/lib/gcc/x86_64-linux-gnu/9/:/usr/lib/gcc/x86_64-linux-gnu/]
  ignore line: [LIBRARY_PATH=/usr/lib/gcc/x86_64-linux-gnu/9/:/usr/lib/gcc/x86_64-linux-gnu/9/../../../x86_64-linux-gnu/:/usr/lib/gcc/x86_64-linux-gnu/9/../../../../lib/:/lib/x86_64-linux-gnu/:/lib/../lib/:/usr/lib/x86_64-linux-gnu/:/usr/lib/../lib/:/usr/lib/gcc/x86_64-linux-gnu/9/../../../:/lib/:/usr/lib/]
  ignore line: [COLLECT_GCC_OPTIONS='-v' '-o' 'cmTC_48a87' '-mtune=generic' '-march=x86-64']
  link line: [ /usr/lib/gcc/x86_64-linux-gnu/9/collect2 -plugin /usr/lib/gcc/x86_64-linux-gnu/9/liblto_plugin.so -plugin-opt=/usr/lib/gcc/x86_64-linux-gnu/9/lto-wrapper -plugin-opt=-fresolution=/tmp/ccI1UJLh.res -plugin-opt=-pass-through=-lgcc -plugin-opt=-pass-through=-lgcc_s -plugin-opt=-pass-through=-lc -plugin-opt=-pass-through=-lgcc -plugin-opt=-pass-through=-lgcc_s --build-id --eh-frame-hdr -m elf_x86_64 --hash-style=gnu --as-needed -dynamic-linker /lib64/ld-linux-x86-64.so.2 -pie -z now -z relro -o cmTC_48a87 /usr/lib/gcc/x86_64-linux-gnu/9/../../../x86_64-linux-gnu/Scrt1.o /usr/lib/gcc/x86_64-linux-gnu/9/../../../x86_64-linux-gnu/crti.o /usr/lib/gcc/x86_64-linux-gnu/9/crtbeginS.o -L/usr/lib/gcc/x86_64-linux-gnu/9 -L/usr/lib/gcc/x86_64-linux-gnu/9/../../../x86_64-linux-gnu -L/usr/lib/gcc/x86_64-linux-gnu/9/../../../../lib -L/lib/x86_64-linux-gnu -L/lib/../lib -L/usr/lib/x86_64-linux-gnu -L/usr/lib/../lib -L/usr/lib/gcc/x86_64-linux-gnu/9/../../.. CMakeFiles/cmTC_48a87.dir/CMakeCCompilerABI.c.o -lgcc --push-state --as-needed -lgcc_s --pop-state -lc -lgcc --push-state --as-needed -lgcc_s --pop-state /usr/lib/gcc/x86_64-linux-gnu/9/crtendS.o /usr/lib/gcc/x86_64-linux-gnu/9/../../../x86_64-linux-gnu/crtn.o]
    arg [/usr/lib/gcc/x86_64-linux-gnu/9/collect2] ==> ignore
    arg [-plugin] ==> ignore
    arg [/usr/lib/gcc/x86_64-linux-gnu/9/liblto_plugin.so] ==> ignore
    arg [-plugin-opt=/usr/lib/gcc/x86_64-linux-gnu/9/lto-wrapper] ==> ignore
    arg [-plugin-opt=-fresolution=/tmp/ccI1UJLh.res] ==> ignore
    arg [-plugin-opt=-pass-through=-lgcc] ==> ignore
    arg [-plugin-opt=-pass-through=-lgcc_s] ==> ignore
    arg [-plugin-opt=-pass-through=-lc] ==> ignore
    arg [-plugin-opt=-pass-through=-lgcc] ==> ignore
    arg [-plugin-opt=-pass-through=-lgcc_s] ==> ignore
    arg [--build-id] ==> ignore
    arg [--eh-frame-hdr] ==> ignore
    arg [-m] ==> ignore
    arg [elf_x86_64] ==> ignore
    arg [--hash-style=gnu] ==> ignore
    arg [--as-needed] ==> ignore
    arg [-dynamic-linker] ==> ignore
    arg [/lib64/ld-linux-x86-64.so.2] ==> ignore
    arg [-pie] ==> ignore
    arg [-znow] ==> ignore
    arg [-zrelro] ==> ignore
    arg [-o] ==> ignore
    arg [cmTC_48a87] ==> ignore
    arg [/usr/lib/gcc/x86_64-linux-gnu/9/../../../x86_64-linux-gnu/Scrt1.o] ==> ignore
    arg [/usr/lib/gcc/x86_64-linux-gnu/9/../../../x86_64-linux-gnu/crti.o] ==> ignore
    arg [/usr/lib/gcc/x86_64-linux-gnu/9/crtbeginS.o] ==> ignore
    arg [-L/usr/lib/gcc/x86_64-linux-gnu/9] ==> dir [/usr/lib/gcc/x86_64-linux-gnu/9]
    arg [-L/usr/lib/gcc/x86_64-linux-gnu/9/../../../x86_64-linux-gnu] ==> dir [/usr/lib/gcc/x86_64-linux-gnu/9/../../../x86_64-linux-gnu]
    arg [-L/usr/lib/gcc/x86_64-linux-gnu/9/../../../../lib] ==> dir [/usr/lib/gcc/x86_64-linux-gnu/9/../../../../lib]
    arg [-L/lib/x86_64-linux-gnu] ==> dir [/lib/x86_64-linux-gnu]
    arg [-L/lib/../lib] ==> dir [/lib/../lib]
    arg [-L/usr/lib/x86_64-linux-gnu] ==> dir [/usr/lib/x86_64-linux-gnu]
    arg [-L/usr/lib/../lib] ==> dir [/usr/lib/../lib]
    arg [-L/usr/lib/gcc/x86_64-linux-gnu/9/../../..] ==> dir [/usr/lib/gcc/x86_64-linux-gnu/9/../../..]
    arg [CMakeFiles/cmTC_48a87.dir/CMakeCCompilerABI.c.o] ==> ignore
    arg [-lgcc] ==> lib [gcc]
    arg [--push-state] ==> ignore
    arg [--as-needed] ==> ignore
    arg [-lgcc_s] ==> lib [gcc_s]
    arg [--pop-state] ==> ignore
    arg [-lc] ==> lib [c]
    arg [-lgcc] ==> lib [gcc]
    arg [--push-state] ==> ignore
    arg [--as-needed] ==> ignore
    arg [-lgcc_s] ==> lib [gcc_s]
    arg [--pop-state] ==> ignore
    arg [/usr/lib/gcc/x86_64-linux-gnu/9/crtendS.o] ==> ignore
    arg [/usr/lib/gcc/x86_64-linux-gnu/9/../../../x86_64-linux-gnu/crtn.o] ==> ignore
  collapse library dir [/usr/lib/gcc/x86_64-linux-gnu/9] ==> [/usr/lib/gcc/x86_64-linux-gnu/9]
  collapse library dir [/usr/lib/gcc/x86_64-linux-gnu/9/../../../x86_64-linux-gnu] ==> [/usr/lib/x86_64-linux-gnu]
  collapse library dir [/usr/lib/gcc/x86_64-linux-gnu/9/../../../../lib] ==> [/usr/lib]
  collapse library dir [/lib/x86_64-linux-gnu] ==> [/lib/x86_64-linux-gnu]
  collapse library dir [/lib/../lib] ==> [/lib]
  collapse library dir [/usr/lib/x86_64-linux-gnu] ==> [/usr/lib/x86_64-linux-gnu]
  collapse library dir [/usr/lib/../lib] ==> [/usr/lib]
  collapse library dir [/usr/lib/gcc/x86_64-linux-gnu/9/../../..] ==> [/usr/lib]
  implicit libs: [gcc;gcc_s;c;gcc;gcc_s]
  implicit dirs: [/usr/lib/gcc/x86_64-linux-gnu/9;/usr/lib/x86_64-linux-gnu;/usr/lib;/lib/x86_64-linux-gnu;/lib]
  implicit fwks: []


Determining if the CXX compiler works passed with the following output:
Change Dir: /root/catkin_ws/newui_Greyform/build/CMakeFiles/CMakeTmp

Run Build Command(s):/usr/bin/make cmTC_63301/fast && /usr/bin/make -f CMakeFiles/cmTC_63301.dir/build.make CMakeFiles/cmTC_63301.dir/build
make[1]: Entering directory '/root/catkin_ws/newui_Greyform/build/CMakeFiles/CMakeTmp'
Building CXX object CMakeFiles/cmTC_63301.dir/testCXXCompiler.cxx.o
/usr/bin/c++     -o CMakeFiles/cmTC_63301.dir/testCXXCompiler.cxx.o -c /root/catkin_ws/newui_Greyform/build/CMakeFiles/CMakeTmp/testCXXCompiler.cxx
Linking CXX executable cmTC_63301
/usr/bin/cmake -E cmake_link_script CMakeFiles/cmTC_63301.dir/link.txt --verbose=1
/usr/bin/c++       CMakeFiles/cmTC_63301.dir/testCXXCompiler.cxx.o  -o cmTC_63301 
make[1]: Leaving directory '/root/catkin_ws/newui_Greyform/build/CMakeFiles/CMakeTmp'



Detecting CXX compiler ABI info compiled with the following output:
Change Dir: /root/catkin_ws/newui_Greyform/build/CMakeFiles/CMakeTmp

Run Build Command(s):/usr/bin/make cmTC_10ba5/fast && /usr/bin/make -f CMakeFiles/cmTC_10ba5.dir/build.make CMakeFiles/cmTC_10ba5.dir/build
make[1]: Entering directory '/root/catkin_ws/newui_Greyform/build/CMakeFiles/CMakeTmp'
Building CXX object CMakeFiles/cmTC_10ba5.dir/CMakeCXXCompilerABI.cpp.o
/usr/bin/c++    -v -o CMakeFiles/cmTC_10ba5.dir/CMakeCXXCompilerABI.cpp.o -c /usr/share/cmake-3.16/Modules/CMakeCXXCompilerABI.cpp
Using built-in specs.
COLLECT_GCC=/usr/bin/c++
OFFLOAD_TARGET_NAMES=nvptx-none:hsa
OFFLOAD_TARGET_DEFAULT=1
Target: x86_64-linux-gnu
Configured with: ../src/configure -v --with-pkgversion='Ubuntu 9.4.0-1ubuntu1~20.04.2' --with-bugurl=file:///usr/share/doc/gcc-9/README.Bugs --enable-languages=c,ada,c++,go,brig,d,fortran,objc,obj-c++,gm2 --prefix=/usr --with-gcc-major-version-only --program-suffix=-9 --program-prefix=x86_64-linux-gnu- --enable-shared --enable-linker-build-id --libexecdir=/usr/lib --without-included-gettext --enable-threads=posix --libdir=/usr/lib --enable-nls --enable-clocale=gnu --enable-libstdcxx-debug --enable-libstdcxx-time=yes --with-default-libstdcxx-abi=new --enable-gnu-unique-object --disable-vtable-verify --enable-plugin --enable-default-pie --with-system-zlib --with-target-system-zlib=auto --enable-objc-gc=auto --enable-multiarch --disable-werror --with-arch-32=i686 --with-abi=m64 --with-multilib-list=m32,m64,mx32 --enable-multilib --with-tune=generic --enable-offload-targets=nvptx-none=/build/gcc-9-9QDOt0/gcc-9-9.4.0/debian/tmp-nvptx/usr,hsa --without-cuda-driver --enable-checking=release --build=x86_64-linux-gnu --host=x86_64-linux-gnu --target=x86_64-linux-gnu
Thread model: posix
gcc version 9.4.0 (Ubuntu 9.4.0-1ubuntu1~20.04.2) 
COLLECT_GCC_OPTIONS='-v' '-o' 'CMakeFiles/cmTC_10ba5.dir/CMakeCXXCompilerABI.cpp.o' '-c' '-shared-libgcc' '-mtune=generic' '-march=x86-64'
 /usr/lib/gcc/x86_64-linux-gnu/9/cc1plus -quiet -v -imultiarch x86_64-linux-gnu -D_GNU_SOURCE /usr/share/cmake-3.16/Modules/CMakeCXXCompilerABI.cpp -quiet -dumpbase CMakeCXXCompilerABI.cpp -mtune=generic -march=x86-64 -auxbase-strip CMakeFiles/cmTC_10ba5.dir/CMakeCXXCompilerABI.cpp.o -version -fasynchronous-unwind-tables -fstack-protector-strong -Wformat -Wformat-security -fstack-clash-protection -fcf-protection -o /tmp/ccfBf47z.s
GNU C++14 (Ubuntu 9.4.0-1ubuntu1~20.04.2) version 9.4.0 (x86_64-linux-gnu)
	compiled by GNU C version 9.4.0, GMP version 6.2.0, MPFR version 4.0.2, MPC version 1.1.0, isl version isl-0.22.1-GMP

GGC heuristics: --param ggc-min-expand=100 --param ggc-min-heapsize=131072
ignoring duplicate directory "/usr/include/x86_64-linux-gnu/c++/9"
ignoring nonexistent directory "/usr/local/include/x86_64-linux-gnu"
ignoring nonexistent directory "/usr/lib/gcc/x86_64-linux-gnu/9/include-fixed"
ignoring nonexistent directory "/usr/lib/gcc/x86_64-linux-gnu/9/../../../../x86_64-linux-gnu/include"
#include "..." search starts here:
#include <...> search starts here:
 /usr/include/c++/9
 /usr/include/x86_64-linux-gnu/c++/9
 /usr/include/c++/9/backward
 /usr/lib/gcc/x86_64-linux-gnu/9/include
 /usr/local/include
 /usr/include/x86_64-linux-gnu
 /usr/include
End of search list.
GNU C++14 (Ubuntu 9.4.0-1ubuntu1~20.04.2) version 9.4.0 (x86_64-linux-gnu)
	compiled by GNU C version 9.4.0, GMP version 6.2.0, MPFR version 4.0.2, MPC version 1.1.0, isl version isl-0.22.1-GMP

GGC heuristics: --param ggc-min-expand=100 --param ggc-min-heapsize=131072
Compiler executable checksum: 3d1eba838554fa2348dba760e4770469
COLLECT_GCC_OPTIONS='-v' '-o' 'CMakeFiles/cmTC_10ba5.dir/CMakeCXXCompilerABI.cpp.o' '-c' '-shared-libgcc' '-mtune=generic' '-march=x86-64'
 as -v --64 -o CMakeFiles/cmTC_10ba5.dir/CMakeCXXCompilerABI.cpp.o /tmp/ccfBf47z.s
GNU assembler version 2.34 (x86_64-linux-gnu) using BFD version (GNU Binutils for Ubuntu) 2.34
COMPILER_PATH=/usr/lib/gcc/x86_64-linux-gnu/9/:/usr/lib/gcc/x86_64-linux-gnu/9/:/usr/lib/gcc/x86_64-linux-gnu/:/usr/lib/gcc/x86_64-linux-gnu/9/:/usr/lib/gcc/x86_64-linux-gnu/
LIBRARY_PATH=/usr/lib/gcc/x86_64-linux-gnu/9/:/usr/lib/gcc/x86_64-linux-gnu/9/../../../x86_64-linux-gnu/:/usr/lib/gcc/x86_64-linux-gnu/9/../../../../lib/:/lib/x86_64-linux-gnu/:/lib/../lib/:/usr/lib/x86_64-linux-gnu/:/usr/lib/../lib/:/usr/lib/gcc/x86_64-linux-gnu/9/../../../:/lib/:/usr/lib/
COLLECT_GCC_OPTIONS='-v' '-o' 'CMakeFiles/cmTC_10ba5.dir/CMakeCXXCompilerABI.cpp.o' '-c' '-shared-libgcc' '-mtune=generic' '-march=x86-64'
Linking CXX executable cmTC_10ba5
/usr/bin/cmake -E cmake_link_script CMakeFiles/cmTC_10ba5.dir/link.txt --verbose=1
/usr/bin/c++      -v CMakeFiles/cmTC_10ba5.dir/CMakeCXXCompilerABI.cpp.o  -o cmTC_10ba5 
Using built-in specs.
COLLECT_GCC=/usr/bin/c++
COLLECT_LTO_WRAPPER=/usr/lib/gcc/x86_64-linux-gnu/9/lto-wrapper
OFFLOAD_TARGET_NAMES=nvptx-none:hsa
OFFLOAD_TARGET_DEFAULT=1
Target: x86_64-linux-gnu
Configured with: ../src/configure -v --with-pkgversion='Ubuntu 9.4.0-1ubuntu1~20.04.2' --with-bugurl=file:///usr/share/doc/gcc-9/README.Bugs --enable-languages=c,ada,c++,go,brig,d,fortran,objc,obj-c++,gm2 --prefix=/usr --with-gcc-major-version-only --program-suffix=-9 --program-prefix=x86_64-linux-gnu- --enable-shared --enable-linker-build-id --libexecdir=/usr/lib --without-included-gettext --enable-threads=posix --libdir=/usr/lib --enable-nls --enable-clocale=gnu --enable-libstdcxx-debug --enable-libstdcxx-time=yes --with-default-libstdcxx-abi=new --enable-gnu-unique-object --disable-vtable-verify --enable-plugin --enable-default-pie --with-system-zlib --with-target-system-zlib=auto --enable-objc-gc=auto --enable-multiarch --disable-werror --with-arch-32=i686 --with-abi=m64 --with-multilib-list=m32,m64,mx32 --enable-multilib --with-tune=generic --enable-offload-targets=nvptx-none=/build/gcc-9-9QDOt0/gcc-9-9.4.0/debian/tmp-nvptx/usr,hsa --without-cuda-driver --enable-checking=release --build=x86_64-linux-gnu --host=x86_64-linux-gnu --target=x86_64-linux-gnu
Thread model: posix
gcc version 9.4.0 (Ubuntu 9.4.0-1ubuntu1~20.04.2) 
COMPILER_PATH=/usr/lib/gcc/x86_64-linux-gnu/9/:/usr/lib/gcc/x86_64-linux-gnu/9/:/usr/lib/gcc/x86_64-linux-gnu/:/usr/lib/gcc/x86_64-linux-gnu/9/:/usr/lib/gcc/x86_64-linux-gnu/
LIBRARY_PATH=/usr/lib/gcc/x86_64-linux-gnu/9/:/usr/lib/gcc/x86_64-linux-gnu/9/../../../x86_64-linux-gnu/:/usr/lib/gcc/x86_64-linux-gnu/9/../../../../lib/:/lib/x86_64-linux-gnu/:/lib/../lib/:/usr/lib/x86_64-linux-gnu/:/usr/lib/../lib/:/usr/lib/gcc/x86_64-linux-gnu/9/../../../:/lib/:/usr/lib/
COLLECT_GCC_OPTIONS='-v' '-o' 'cmTC_10ba5' '-shared-libgcc' '-mtune=generic' '-march=x86-64'
 /usr/lib/gcc/x86_64-linux-gnu/9/collect2 -plugin /usr/lib/gcc/x86_64-linux-gnu/9/liblto_plugin.so -plugin-opt=/usr/lib/gcc/x86_64-linux-gnu/9/lto-wrapper -plugin-opt=-fresolution=/tmp/cc6DNR33.res -plugin-opt=-pass-through=-lgcc_s -plugin-opt=-pass-through=-lgcc -plugin-opt=-pass-through=-lc -plugin-opt=-pass-through=-lgcc_s -plugin-opt=-pass-through=-lgcc --build-id --eh-frame-hdr -m elf_x86_64 --hash-style=gnu --as-needed -dynamic-linker /lib64/ld-linux-x86-64.so.2 -pie -z now -z relro -o cmTC_10ba5 /usr/lib/gcc/x86_64-linux-gnu/9/../../../x86_64-linux-gnu/Scrt1.o /usr/lib/gcc/x86_64-linux-gnu/9/../../../x86_64-linux-gnu/crti.o /usr/lib/gcc/x86_64-linux-gnu/9/crtbeginS.o -L/usr/lib/gcc/x86_64-linux-gnu/9 -L/usr/lib/gcc/x86_64-linux-gnu/9/../../../x86_64-linux-gnu -L/usr/lib/gcc/x86_64-linux-gnu/9/../../../../lib -L/lib/x86_64-linux-gnu -L/lib/../lib -L/usr/lib/x86_64-linux-gnu -L/usr/lib/../lib -L/usr/lib/gcc/x86_64-linux-gnu/9/../../.. CMakeFiles/cmTC_10ba5.dir/CMakeCXXCompilerABI.cpp.o -lstdc++ -lm -lgcc_s -lgcc -lc -lgcc_s -lgcc /usr/lib/gcc/x86_64-linux-gnu/9/crtendS.o /usr/lib/gcc/x86_64-linux-gnu/9/../../../x86_64-linux-gnu/crtn.o
COLLECT_GCC_OPTIONS='-v' '-o' 'cmTC_10ba5' '-shared-libgcc' '-mtune=generic' '-march=x86-64'
make[1]: Leaving directory '/root/catkin_ws/newui_Greyform/build/CMakeFiles/CMakeTmp'



Parsed CXX implicit include dir info from above output: rv=done
  found start of include info
  found start of implicit include info
    add: [/usr/include/c++/9]
    add: [/usr/include/x86_64-linux-gnu/c++/9]
    add: [/usr/include/c++/9/backward]
    add: [/usr/lib/gcc/x86_64-linux-gnu/9/include]
    add: [/usr/local/include]
    add: [/usr/include/x86_64-linux-gnu]
    add: [/usr/include]
  end of search list found
  collapse include dir [/usr/include/c++/9] ==> [/usr/include/c++/9]
  collapse include dir [/usr/include/x86_64-linux-gnu/c++/9] ==> [/usr/include/x86_64-linux-gnu/c++/9]
  collapse include dir [/usr/include/c++/9/backward] ==> [/usr/include/c++/9/backward]
  collapse include dir [/usr/lib/gcc/x86_64-linux-gnu/9/include] ==> [/usr/lib/gcc/x86_64-linux-gnu/9/include]
  collapse include dir [/usr/local/include] ==> [/usr/local/include]
  collapse include dir [/usr/include/x86_64-linux-gnu] ==> [/usr/include/x86_64-linux-gnu]
  collapse include dir [/usr/include] ==> [/usr/include]
  implicit include dirs: [/usr/include/c++/9;/usr/include/x86_64-linux-gnu/c++/9;/usr/include/c++/9/backward;/usr/lib/gcc/x86_64-linux-gnu/9/include;/usr/local/include;/usr/include/x86_64-linux-gnu;/usr/include]


Parsed CXX implicit link information from above output:
  link line regex: [^( *|.*[/\])(ld|CMAKE_LINK_STARTFILE-NOTFOUND|([^/\]+-)?ld|collect2)[^/\]*( |$)]
  ignore line: [Change Dir: /root/catkin_ws/newui_Greyform/build/CMakeFiles/CMakeTmp]
  ignore line: []
  ignore line: [Run Build Command(s):/usr/bin/make cmTC_10ba5/fast && /usr/bin/make -f CMakeFiles/cmTC_10ba5.dir/build.make CMakeFiles/cmTC_10ba5.dir/build]
  ignore line: [make[1]: Entering directory '/root/catkin_ws/newui_Greyform/build/CMakeFiles/CMakeTmp']
  ignore line: [Building CXX object CMakeFiles/cmTC_10ba5.dir/CMakeCXXCompilerABI.cpp.o]
  ignore line: [/usr/bin/c++    -v -o CMakeFiles/cmTC_10ba5.dir/CMakeCXXCompilerABI.cpp.o -c /usr/share/cmake-3.16/Modules/CMakeCXXCompilerABI.cpp]
  ignore line: [Using built-in specs.]
  ignore line: [COLLECT_GCC=/usr/bin/c++]
  ignore line: [OFFLOAD_TARGET_NAMES=nvptx-none:hsa]
  ignore line: [OFFLOAD_TARGET_DEFAULT=1]
  ignore line: [Target: x86_64-linux-gnu]
  ignore line: [Configured with: ../src/configure -v --with-pkgversion='Ubuntu 9.4.0-1ubuntu1~20.04.2' --with-bugurl=file:///usr/share/doc/gcc-9/README.Bugs --enable-languages=c ada c++ go brig d fortran objc obj-c++ gm2 --prefix=/usr --with-gcc-major-version-only --program-suffix=-9 --program-prefix=x86_64-linux-gnu- --enable-shared --enable-linker-build-id --libexecdir=/usr/lib --without-included-gettext --enable-threads=posix --libdir=/usr/lib --enable-nls --enable-clocale=gnu --enable-libstdcxx-debug --enable-libstdcxx-time=yes --with-default-libstdcxx-abi=new --enable-gnu-unique-object --disable-vtable-verify --enable-plugin --enable-default-pie --with-system-zlib --with-target-system-zlib=auto --enable-objc-gc=auto --enable-multiarch --disable-werror --with-arch-32=i686 --with-abi=m64 --with-multilib-list=m32 m64 mx32 --enable-multilib --with-tune=generic --enable-offload-targets=nvptx-none=/build/gcc-9-9QDOt0/gcc-9-9.4.0/debian/tmp-nvptx/usr hsa --without-cuda-driver --enable-checking=release --build=x86_64-linux-gnu --host=x86_64-linux-gnu --target=x86_64-linux-gnu]
  ignore line: [Thread model: posix]
  ignore line: [gcc version 9.4.0 (Ubuntu 9.4.0-1ubuntu1~20.04.2) ]
  ignore line: [COLLECT_GCC_OPTIONS='-v' '-o' 'CMakeFiles/cmTC_10ba5.dir/CMakeCXXCompilerABI.cpp.o' '-c' '-shared-libgcc' '-mtune=generic' '-march=x86-64']
  ignore line: [ /usr/lib/gcc/x86_64-linux-gnu/9/cc1plus -quiet -v -imultiarch x86_64-linux-gnu -D_GNU_SOURCE /usr/share/cmake-3.16/Modules/CMakeCXXCompilerABI.cpp -quiet -dumpbase CMakeCXXCompilerABI.cpp -mtune=generic -march=x86-64 -auxbase-strip CMakeFiles/cmTC_10ba5.dir/CMakeCXXCompilerABI.cpp.o -version -fasynchronous-unwind-tables -fstack-protector-strong -Wformat -Wformat-security -fstack-clash-protection -fcf-protection -o /tmp/ccfBf47z.s]
  ignore line: [GNU C++14 (Ubuntu 9.4.0-1ubuntu1~20.04.2) version 9.4.0 (x86_64-linux-gnu)]
  ignore line: [	compiled by GNU C version 9.4.0  GMP version 6.2.0  MPFR version 4.0.2  MPC version 1.1.0  isl version isl-0.22.1-GMP]
  ignore line: []
  ignore line: [GGC heuristics: --param ggc-min-expand=100 --param ggc-min-heapsize=131072]
  ignore line: [ignoring duplicate directory "/usr/include/x86_64-linux-gnu/c++/9"]
  ignore line: [ignoring nonexistent directory "/usr/local/include/x86_64-linux-gnu"]
  ignore line: [ignoring nonexistent directory "/usr/lib/gcc/x86_64-linux-gnu/9/include-fixed"]
  ignore line: [ignoring nonexistent directory "/usr/lib/gcc/x86_64-linux-gnu/9/../../../../x86_64-linux-gnu/include"]
  ignore line: [#include "..." search starts here:]
  ignore line: [#include <...> search starts here:]
  ignore line: [ /usr/include/c++/9]
  ignore line: [ /usr/include/x86_64-linux-gnu/c++/9]
  ignore line: [ /usr/include/c++/9/backward]
  ignore line: [ /usr/lib/gcc/x86_64-linux-gnu/9/include]
  ignore line: [ /usr/local/include]
  ignore line: [ /usr/include/x86_64-linux-gnu]
  ignore line: [ /usr/include]
  ignore line: [End of search list.]
  ignore line: [GNU C++14 (Ubuntu 9.4.0-1ubuntu1~20.04.2) version 9.4.0 (x86_64-linux-gnu)]
  ignore line: [	compiled by GNU C version 9.4.0  GMP version 6.2.0  MPFR version 4.0.2  MPC version 1.1.0  isl version isl-0.22.1-GMP]
  ignore line: []
  ignore line: [GGC heuristics: --param ggc-min-expand=100 --param ggc-min-heapsize=131072]
  ignore line: [Compiler executable checksum: 3d1eba838554fa2348dba760e4770469]
  ignore line: [COLLECT_GCC_OPTIONS='-v' '-o' 'CMakeFiles/cmTC_10ba5.dir/CMakeCXXCompilerABI.cpp.o' '-c' '-shared-libgcc' '-mtune=generic' '-march=x86-64']
  ignore line: [ as -v --64 -o CMakeFiles/cmTC_10ba5.dir/CMakeCXXCompilerABI.cpp.o /tmp/ccfBf47z.s]
  ignore line: [GNU assembler version 2.34 (x86_64-linux-gnu) using BFD version (GNU Binutils for Ubuntu) 2.34]
  ignore line: [COMPILER_PATH=/usr/lib/gcc/x86_64-linux-gnu/9/:/usr/lib/gcc/x86_64-linux-gnu/9/:/usr/lib/gcc/x86_64-linux-gnu/:/usr/lib/gcc/x86_64-linux-gnu/9/:/usr/lib/gcc/x86_64-linux-gnu/]
  ignore line: [LIBRARY_PATH=/usr/lib/gcc/x86_64-linux-gnu/9/:/usr/lib/gcc/x86_64-linux-gnu/9/../../../x86_64-linux-gnu/:/usr/lib/gcc/x86_64-linux-gnu/9/../../../../lib/:/lib/x86_64-linux-gnu/:/lib/../lib/:/usr/lib/x86_64-linux-gnu/:/usr/lib/../lib/:/usr/lib/gcc/x86_64-linux-gnu/9/../../../:/lib/:/usr/lib/]
  ignore line: [COLLECT_GCC_OPTIONS='-v' '-o' 'CMakeFiles/cmTC_10ba5.dir/CMakeCXXCompilerABI.cpp.o' '-c' '-shared-libgcc' '-mtune=generic' '-march=x86-64']
  ignore line: [Linking CXX executable cmTC_10ba5]
  ignore line: [/usr/bin/cmake -E cmake_link_script CMakeFiles/cmTC_10ba5.dir/link.txt --verbose=1]
  ignore line: [/usr/bin/c++      -v CMakeFiles/cmTC_10ba5.dir/CMakeCXXCompilerABI.cpp.o  -o cmTC_10ba5 ]
  ignore line: [Using built-in specs.]
  ignore line: [COLLECT_GCC=/usr/bin/c++]
  ignore line: [COLLECT_LTO_WRAPPER=/usr/lib/gcc/x86_64-linux-gnu/9/lto-wrapper]
  ignore line: [OFFLOAD_TARGET_NAMES=nvptx-none:hsa]
  ignore line: [OFFLOAD_TARGET_DEFAULT=1]
  ignore line: [Target: x86_64-linux-gnu]
  ignore line: [Configured with: ../src/configure -v --with-pkgversion='Ubuntu 9.4.0-1ubuntu1~20.04.2' --with-bugurl=file:///usr/share/doc/gcc-9/README.Bugs --enable-languages=c ada c++ go brig d fortran objc obj-c++ gm2 --prefix=/usr --with-gcc-major-version-only --program-suffix=-9 --program-prefix=x86_64-linux-gnu- --enable-shared --enable-linker-build-id --libexecdir=/usr/lib --without-included-gettext --enable-threads=posix --libdir=/usr/lib --enable-nls --enable-clocale=gnu --enable-libstdcxx-debug --enable-libstdcxx-time=yes --with-default-libstdcxx-abi=new --enable-gnu-unique-object --disable-vtable-verify --enable-plugin --enable-default-pie --with-system-zlib --with-target-system-zlib=auto --enable-objc-gc=auto --enable-multiarch --disable-werror --with-arch-32=i686 --with-abi=m64 --with-multilib-list=m32 m64 mx32 --enable-multilib --with-tune=generic --enable-offload-targets=nvptx-none=/build/gcc-9-9QDOt0/gcc-9-9.4.0/debian/tmp-nvptx/usr hsa --without-cuda-driver --enable-checking=release --build=x86_64-linux-gnu --host=x86_64-linux-gnu --target=x86_64-linux-gnu]
  ignore line: [Thread model: posix]
  ignore line: [gcc version 9.4.0 (Ubuntu 9.4.0-1ubuntu1~20.04.2) ]
  ignore line: [COMPILER_PATH=/usr/lib/gcc/x86_64-linux-gnu/9/:/usr/lib/gcc/x86_64-linux-gnu/9/:/usr/lib/gcc/x86_64-linux-gnu/:/usr/lib/gcc/x86_64-linux-gnu/9/:/usr/lib/gcc/x86_64-linux-gnu/]
  ignore line: [LIBRARY_PATH=/usr/lib/gcc/x86_64-linux-gnu/9/:/usr/lib/gcc/x86_64-linux-gnu/9/../../../x86_64-linux-gnu/:/usr/lib/gcc/x86_64-linux-gnu/9/../../../../lib/:/lib/x86_64-linux-gnu/:/lib/../lib/:/usr/lib/x86_64-linux-gnu/:/usr/lib/../lib/:/usr/lib/gcc/x86_64-linux-gnu/9/../../../:/lib/:/usr/lib/]
  ignore line: [COLLECT_GCC_OPTIONS='-v' '-o' 'cmTC_10ba5' '-shared-libgcc' '-mtune=generic' '-march=x86-64']
  link line: [ /usr/lib/gcc/x86_64-linux-gnu/9/collect2 -plugin /usr/lib/gcc/x86_64-linux-gnu/9/liblto_plugin.so -plugin-opt=/usr/lib/gcc/x86_64-linux-gnu/9/lto-wrapper -plugin-opt=-fresolution=/tmp/cc6DNR33.res -plugin-opt=-pass-through=-lgcc_s -plugin-opt=-pass-through=-lgcc -plugin-opt=-pass-through=-lc -plugin-opt=-pass-through=-lgcc_s -plugin-opt=-pass-through=-lgcc --build-id --eh-frame-hdr -m elf_x86_64 --hash-style=gnu --as-needed -dynamic-linker /lib64/ld-linux-x86-64.so.2 -pie -z now -z relro -o cmTC_10ba5 /usr/lib/gcc/x86_64-linux-gnu/9/../../../x86_64-linux-gnu/Scrt1.o /usr/lib/gcc/x86_64-linux-gnu/9/../../../x86_64-linux-gnu/crti.o /usr/lib/gcc/x86_64-linux-gnu/9/crtbeginS.o -L/usr/lib/gcc/x86_64-linux-gnu/9 -L/usr/lib/gcc/x86_64-linux-gnu/9/../../../x86_64-linux-gnu -L/usr/lib/gcc/x86_64-linux-gnu/9/../../../../lib -L/lib/x86_64-linux-gnu -L/lib/../lib -L/usr/lib/x86_64-linux-gnu -L/usr/lib/../lib -L/usr/lib/gcc/x86_64-linux-gnu/9/../../.. CMakeFiles/cmTC_10ba5.dir/CMakeCXXCompilerABI.cpp.o -lstdc++ -lm -lgcc_s -lgcc -lc -lgcc_s -lgcc /usr/lib/gcc/x86_64-linux-gnu/9/crtendS.o /usr/lib/gcc/x86_64-linux-gnu/9/../../../x86_64-linux-gnu/crtn.o]
    arg [/usr/lib/gcc/x86_64-linux-gnu/9/collect2] ==> ignore
    arg [-plugin] ==> ignore
    arg [/usr/lib/gcc/x86_64-linux-gnu/9/liblto_plugin.so] ==> ignore
    arg [-plugin-opt=/usr/lib/gcc/x86_64-linux-gnu/9/lto-wrapper] ==> ignore
    arg [-plugin-opt=-fresolution=/tmp/cc6DNR33.res] ==> ignore
    arg [-plugin-opt=-pass-through=-lgcc_s] ==> ignore
    arg [-plugin-opt=-pass-through=-lgcc] ==> ignore
    arg [-plugin-opt=-pass-through=-lc] ==> ignore
    arg [-plugin-opt=-pass-through=-lgcc_s] ==> ignore
    arg [-plugin-opt=-pass-through=-lgcc] ==> ignore
    arg [--build-id] ==> ignore
    arg [--eh-frame-hdr] ==> ignore
    arg [-m] ==> ignore
    arg [elf_x86_64] ==> ignore
    arg [--hash-style=gnu] ==> ignore
    arg [--as-needed] ==> ignore
    arg [-dynamic-linker] ==> ignore
    arg [/lib64/ld-linux-x86-64.so.2] ==> ignore
    arg [-pie] ==> ignore
    arg [-znow] ==> ignore
    arg [-zrelro] ==> ignore
    arg [-o] ==> ignore
    arg [cmTC_10ba5] ==> ignore
    arg [/usr/lib/gcc/x86_64-linux-gnu/9/../../../x86_64-linux-gnu/Scrt1.o] ==> ignore
    arg [/usr/lib/gcc/x86_64-linux-gnu/9/../../../x86_64-linux-gnu/crti.o] ==> ignore
    arg [/usr/lib/gcc/x86_64-linux-gnu/9/crtbeginS.o] ==> ignore
    arg [-L/usr/lib/gcc/x86_64-linux-gnu/9] ==> dir [/usr/lib/gcc/x86_64-linux-gnu/9]
    arg [-L/usr/lib/gcc/x86_64-linux-gnu/9/../../../x86_64-linux-gnu] ==> dir [/usr/lib/gcc/x86_64-linux-gnu/9/../../../x86_64-linux-gnu]
    arg [-L/usr/lib/gcc/x86_64-linux-gnu/9/../../../../lib] ==> dir [/usr/lib/gcc/x86_64-linux-gnu/9/../../../../lib]
    arg [-L/lib/x86_64-linux-gnu] ==> dir [/lib/x86_64-linux-gnu]
    arg [-L/lib/../lib] ==> dir [/lib/../lib]
    arg [-L/usr/lib/x86_64-linux-gnu] ==> dir [/usr/lib/x86_64-linux-gnu]
    arg [-L/usr/lib/../lib] ==> dir [/usr/lib/../lib]
    arg [-L/usr/lib/gcc/x86_64-linux-gnu/9/../../..] ==> dir [/usr/lib/gcc/x86_64-linux-gnu/9/../../..]
    arg [CMakeFiles/cmTC_10ba5.dir/CMakeCXXCompilerABI.cpp.o] ==> ignore
    arg [-lstdc++] ==> lib [stdc++]
    arg [-lm] ==> lib [m]
    arg [-lgcc_s] ==> lib [gcc_s]
    arg [-lgcc] ==> lib [gcc]
    arg [-lc] ==> lib [c]
    arg [-lgcc_s] ==> lib [gcc_s]
    arg [-lgcc] ==> lib [gcc]
    arg [/usr/lib/gcc/x86_64-linux-gnu/9/crtendS.o] ==> ignore
    arg [/usr/lib/gcc/x86_64-linux-gnu/9/../../../x86_64-linux-gnu/crtn.o] ==> ignore
  collapse library dir [/usr/lib/gcc/x86_64-linux-gnu/9] ==> [/usr/lib/gcc/x86_64-linux-gnu/9]
  collapse library dir [/usr/lib/gcc/x86_64-linux-gnu/9/../../../x86_64-linux-gnu] ==> [/usr/lib/x86_64-linux-gnu]
  collapse library dir [/usr/lib/gcc/x86_64-linux-gnu/9/../../../../lib] ==> [/usr/lib]
  collapse library dir [/lib/x86_64-linux-gnu] ==> [/lib/x86_64-linux-gnu]
  collapse library dir [/lib/../lib] ==> [/lib]
  collapse library dir [/usr/lib/x86_64-linux-gnu] ==> [/usr/lib/x86_64-linux-gnu]
  collapse library dir [/usr/lib/../lib] ==> [/usr/lib]
  collapse library dir [/usr/lib/gcc/x86_64-linux-gnu/9/../../..] ==> [/usr/lib]
  implicit libs: [stdc++;m;gcc_s;gcc;c;gcc_s;gcc]
  implicit dirs: [/usr/lib/gcc/x86_64-linux-gnu/9;/usr/lib/x86_64-linux-gnu;/usr/lib;/lib/x86_64-linux-gnu;/lib]
  implicit fwks: []


Determining if the include file pthread.h exists passed with the following output:
Change Dir: /root/catkin_ws/newui_Greyform/build/CMakeFiles/CMakeTmp

Run Build Command(s):/usr/bin/make cmTC_15e50/fast && /usr/bin/make -f CMakeFiles/cmTC_15e50.dir/build.make CMakeFiles/cmTC_15e50.dir/build
make[1]: Entering directory '/root/catkin_ws/newui_Greyform/build/CMakeFiles/CMakeTmp'
Building C object CMakeFiles/cmTC_15e50.dir/CheckIncludeFile.c.o
/usr/bin/cc    -o CMakeFiles/cmTC_15e50.dir/CheckIncludeFile.c.o   -c /root/catkin_ws/newui_Greyform/build/CMakeFiles/CMakeTmp/CheckIncludeFile.c
Linking C executable cmTC_15e50
/usr/bin/cmake -E cmake_link_script CMakeFiles/cmTC_15e50.dir/link.txt --verbose=1
/usr/bin/cc      CMakeFiles/cmTC_15e50.dir/CheckIncludeFile.c.o  -o cmTC_15e50 
make[1]: Leaving directory '/root/catkin_ws/newui_Greyform/build/CMakeFiles/CMakeTmp'



Determining if the function pthread_create exists in the pthread passed with the following output:
Change Dir: /root/catkin_ws/newui_Greyform/build/CMakeFiles/CMakeTmp

Run Build Command(s):/usr/bin/make cmTC_a79e2/fast && /usr/bin/make -f CMakeFiles/cmTC_a79e2.dir/build.make CMakeFiles/cmTC_a79e2.dir/build
make[1]: Entering directory '/root/catkin_ws/newui_Greyform/build/CMakeFiles/CMakeTmp'
Building C object CMakeFiles/cmTC_a79e2.dir/CheckFunctionExists.c.o
/usr/bin/cc   -DCHECK_FUNCTION_EXISTS=pthread_create   -o CMakeFiles/cmTC_a79e2.dir/CheckFunctionExists.c.o   -c /usr/share/cmake-3.16/Modules/CheckFunctionExists.c
Linking C executable cmTC_a79e2
/usr/bin/cmake -E cmake_link_script CMakeFiles/cmTC_a79e2.dir/link.txt --verbose=1
/usr/bin/cc  -DCHECK_FUNCTION_EXISTS=pthread_create    CMakeFiles/cmTC_a79e2.dir/CheckFunctionExists.c.o  -o cmTC_a79e2  -lpthread 
make[1]: Leaving directory '/root/catkin_ws/newui_Greyform/build/CMakeFiles/CMakeTmp'



The system is: Linux - 6.8.0-47-generic - x86_64
Compiling the C compiler identification source file "CMakeCCompilerId.c" succeeded.
Compiler: /usr/bin/cc 
Build flags: 
Id flags:  

The output was:
0


Compilation of the C compiler identification source "CMakeCCompilerId.c" produced "a.out"

The C compiler identification is GNU, found in "/root/catkin_ws/newui_Greyform/build/CMakeFiles/3.16.3/CompilerIdC/a.out"

Compiling the CXX compiler identification source file "CMakeCXXCompilerId.cpp" succeeded.
Compiler: /usr/bin/c++ 
Build flags: 
Id flags:  

The output was:
0


Compilation of the CXX compiler identification source "CMakeCXXCompilerId.cpp" produced "a.out"

The CXX compiler identification is GNU, found in "/root/catkin_ws/newui_Greyform/build/CMakeFiles/3.16.3/CompilerIdCXX/a.out"

Determining if the C compiler works passed with the following output:
Change Dir: /root/catkin_ws/newui_Greyform/build/CMakeFiles/CMakeTmp

Run Build Command(s):/usr/bin/make cmTC_889c5/fast && /usr/bin/make -f CMakeFiles/cmTC_889c5.dir/build.make CMakeFiles/cmTC_889c5.dir/build
make[1]: Entering directory '/root/catkin_ws/newui_Greyform/build/CMakeFiles/CMakeTmp'
Building C object CMakeFiles/cmTC_889c5.dir/testCCompiler.c.o
/usr/bin/cc    -o CMakeFiles/cmTC_889c5.dir/testCCompiler.c.o   -c /root/catkin_ws/newui_Greyform/build/CMakeFiles/CMakeTmp/testCCompiler.c
Linking C executable cmTC_889c5
/usr/bin/cmake -E cmake_link_script CMakeFiles/cmTC_889c5.dir/link.txt --verbose=1
/usr/bin/cc      CMakeFiles/cmTC_889c5.dir/testCCompiler.c.o  -o cmTC_889c5 
make[1]: Leaving directory '/root/catkin_ws/newui_Greyform/build/CMakeFiles/CMakeTmp'



Detecting C compiler ABI info compiled with the following output:
Change Dir: /root/catkin_ws/newui_Greyform/build/CMakeFiles/CMakeTmp

Run Build Command(s):/usr/bin/make cmTC_01c98/fast && /usr/bin/make -f CMakeFiles/cmTC_01c98.dir/build.make CMakeFiles/cmTC_01c98.dir/build
make[1]: Entering directory '/root/catkin_ws/newui_Greyform/build/CMakeFiles/CMakeTmp'
Building C object CMakeFiles/cmTC_01c98.dir/CMakeCCompilerABI.c.o
/usr/bin/cc   -v -o CMakeFiles/cmTC_01c98.dir/CMakeCCompilerABI.c.o   -c /usr/share/cmake-3.16/Modules/CMakeCCompilerABI.c
Using built-in specs.
COLLECT_GCC=/usr/bin/cc
OFFLOAD_TARGET_NAMES=nvptx-none:hsa
OFFLOAD_TARGET_DEFAULT=1
Target: x86_64-linux-gnu
Configured with: ../src/configure -v --with-pkgversion='Ubuntu 9.4.0-1ubuntu1~20.04.2' --with-bugurl=file:///usr/share/doc/gcc-9/README.Bugs --enable-languages=c,ada,c++,go,brig,d,fortran,objc,obj-c++,gm2 --prefix=/usr --with-gcc-major-version-only --program-suffix=-9 --program-prefix=x86_64-linux-gnu- --enable-shared --enable-linker-build-id --libexecdir=/usr/lib --without-included-gettext --enable-threads=posix --libdir=/usr/lib --enable-nls --enable-clocale=gnu --enable-libstdcxx-debug --enable-libstdcxx-time=yes --with-default-libstdcxx-abi=new --enable-gnu-unique-object --disable-vtable-verify --enable-plugin --enable-default-pie --with-system-zlib --with-target-system-zlib=auto --enable-objc-gc=auto --enable-multiarch --disable-werror --with-arch-32=i686 --with-abi=m64 --with-multilib-list=m32,m64,mx32 --enable-multilib --with-tune=generic --enable-offload-targets=nvptx-none=/build/gcc-9-9QDOt0/gcc-9-9.4.0/debian/tmp-nvptx/usr,hsa --without-cuda-driver --enable-checking=release --build=x86_64-linux-gnu --host=x86_64-linux-gnu --target=x86_64-linux-gnu
Thread model: posix
gcc version 9.4.0 (Ubuntu 9.4.0-1ubuntu1~20.04.2) 
COLLECT_GCC_OPTIONS='-v' '-o' 'CMakeFiles/cmTC_01c98.dir/CMakeCCompilerABI.c.o' '-c' '-mtune=generic' '-march=x86-64'
 /usr/lib/gcc/x86_64-linux-gnu/9/cc1 -quiet -v -imultiarch x86_64-linux-gnu /usr/share/cmake-3.16/Modules/CMakeCCompilerABI.c -quiet -dumpbase CMakeCCompilerABI.c -mtune=generic -march=x86-64 -auxbase-strip CMakeFiles/cmTC_01c98.dir/CMakeCCompilerABI.c.o -version -fasynchronous-unwind-tables -fstack-protector-strong -Wformat -Wformat-security -fstack-clash-protection -fcf-protection -o /tmp/ccwuMSgr.s
GNU C17 (Ubuntu 9.4.0-1ubuntu1~20.04.2) version 9.4.0 (x86_64-linux-gnu)
	compiled by GNU C version 9.4.0, GMP version 6.2.0, MPFR version 4.0.2, MPC version 1.1.0, isl version isl-0.22.1-GMP

GGC heuristics: --param ggc-min-expand=100 --param ggc-min-heapsize=131072
ignoring nonexistent directory "/usr/local/include/x86_64-linux-gnu"
ignoring nonexistent directory "/usr/lib/gcc/x86_64-linux-gnu/9/include-fixed"
ignoring nonexistent directory "/usr/lib/gcc/x86_64-linux-gnu/9/../../../../x86_64-linux-gnu/include"
#include "..." search starts here:
#include <...> search starts here:
 /usr/lib/gcc/x86_64-linux-gnu/9/include
 /usr/local/include
 /usr/include/x86_64-linux-gnu
 /usr/include
End of search list.
GNU C17 (Ubuntu 9.4.0-1ubuntu1~20.04.2) version 9.4.0 (x86_64-linux-gnu)
	compiled by GNU C version 9.4.0, GMP version 6.2.0, MPFR version 4.0.2, MPC version 1.1.0, isl version isl-0.22.1-GMP

GGC heuristics: --param ggc-min-expand=100 --param ggc-min-heapsize=131072
Compiler executable checksum: 01da938ff5dc2163489aa33cb3b747a7
COLLECT_GCC_OPTIONS='-v' '-o' 'CMakeFiles/cmTC_01c98.dir/CMakeCCompilerABI.c.o' '-c' '-mtune=generic' '-march=x86-64'
 as -v --64 -o CMakeFiles/cmTC_01c98.dir/CMakeCCompilerABI.c.o /tmp/ccwuMSgr.s
GNU assembler version 2.34 (x86_64-linux-gnu) using BFD version (GNU Binutils for Ubuntu) 2.34
COMPILER_PATH=/usr/lib/gcc/x86_64-linux-gnu/9/:/usr/lib/gcc/x86_64-linux-gnu/9/:/usr/lib/gcc/x86_64-linux-gnu/:/usr/lib/gcc/x86_64-linux-gnu/9/:/usr/lib/gcc/x86_64-linux-gnu/
LIBRARY_PATH=/usr/lib/gcc/x86_64-linux-gnu/9/:/usr/lib/gcc/x86_64-linux-gnu/9/../../../x86_64-linux-gnu/:/usr/lib/gcc/x86_64-linux-gnu/9/../../../../lib/:/lib/x86_64-linux-gnu/:/lib/../lib/:/usr/lib/x86_64-linux-gnu/:/usr/lib/../lib/:/usr/lib/gcc/x86_64-linux-gnu/9/../../../:/lib/:/usr/lib/
COLLECT_GCC_OPTIONS='-v' '-o' 'CMakeFiles/cmTC_01c98.dir/CMakeCCompilerABI.c.o' '-c' '-mtune=generic' '-march=x86-64'
Linking C executable cmTC_01c98
/usr/bin/cmake -E cmake_link_script CMakeFiles/cmTC_01c98.dir/link.txt --verbose=1
/usr/bin/cc     -v CMakeFiles/cmTC_01c98.dir/CMakeCCompilerABI.c.o  -o cmTC_01c98 
Using built-in specs.
COLLECT_GCC=/usr/bin/cc
COLLECT_LTO_WRAPPER=/usr/lib/gcc/x86_64-linux-gnu/9/lto-wrapper
OFFLOAD_TARGET_NAMES=nvptx-none:hsa
OFFLOAD_TARGET_DEFAULT=1
Target: x86_64-linux-gnu
Configured with: ../src/configure -v --with-pkgversion='Ubuntu 9.4.0-1ubuntu1~20.04.2' --with-bugurl=file:///usr/share/doc/gcc-9/README.Bugs --enable-languages=c,ada,c++,go,brig,d,fortran,objc,obj-c++,gm2 --prefix=/usr --with-gcc-major-version-only --program-suffix=-9 --program-prefix=x86_64-linux-gnu- --enable-shared --enable-linker-build-id --libexecdir=/usr/lib --without-included-gettext --enable-threads=posix --libdir=/usr/lib --enable-nls --enable-clocale=gnu --enable-libstdcxx-debug --enable-libstdcxx-time=yes --with-default-libstdcxx-abi=new --enable-gnu-unique-object --disable-vtable-verify --enable-plugin --enable-default-pie --with-system-zlib --with-target-system-zlib=auto --enable-objc-gc=auto --enable-multiarch --disable-werror --with-arch-32=i686 --with-abi=m64 --with-multilib-list=m32,m64,mx32 --enable-multilib --with-tune=generic --enable-offload-targets=nvptx-none=/build/gcc-9-9QDOt0/gcc-9-9.4.0/debian/tmp-nvptx/usr,hsa --without-cuda-driver --enable-checking=release --build=x86_64-linux-gnu --host=x86_64-linux-gnu --target=x86_64-linux-gnu
Thread model: posix
gcc version 9.4.0 (Ubuntu 9.4.0-1ubuntu1~20.04.2) 
COMPILER_PATH=/usr/lib/gcc/x86_64-linux-gnu/9/:/usr/lib/gcc/x86_64-linux-gnu/9/:/usr/lib/gcc/x86_64-linux-gnu/:/usr/lib/gcc/x86_64-linux-gnu/9/:/usr/lib/gcc/x86_64-linux-gnu/
LIBRARY_PATH=/usr/lib/gcc/x86_64-linux-gnu/9/:/usr/lib/gcc/x86_64-linux-gnu/9/../../../x86_64-linux-gnu/:/usr/lib/gcc/x86_64-linux-gnu/9/../../../../lib/:/lib/x86_64-linux-gnu/:/lib/../lib/:/usr/lib/x86_64-linux-gnu/:/usr/lib/../lib/:/usr/lib/gcc/x86_64-linux-gnu/9/../../../:/lib/:/usr/lib/
COLLECT_GCC_OPTIONS='-v' '-o' 'cmTC_01c98' '-mtune=generic' '-march=x86-64'
 /usr/lib/gcc/x86_64-linux-gnu/9/collect2 -plugin /usr/lib/gcc/x86_64-linux-gnu/9/liblto_plugin.so -plugin-opt=/usr/lib/gcc/x86_64-linux-gnu/9/lto-wrapper -plugin-opt=-fresolution=/tmp/ccqhdD8U.res -plugin-opt=-pass-through=-lgcc -plugin-opt=-pass-through=-lgcc_s -plugin-opt=-pass-through=-lc -plugin-opt=-pass-through=-lgcc -plugin-opt=-pass-through=-lgcc_s --build-id --eh-frame-hdr -m elf_x86_64 --hash-style=gnu --as-needed -dynamic-linker /lib64/ld-linux-x86-64.so.2 -pie -z now -z relro -o cmTC_01c98 /usr/lib/gcc/x86_64-linux-gnu/9/../../../x86_64-linux-gnu/Scrt1.o /usr/lib/gcc/x86_64-linux-gnu/9/../../../x86_64-linux-gnu/crti.o /usr/lib/gcc/x86_64-linux-gnu/9/crtbeginS.o -L/usr/lib/gcc/x86_64-linux-gnu/9 -L/usr/lib/gcc/x86_64-linux-gnu/9/../../../x86_64-linux-gnu -L/usr/lib/gcc/x86_64-linux-gnu/9/../../../../lib -L/lib/x86_64-linux-gnu -L/lib/../lib -L/usr/lib/x86_64-linux-gnu -L/usr/lib/../lib -L/usr/lib/gcc/x86_64-linux-gnu/9/../../.. CMakeFiles/cmTC_01c98.dir/CMakeCCompilerABI.c.o -lgcc --push-state --as-needed -lgcc_s --pop-state -lc -lgcc --push-state --as-needed -lgcc_s --pop-state /usr/lib/gcc/x86_64-linux-gnu/9/crtendS.o /usr/lib/gcc/x86_64-linux-gnu/9/../../../x86_64-linux-gnu/crtn.o
COLLECT_GCC_OPTIONS='-v' '-o' 'cmTC_01c98' '-mtune=generic' '-march=x86-64'
make[1]: Leaving directory '/root/catkin_ws/newui_Greyform/build/CMakeFiles/CMakeTmp'



Parsed C implicit include dir info from above output: rv=done
  found start of include info
  found start of implicit include info
    add: [/usr/lib/gcc/x86_64-linux-gnu/9/include]
    add: [/usr/local/include]
    add: [/usr/include/x86_64-linux-gnu]
    add: [/usr/include]
  end of search list found
  collapse include dir [/usr/lib/gcc/x86_64-linux-gnu/9/include] ==> [/usr/lib/gcc/x86_64-linux-gnu/9/include]
  collapse include dir [/usr/local/include] ==> [/usr/local/include]
  collapse include dir [/usr/include/x86_64-linux-gnu] ==> [/usr/include/x86_64-linux-gnu]
  collapse include dir [/usr/include] ==> [/usr/include]
  implicit include dirs: [/usr/lib/gcc/x86_64-linux-gnu/9/include;/usr/local/include;/usr/include/x86_64-linux-gnu;/usr/include]


Parsed C implicit link information from above output:
  link line regex: [^( *|.*[/\])(ld|CMAKE_LINK_STARTFILE-NOTFOUND|([^/\]+-)?ld|collect2)[^/\]*( |$)]
  ignore line: [Change Dir: /root/catkin_ws/newui_Greyform/build/CMakeFiles/CMakeTmp]
  ignore line: []
  ignore line: [Run Build Command(s):/usr/bin/make cmTC_01c98/fast && /usr/bin/make -f CMakeFiles/cmTC_01c98.dir/build.make CMakeFiles/cmTC_01c98.dir/build]
  ignore line: [make[1]: Entering directory '/root/catkin_ws/newui_Greyform/build/CMakeFiles/CMakeTmp']
  ignore line: [Building C object CMakeFiles/cmTC_01c98.dir/CMakeCCompilerABI.c.o]
  ignore line: [/usr/bin/cc   -v -o CMakeFiles/cmTC_01c98.dir/CMakeCCompilerABI.c.o   -c /usr/share/cmake-3.16/Modules/CMakeCCompilerABI.c]
  ignore line: [Using built-in specs.]
  ignore line: [COLLECT_GCC=/usr/bin/cc]
  ignore line: [OFFLOAD_TARGET_NAMES=nvptx-none:hsa]
  ignore line: [OFFLOAD_TARGET_DEFAULT=1]
  ignore line: [Target: x86_64-linux-gnu]
  ignore line: [Configured with: ../src/configure -v --with-pkgversion='Ubuntu 9.4.0-1ubuntu1~20.04.2' --with-bugurl=file:///usr/share/doc/gcc-9/README.Bugs --enable-languages=c ada c++ go brig d fortran objc obj-c++ gm2 --prefix=/usr --with-gcc-major-version-only --program-suffix=-9 --program-prefix=x86_64-linux-gnu- --enable-shared --enable-linker-build-id --libexecdir=/usr/lib --without-included-gettext --enable-threads=posix --libdir=/usr/lib --enable-nls --enable-clocale=gnu --enable-libstdcxx-debug --enable-libstdcxx-time=yes --with-default-libstdcxx-abi=new --enable-gnu-unique-object --disable-vtable-verify --enable-plugin --enable-default-pie --with-system-zlib --with-target-system-zlib=auto --enable-objc-gc=auto --enable-multiarch --disable-werror --with-arch-32=i686 --with-abi=m64 --with-multilib-list=m32 m64 mx32 --enable-multilib --with-tune=generic --enable-offload-targets=nvptx-none=/build/gcc-9-9QDOt0/gcc-9-9.4.0/debian/tmp-nvptx/usr hsa --without-cuda-driver --enable-checking=release --build=x86_64-linux-gnu --host=x86_64-linux-gnu --target=x86_64-linux-gnu]
  ignore line: [Thread model: posix]
  ignore line: [gcc version 9.4.0 (Ubuntu 9.4.0-1ubuntu1~20.04.2) ]
  ignore line: [COLLECT_GCC_OPTIONS='-v' '-o' 'CMakeFiles/cmTC_01c98.dir/CMakeCCompilerABI.c.o' '-c' '-mtune=generic' '-march=x86-64']
  ignore line: [ /usr/lib/gcc/x86_64-linux-gnu/9/cc1 -quiet -v -imultiarch x86_64-linux-gnu /usr/share/cmake-3.16/Modules/CMakeCCompilerABI.c -quiet -dumpbase CMakeCCompilerABI.c -mtune=generic -march=x86-64 -auxbase-strip CMakeFiles/cmTC_01c98.dir/CMakeCCompilerABI.c.o -version -fasynchronous-unwind-tables -fstack-protector-strong -Wformat -Wformat-security -fstack-clash-protection -fcf-protection -o /tmp/ccwuMSgr.s]
  ignore line: [GNU C17 (Ubuntu 9.4.0-1ubuntu1~20.04.2) version 9.4.0 (x86_64-linux-gnu)]
  ignore line: [	compiled by GNU C version 9.4.0  GMP version 6.2.0  MPFR version 4.0.2  MPC version 1.1.0  isl version isl-0.22.1-GMP]
  ignore line: []
  ignore line: [GGC heuristics: --param ggc-min-expand=100 --param ggc-min-heapsize=131072]
  ignore line: [ignoring nonexistent directory "/usr/local/include/x86_64-linux-gnu"]
  ignore line: [ignoring nonexistent directory "/usr/lib/gcc/x86_64-linux-gnu/9/include-fixed"]
  ignore line: [ignoring nonexistent directory "/usr/lib/gcc/x86_64-linux-gnu/9/../../../../x86_64-linux-gnu/include"]
  ignore line: [#include "..." search starts here:]
  ignore line: [#include <...> search starts here:]
  ignore line: [ /usr/lib/gcc/x86_64-linux-gnu/9/include]
  ignore line: [ /usr/local/include]
  ignore line: [ /usr/include/x86_64-linux-gnu]
  ignore line: [ /usr/include]
  ignore line: [End of search list.]
  ignore line: [GNU C17 (Ubuntu 9.4.0-1ubuntu1~20.04.2) version 9.4.0 (x86_64-linux-gnu)]
  ignore line: [	compiled by GNU C version 9.4.0  GMP version 6.2.0  MPFR version 4.0.2  MPC version 1.1.0  isl version isl-0.22.1-GMP]
  ignore line: []
  ignore line: [GGC heuristics: --param ggc-min-expand=100 --param ggc-min-heapsize=131072]
  ignore line: [Compiler executable checksum: 01da938ff5dc2163489aa33cb3b747a7]
  ignore line: [COLLECT_GCC_OPTIONS='-v' '-o' 'CMakeFiles/cmTC_01c98.dir/CMakeCCompilerABI.c.o' '-c' '-mtune=generic' '-march=x86-64']
  ignore line: [ as -v --64 -o CMakeFiles/cmTC_01c98.dir/CMakeCCompilerABI.c.o /tmp/ccwuMSgr.s]
  ignore line: [GNU assembler version 2.34 (x86_64-linux-gnu) using BFD version (GNU Binutils for Ubuntu) 2.34]
  ignore line: [COMPILER_PATH=/usr/lib/gcc/x86_64-linux-gnu/9/:/usr/lib/gcc/x86_64-linux-gnu/9/:/usr/lib/gcc/x86_64-linux-gnu/:/usr/lib/gcc/x86_64-linux-gnu/9/:/usr/lib/gcc/x86_64-linux-gnu/]
  ignore line: [LIBRARY_PATH=/usr/lib/gcc/x86_64-linux-gnu/9/:/usr/lib/gcc/x86_64-linux-gnu/9/../../../x86_64-linux-gnu/:/usr/lib/gcc/x86_64-linux-gnu/9/../../../../lib/:/lib/x86_64-linux-gnu/:/lib/../lib/:/usr/lib/x86_64-linux-gnu/:/usr/lib/../lib/:/usr/lib/gcc/x86_64-linux-gnu/9/../../../:/lib/:/usr/lib/]
  ignore line: [COLLECT_GCC_OPTIONS='-v' '-o' 'CMakeFiles/cmTC_01c98.dir/CMakeCCompilerABI.c.o' '-c' '-mtune=generic' '-march=x86-64']
  ignore line: [Linking C executable cmTC_01c98]
  ignore line: [/usr/bin/cmake -E cmake_link_script CMakeFiles/cmTC_01c98.dir/link.txt --verbose=1]
  ignore line: [/usr/bin/cc     -v CMakeFiles/cmTC_01c98.dir/CMakeCCompilerABI.c.o  -o cmTC_01c98 ]
  ignore line: [Using built-in specs.]
  ignore line: [COLLECT_GCC=/usr/bin/cc]
  ignore line: [COLLECT_LTO_WRAPPER=/usr/lib/gcc/x86_64-linux-gnu/9/lto-wrapper]
  ignore line: [OFFLOAD_TARGET_NAMES=nvptx-none:hsa]
  ignore line: [OFFLOAD_TARGET_DEFAULT=1]
  ignore line: [Target: x86_64-linux-gnu]
  ignore line: [Configured with: ../src/configure -v --with-pkgversion='Ubuntu 9.4.0-1ubuntu1~20.04.2' --with-bugurl=file:///usr/share/doc/gcc-9/README.Bugs --enable-languages=c ada c++ go brig d fortran objc obj-c++ gm2 --prefix=/usr --with-gcc-major-version-only --program-suffix=-9 --program-prefix=x86_64-linux-gnu- --enable-shared --enable-linker-build-id --libexecdir=/usr/lib --without-included-gettext --enable-threads=posix --libdir=/usr/lib --enable-nls --enable-clocale=gnu --enable-libstdcxx-debug --enable-libstdcxx-time=yes --with-default-libstdcxx-abi=new --enable-gnu-unique-object --disable-vtable-verify --enable-plugin --enable-default-pie --with-system-zlib --with-target-system-zlib=auto --enable-objc-gc=auto --enable-multiarch --disable-werror --with-arch-32=i686 --with-abi=m64 --with-multilib-list=m32 m64 mx32 --enable-multilib --with-tune=generic --enable-offload-targets=nvptx-none=/build/gcc-9-9QDOt0/gcc-9-9.4.0/debian/tmp-nvptx/usr hsa --without-cuda-driver --enable-checking=release --build=x86_64-linux-gnu --host=x86_64-linux-gnu --target=x86_64-linux-gnu]
  ignore line: [Thread model: posix]
  ignore line: [gcc version 9.4.0 (Ubuntu 9.4.0-1ubuntu1~20.04.2) ]
  ignore line: [COMPILER_PATH=/usr/lib/gcc/x86_64-linux-gnu/9/:/usr/lib/gcc/x86_64-linux-gnu/9/:/usr/lib/gcc/x86_64-linux-gnu/:/usr/lib/gcc/x86_64-linux-gnu/9/:/usr/lib/gcc/x86_64-linux-gnu/]
  ignore line: [LIBRARY_PATH=/usr/lib/gcc/x86_64-linux-gnu/9/:/usr/lib/gcc/x86_64-linux-gnu/9/../../../x86_64-linux-gnu/:/usr/lib/gcc/x86_64-linux-gnu/9/../../../../lib/:/lib/x86_64-linux-gnu/:/lib/../lib/:/usr/lib/x86_64-linux-gnu/:/usr/lib/../lib/:/usr/lib/gcc/x86_64-linux-gnu/9/../../../:/lib/:/usr/lib/]
  ignore line: [COLLECT_GCC_OPTIONS='-v' '-o' 'cmTC_01c98' '-mtune=generic' '-march=x86-64']
  link line: [ /usr/lib/gcc/x86_64-linux-gnu/9/collect2 -plugin /usr/lib/gcc/x86_64-linux-gnu/9/liblto_plugin.so -plugin-opt=/usr/lib/gcc/x86_64-linux-gnu/9/lto-wrapper -plugin-opt=-fresolution=/tmp/ccqhdD8U.res -plugin-opt=-pass-through=-lgcc -plugin-opt=-pass-through=-lgcc_s -plugin-opt=-pass-through=-lc -plugin-opt=-pass-through=-lgcc -plugin-opt=-pass-through=-lgcc_s --build-id --eh-frame-hdr -m elf_x86_64 --hash-style=gnu --as-needed -dynamic-linker /lib64/ld-linux-x86-64.so.2 -pie -z now -z relro -o cmTC_01c98 /usr/lib/gcc/x86_64-linux-gnu/9/../../../x86_64-linux-gnu/Scrt1.o /usr/lib/gcc/x86_64-linux-gnu/9/../../../x86_64-linux-gnu/crti.o /usr/lib/gcc/x86_64-linux-gnu/9/crtbeginS.o -L/usr/lib/gcc/x86_64-linux-gnu/9 -L/usr/lib/gcc/x86_64-linux-gnu/9/../../../x86_64-linux-gnu -L/usr/lib/gcc/x86_64-linux-gnu/9/../../../../lib -L/lib/x86_64-linux-gnu -L/lib/../lib -L/usr/lib/x86_64-linux-gnu -L/usr/lib/../lib -L/usr/lib/gcc/x86_64-linux-gnu/9/../../.. CMakeFiles/cmTC_01c98.dir/CMakeCCompilerABI.c.o -lgcc --push-state --as-needed -lgcc_s --pop-state -lc -lgcc --push-state --as-needed -lgcc_s --pop-state /usr/lib/gcc/x86_64-linux-gnu/9/crtendS.o /usr/lib/gcc/x86_64-linux-gnu/9/../../../x86_64-linux-gnu/crtn.o]
    arg [/usr/lib/gcc/x86_64-linux-gnu/9/collect2] ==> ignore
    arg [-plugin] ==> ignore
    arg [/usr/lib/gcc/x86_64-linux-gnu/9/liblto_plugin.so] ==> ignore
    arg [-plugin-opt=/usr/lib/gcc/x86_64-linux-gnu/9/lto-wrapper] ==> ignore
    arg [-plugin-opt=-fresolution=/tmp/ccqhdD8U.res] ==> ignore
    arg [-plugin-opt=-pass-through=-lgcc] ==> ignore
    arg [-plugin-opt=-pass-through=-lgcc_s] ==> ignore
    arg [-plugin-opt=-pass-through=-lc] ==> ignore
    arg [-plugin-opt=-pass-through=-lgcc] ==> ignore
    arg [-plugin-opt=-pass-through=-lgcc_s] ==> ignore
    arg [--build-id] ==> ignore
    arg [--eh-frame-hdr] ==> ignore
    arg [-m] ==> ignore
    arg [elf_x86_64] ==> ignore
    arg [--hash-style=gnu] ==> ignore
    arg [--as-needed] ==> ignore
    arg [-dynamic-linker] ==> ignore
    arg [/lib64/ld-linux-x86-64.so.2] ==> ignore
    arg [-pie] ==> ignore
    arg [-znow] ==> ignore
    arg [-zrelro] ==> ignore
    arg [-o] ==> ignore
    arg [cmTC_01c98] ==> ignore
    arg [/usr/lib/gcc/x86_64-linux-gnu/9/../../../x86_64-linux-gnu/Scrt1.o] ==> ignore
    arg [/usr/lib/gcc/x86_64-linux-gnu/9/../../../x86_64-linux-gnu/crti.o] ==> ignore
    arg [/usr/lib/gcc/x86_64-linux-gnu/9/crtbeginS.o] ==> ignore
    arg [-L/usr/lib/gcc/x86_64-linux-gnu/9] ==> dir [/usr/lib/gcc/x86_64-linux-gnu/9]
    arg [-L/usr/lib/gcc/x86_64-linux-gnu/9/../../../x86_64-linux-gnu] ==> dir [/usr/lib/gcc/x86_64-linux-gnu/9/../../../x86_64-linux-gnu]
    arg [-L/usr/lib/gcc/x86_64-linux-gnu/9/../../../../lib] ==> dir [/usr/lib/gcc/x86_64-linux-gnu/9/../../../../lib]
    arg [-L/lib/x86_64-linux-gnu] ==> dir [/lib/x86_64-linux-gnu]
    arg [-L/lib/../lib] ==> dir [/lib/../lib]
    arg [-L/usr/lib/x86_64-linux-gnu] ==> dir [/usr/lib/x86_64-linux-gnu]
    arg [-L/usr/lib/../lib] ==> dir [/usr/lib/../lib]
    arg [-L/usr/lib/gcc/x86_64-linux-gnu/9/../../..] ==> dir [/usr/lib/gcc/x86_64-linux-gnu/9/../../..]
    arg [CMakeFiles/cmTC_01c98.dir/CMakeCCompilerABI.c.o] ==> ignore
    arg [-lgcc] ==> lib [gcc]
    arg [--push-state] ==> ignore
    arg [--as-needed] ==> ignore
    arg [-lgcc_s] ==> lib [gcc_s]
    arg [--pop-state] ==> ignore
    arg [-lc] ==> lib [c]
    arg [-lgcc] ==> lib [gcc]
    arg [--push-state] ==> ignore
    arg [--as-needed] ==> ignore
    arg [-lgcc_s] ==> lib [gcc_s]
    arg [--pop-state] ==> ignore
    arg [/usr/lib/gcc/x86_64-linux-gnu/9/crtendS.o] ==> ignore
    arg [/usr/lib/gcc/x86_64-linux-gnu/9/../../../x86_64-linux-gnu/crtn.o] ==> ignore
  collapse library dir [/usr/lib/gcc/x86_64-linux-gnu/9] ==> [/usr/lib/gcc/x86_64-linux-gnu/9]
  collapse library dir [/usr/lib/gcc/x86_64-linux-gnu/9/../../../x86_64-linux-gnu] ==> [/usr/lib/x86_64-linux-gnu]
  collapse library dir [/usr/lib/gcc/x86_64-linux-gnu/9/../../../../lib] ==> [/usr/lib]
  collapse library dir [/lib/x86_64-linux-gnu] ==> [/lib/x86_64-linux-gnu]
  collapse library dir [/lib/../lib] ==> [/lib]
  collapse library dir [/usr/lib/x86_64-linux-gnu] ==> [/usr/lib/x86_64-linux-gnu]
  collapse library dir [/usr/lib/../lib] ==> [/usr/lib]
  collapse library dir [/usr/lib/gcc/x86_64-linux-gnu/9/../../..] ==> [/usr/lib]
  implicit libs: [gcc;gcc_s;c;gcc;gcc_s]
  implicit dirs: [/usr/lib/gcc/x86_64-linux-gnu/9;/usr/lib/x86_64-linux-gnu;/usr/lib;/lib/x86_64-linux-gnu;/lib]
  implicit fwks: []


Determining if the CXX compiler works passed with the following output:
Change Dir: /root/catkin_ws/newui_Greyform/build/CMakeFiles/CMakeTmp

Run Build Command(s):/usr/bin/make cmTC_4aff9/fast && /usr/bin/make -f CMakeFiles/cmTC_4aff9.dir/build.make CMakeFiles/cmTC_4aff9.dir/build
make[1]: Entering directory '/root/catkin_ws/newui_Greyform/build/CMakeFiles/CMakeTmp'
Building CXX object CMakeFiles/cmTC_4aff9.dir/testCXXCompiler.cxx.o
/usr/bin/c++     -o CMakeFiles/cmTC_4aff9.dir/testCXXCompiler.cxx.o -c /root/catkin_ws/newui_Greyform/build/CMakeFiles/CMakeTmp/testCXXCompiler.cxx
Linking CXX executable cmTC_4aff9
/usr/bin/cmake -E cmake_link_script CMakeFiles/cmTC_4aff9.dir/link.txt --verbose=1
/usr/bin/c++       CMakeFiles/cmTC_4aff9.dir/testCXXCompiler.cxx.o  -o cmTC_4aff9 
make[1]: Leaving directory '/root/catkin_ws/newui_Greyform/build/CMakeFiles/CMakeTmp'



Detecting CXX compiler ABI info compiled with the following output:
Change Dir: /root/catkin_ws/newui_Greyform/build/CMakeFiles/CMakeTmp

Run Build Command(s):/usr/bin/make cmTC_4977d/fast && /usr/bin/make -f CMakeFiles/cmTC_4977d.dir/build.make CMakeFiles/cmTC_4977d.dir/build
make[1]: Entering directory '/root/catkin_ws/newui_Greyform/build/CMakeFiles/CMakeTmp'
Building CXX object CMakeFiles/cmTC_4977d.dir/CMakeCXXCompilerABI.cpp.o
/usr/bin/c++    -v -o CMakeFiles/cmTC_4977d.dir/CMakeCXXCompilerABI.cpp.o -c /usr/share/cmake-3.16/Modules/CMakeCXXCompilerABI.cpp
Using built-in specs.
COLLECT_GCC=/usr/bin/c++
OFFLOAD_TARGET_NAMES=nvptx-none:hsa
OFFLOAD_TARGET_DEFAULT=1
Target: x86_64-linux-gnu
Configured with: ../src/configure -v --with-pkgversion='Ubuntu 9.4.0-1ubuntu1~20.04.2' --with-bugurl=file:///usr/share/doc/gcc-9/README.Bugs --enable-languages=c,ada,c++,go,brig,d,fortran,objc,obj-c++,gm2 --prefix=/usr --with-gcc-major-version-only --program-suffix=-9 --program-prefix=x86_64-linux-gnu- --enable-shared --enable-linker-build-id --libexecdir=/usr/lib --without-included-gettext --enable-threads=posix --libdir=/usr/lib --enable-nls --enable-clocale=gnu --enable-libstdcxx-debug --enable-libstdcxx-time=yes --with-default-libstdcxx-abi=new --enable-gnu-unique-object --disable-vtable-verify --enable-plugin --enable-default-pie --with-system-zlib --with-target-system-zlib=auto --enable-objc-gc=auto --enable-multiarch --disable-werror --with-arch-32=i686 --with-abi=m64 --with-multilib-list=m32,m64,mx32 --enable-multilib --with-tune=generic --enable-offload-targets=nvptx-none=/build/gcc-9-9QDOt0/gcc-9-9.4.0/debian/tmp-nvptx/usr,hsa --without-cuda-driver --enable-checking=release --build=x86_64-linux-gnu --host=x86_64-linux-gnu --target=x86_64-linux-gnu
Thread model: posix
gcc version 9.4.0 (Ubuntu 9.4.0-1ubuntu1~20.04.2) 
COLLECT_GCC_OPTIONS='-v' '-o' 'CMakeFiles/cmTC_4977d.dir/CMakeCXXCompilerABI.cpp.o' '-c' '-shared-libgcc' '-mtune=generic' '-march=x86-64'
 /usr/lib/gcc/x86_64-linux-gnu/9/cc1plus -quiet -v -imultiarch x86_64-linux-gnu -D_GNU_SOURCE /usr/share/cmake-3.16/Modules/CMakeCXXCompilerABI.cpp -quiet -dumpbase CMakeCXXCompilerABI.cpp -mtune=generic -march=x86-64 -auxbase-strip CMakeFiles/cmTC_4977d.dir/CMakeCXXCompilerABI.cpp.o -version -fasynchronous-unwind-tables -fstack-protector-strong -Wformat -Wformat-security -fstack-clash-protection -fcf-protection -o /tmp/cc27qmPs.s
GNU C++14 (Ubuntu 9.4.0-1ubuntu1~20.04.2) version 9.4.0 (x86_64-linux-gnu)
	compiled by GNU C version 9.4.0, GMP version 6.2.0, MPFR version 4.0.2, MPC version 1.1.0, isl version isl-0.22.1-GMP

GGC heuristics: --param ggc-min-expand=100 --param ggc-min-heapsize=131072
ignoring duplicate directory "/usr/include/x86_64-linux-gnu/c++/9"
ignoring nonexistent directory "/usr/local/include/x86_64-linux-gnu"
ignoring nonexistent directory "/usr/lib/gcc/x86_64-linux-gnu/9/include-fixed"
ignoring nonexistent directory "/usr/lib/gcc/x86_64-linux-gnu/9/../../../../x86_64-linux-gnu/include"
#include "..." search starts here:
#include <...> search starts here:
 /usr/include/c++/9
 /usr/include/x86_64-linux-gnu/c++/9
 /usr/include/c++/9/backward
 /usr/lib/gcc/x86_64-linux-gnu/9/include
 /usr/local/include
 /usr/include/x86_64-linux-gnu
 /usr/include
End of search list.
GNU C++14 (Ubuntu 9.4.0-1ubuntu1~20.04.2) version 9.4.0 (x86_64-linux-gnu)
	compiled by GNU C version 9.4.0, GMP version 6.2.0, MPFR version 4.0.2, MPC version 1.1.0, isl version isl-0.22.1-GMP

GGC heuristics: --param ggc-min-expand=100 --param ggc-min-heapsize=131072
Compiler executable checksum: 3d1eba838554fa2348dba760e4770469
COLLECT_GCC_OPTIONS='-v' '-o' 'CMakeFiles/cmTC_4977d.dir/CMakeCXXCompilerABI.cpp.o' '-c' '-shared-libgcc' '-mtune=generic' '-march=x86-64'
 as -v --64 -o CMakeFiles/cmTC_4977d.dir/CMakeCXXCompilerABI.cpp.o /tmp/cc27qmPs.s
GNU assembler version 2.34 (x86_64-linux-gnu) using BFD version (GNU Binutils for Ubuntu) 2.34
COMPILER_PATH=/usr/lib/gcc/x86_64-linux-gnu/9/:/usr/lib/gcc/x86_64-linux-gnu/9/:/usr/lib/gcc/x86_64-linux-gnu/:/usr/lib/gcc/x86_64-linux-gnu/9/:/usr/lib/gcc/x86_64-linux-gnu/
LIBRARY_PATH=/usr/lib/gcc/x86_64-linux-gnu/9/:/usr/lib/gcc/x86_64-linux-gnu/9/../../../x86_64-linux-gnu/:/usr/lib/gcc/x86_64-linux-gnu/9/../../../../lib/:/lib/x86_64-linux-gnu/:/lib/../lib/:/usr/lib/x86_64-linux-gnu/:/usr/lib/../lib/:/usr/lib/gcc/x86_64-linux-gnu/9/../../../:/lib/:/usr/lib/
COLLECT_GCC_OPTIONS='-v' '-o' 'CMakeFiles/cmTC_4977d.dir/CMakeCXXCompilerABI.cpp.o' '-c' '-shared-libgcc' '-mtune=generic' '-march=x86-64'
Linking CXX executable cmTC_4977d
/usr/bin/cmake -E cmake_link_script CMakeFiles/cmTC_4977d.dir/link.txt --verbose=1
/usr/bin/c++      -v CMakeFiles/cmTC_4977d.dir/CMakeCXXCompilerABI.cpp.o  -o cmTC_4977d 
Using built-in specs.
COLLECT_GCC=/usr/bin/c++
COLLECT_LTO_WRAPPER=/usr/lib/gcc/x86_64-linux-gnu/9/lto-wrapper
OFFLOAD_TARGET_NAMES=nvptx-none:hsa
OFFLOAD_TARGET_DEFAULT=1
Target: x86_64-linux-gnu
Configured with: ../src/configure -v --with-pkgversion='Ubuntu 9.4.0-1ubuntu1~20.04.2' --with-bugurl=file:///usr/share/doc/gcc-9/README.Bugs --enable-languages=c,ada,c++,go,brig,d,fortran,objc,obj-c++,gm2 --prefix=/usr --with-gcc-major-version-only --program-suffix=-9 --program-prefix=x86_64-linux-gnu- --enable-shared --enable-linker-build-id --libexecdir=/usr/lib --without-included-gettext --enable-threads=posix --libdir=/usr/lib --enable-nls --enable-clocale=gnu --enable-libstdcxx-debug --enable-libstdcxx-time=yes --with-default-libstdcxx-abi=new --enable-gnu-unique-object --disable-vtable-verify --enable-plugin --enable-default-pie --with-system-zlib --with-target-system-zlib=auto --enable-objc-gc=auto --enable-multiarch --disable-werror --with-arch-32=i686 --with-abi=m64 --with-multilib-list=m32,m64,mx32 --enable-multilib --with-tune=generic --enable-offload-targets=nvptx-none=/build/gcc-9-9QDOt0/gcc-9-9.4.0/debian/tmp-nvptx/usr,hsa --without-cuda-driver --enable-checking=release --build=x86_64-linux-gnu --host=x86_64-linux-gnu --target=x86_64-linux-gnu
Thread model: posix
gcc version 9.4.0 (Ubuntu 9.4.0-1ubuntu1~20.04.2) 
COMPILER_PATH=/usr/lib/gcc/x86_64-linux-gnu/9/:/usr/lib/gcc/x86_64-linux-gnu/9/:/usr/lib/gcc/x86_64-linux-gnu/:/usr/lib/gcc/x86_64-linux-gnu/9/:/usr/lib/gcc/x86_64-linux-gnu/
LIBRARY_PATH=/usr/lib/gcc/x86_64-linux-gnu/9/:/usr/lib/gcc/x86_64-linux-gnu/9/../../../x86_64-linux-gnu/:/usr/lib/gcc/x86_64-linux-gnu/9/../../../../lib/:/lib/x86_64-linux-gnu/:/lib/../lib/:/usr/lib/x86_64-linux-gnu/:/usr/lib/../lib/:/usr/lib/gcc/x86_64-linux-gnu/9/../../../:/lib/:/usr/lib/
COLLECT_GCC_OPTIONS='-v' '-o' 'cmTC_4977d' '-shared-libgcc' '-mtune=generic' '-march=x86-64'
 /usr/lib/gcc/x86_64-linux-gnu/9/collect2 -plugin /usr/lib/gcc/x86_64-linux-gnu/9/liblto_plugin.so -plugin-opt=/usr/lib/gcc/x86_64-linux-gnu/9/lto-wrapper -plugin-opt=-fresolution=/tmp/cctiaQ6e.res -plugin-opt=-pass-through=-lgcc_s -plugin-opt=-pass-through=-lgcc -plugin-opt=-pass-through=-lc -plugin-opt=-pass-through=-lgcc_s -plugin-opt=-pass-through=-lgcc --build-id --eh-frame-hdr -m elf_x86_64 --hash-style=gnu --as-needed -dynamic-linker /lib64/ld-linux-x86-64.so.2 -pie -z now -z relro -o cmTC_4977d /usr/lib/gcc/x86_64-linux-gnu/9/../../../x86_64-linux-gnu/Scrt1.o /usr/lib/gcc/x86_64-linux-gnu/9/../../../x86_64-linux-gnu/crti.o /usr/lib/gcc/x86_64-linux-gnu/9/crtbeginS.o -L/usr/lib/gcc/x86_64-linux-gnu/9 -L/usr/lib/gcc/x86_64-linux-gnu/9/../../../x86_64-linux-gnu -L/usr/lib/gcc/x86_64-linux-gnu/9/../../../../lib -L/lib/x86_64-linux-gnu -L/lib/../lib -L/usr/lib/x86_64-linux-gnu -L/usr/lib/../lib -L/usr/lib/gcc/x86_64-linux-gnu/9/../../.. CMakeFiles/cmTC_4977d.dir/CMakeCXXCompilerABI.cpp.o -lstdc++ -lm -lgcc_s -lgcc -lc -lgcc_s -lgcc /usr/lib/gcc/x86_64-linux-gnu/9/crtendS.o /usr/lib/gcc/x86_64-linux-gnu/9/../../../x86_64-linux-gnu/crtn.o
COLLECT_GCC_OPTIONS='-v' '-o' 'cmTC_4977d' '-shared-libgcc' '-mtune=generic' '-march=x86-64'
make[1]: Leaving directory '/root/catkin_ws/newui_Greyform/build/CMakeFiles/CMakeTmp'



Parsed CXX implicit include dir info from above output: rv=done
  found start of include info
  found start of implicit include info
    add: [/usr/include/c++/9]
    add: [/usr/include/x86_64-linux-gnu/c++/9]
    add: [/usr/include/c++/9/backward]
    add: [/usr/lib/gcc/x86_64-linux-gnu/9/include]
    add: [/usr/local/include]
    add: [/usr/include/x86_64-linux-gnu]
    add: [/usr/include]
  end of search list found
  collapse include dir [/usr/include/c++/9] ==> [/usr/include/c++/9]
  collapse include dir [/usr/include/x86_64-linux-gnu/c++/9] ==> [/usr/include/x86_64-linux-gnu/c++/9]
  collapse include dir [/usr/include/c++/9/backward] ==> [/usr/include/c++/9/backward]
  collapse include dir [/usr/lib/gcc/x86_64-linux-gnu/9/include] ==> [/usr/lib/gcc/x86_64-linux-gnu/9/include]
  collapse include dir [/usr/local/include] ==> [/usr/local/include]
  collapse include dir [/usr/include/x86_64-linux-gnu] ==> [/usr/include/x86_64-linux-gnu]
  collapse include dir [/usr/include] ==> [/usr/include]
  implicit include dirs: [/usr/include/c++/9;/usr/include/x86_64-linux-gnu/c++/9;/usr/include/c++/9/backward;/usr/lib/gcc/x86_64-linux-gnu/9/include;/usr/local/include;/usr/include/x86_64-linux-gnu;/usr/include]


Parsed CXX implicit link information from above output:
  link line regex: [^( *|.*[/\])(ld|CMAKE_LINK_STARTFILE-NOTFOUND|([^/\]+-)?ld|collect2)[^/\]*( |$)]
  ignore line: [Change Dir: /root/catkin_ws/newui_Greyform/build/CMakeFiles/CMakeTmp]
  ignore line: []
  ignore line: [Run Build Command(s):/usr/bin/make cmTC_4977d/fast && /usr/bin/make -f CMakeFiles/cmTC_4977d.dir/build.make CMakeFiles/cmTC_4977d.dir/build]
  ignore line: [make[1]: Entering directory '/root/catkin_ws/newui_Greyform/build/CMakeFiles/CMakeTmp']
  ignore line: [Building CXX object CMakeFiles/cmTC_4977d.dir/CMakeCXXCompilerABI.cpp.o]
  ignore line: [/usr/bin/c++    -v -o CMakeFiles/cmTC_4977d.dir/CMakeCXXCompilerABI.cpp.o -c /usr/share/cmake-3.16/Modules/CMakeCXXCompilerABI.cpp]
  ignore line: [Using built-in specs.]
  ignore line: [COLLECT_GCC=/usr/bin/c++]
  ignore line: [OFFLOAD_TARGET_NAMES=nvptx-none:hsa]
  ignore line: [OFFLOAD_TARGET_DEFAULT=1]
  ignore line: [Target: x86_64-linux-gnu]
  ignore line: [Configured with: ../src/configure -v --with-pkgversion='Ubuntu 9.4.0-1ubuntu1~20.04.2' --with-bugurl=file:///usr/share/doc/gcc-9/README.Bugs --enable-languages=c ada c++ go brig d fortran objc obj-c++ gm2 --prefix=/usr --with-gcc-major-version-only --program-suffix=-9 --program-prefix=x86_64-linux-gnu- --enable-shared --enable-linker-build-id --libexecdir=/usr/lib --without-included-gettext --enable-threads=posix --libdir=/usr/lib --enable-nls --enable-clocale=gnu --enable-libstdcxx-debug --enable-libstdcxx-time=yes --with-default-libstdcxx-abi=new --enable-gnu-unique-object --disable-vtable-verify --enable-plugin --enable-default-pie --with-system-zlib --with-target-system-zlib=auto --enable-objc-gc=auto --enable-multiarch --disable-werror --with-arch-32=i686 --with-abi=m64 --with-multilib-list=m32 m64 mx32 --enable-multilib --with-tune=generic --enable-offload-targets=nvptx-none=/build/gcc-9-9QDOt0/gcc-9-9.4.0/debian/tmp-nvptx/usr hsa --without-cuda-driver --enable-checking=release --build=x86_64-linux-gnu --host=x86_64-linux-gnu --target=x86_64-linux-gnu]
  ignore line: [Thread model: posix]
  ignore line: [gcc version 9.4.0 (Ubuntu 9.4.0-1ubuntu1~20.04.2) ]
  ignore line: [COLLECT_GCC_OPTIONS='-v' '-o' 'CMakeFiles/cmTC_4977d.dir/CMakeCXXCompilerABI.cpp.o' '-c' '-shared-libgcc' '-mtune=generic' '-march=x86-64']
  ignore line: [ /usr/lib/gcc/x86_64-linux-gnu/9/cc1plus -quiet -v -imultiarch x86_64-linux-gnu -D_GNU_SOURCE /usr/share/cmake-3.16/Modules/CMakeCXXCompilerABI.cpp -quiet -dumpbase CMakeCXXCompilerABI.cpp -mtune=generic -march=x86-64 -auxbase-strip CMakeFiles/cmTC_4977d.dir/CMakeCXXCompilerABI.cpp.o -version -fasynchronous-unwind-tables -fstack-protector-strong -Wformat -Wformat-security -fstack-clash-protection -fcf-protection -o /tmp/cc27qmPs.s]
  ignore line: [GNU C++14 (Ubuntu 9.4.0-1ubuntu1~20.04.2) version 9.4.0 (x86_64-linux-gnu)]
  ignore line: [	compiled by GNU C version 9.4.0  GMP version 6.2.0  MPFR version 4.0.2  MPC version 1.1.0  isl version isl-0.22.1-GMP]
  ignore line: []
  ignore line: [GGC heuristics: --param ggc-min-expand=100 --param ggc-min-heapsize=131072]
  ignore line: [ignoring duplicate directory "/usr/include/x86_64-linux-gnu/c++/9"]
  ignore line: [ignoring nonexistent directory "/usr/local/include/x86_64-linux-gnu"]
  ignore line: [ignoring nonexistent directory "/usr/lib/gcc/x86_64-linux-gnu/9/include-fixed"]
  ignore line: [ignoring nonexistent directory "/usr/lib/gcc/x86_64-linux-gnu/9/../../../../x86_64-linux-gnu/include"]
  ignore line: [#include "..." search starts here:]
  ignore line: [#include <...> search starts here:]
  ignore line: [ /usr/include/c++/9]
  ignore line: [ /usr/include/x86_64-linux-gnu/c++/9]
  ignore line: [ /usr/include/c++/9/backward]
  ignore line: [ /usr/lib/gcc/x86_64-linux-gnu/9/include]
  ignore line: [ /usr/local/include]
  ignore line: [ /usr/include/x86_64-linux-gnu]
  ignore line: [ /usr/include]
  ignore line: [End of search list.]
  ignore line: [GNU C++14 (Ubuntu 9.4.0-1ubuntu1~20.04.2) version 9.4.0 (x86_64-linux-gnu)]
  ignore line: [	compiled by GNU C version 9.4.0  GMP version 6.2.0  MPFR version 4.0.2  MPC version 1.1.0  isl version isl-0.22.1-GMP]
  ignore line: []
  ignore line: [GGC heuristics: --param ggc-min-expand=100 --param ggc-min-heapsize=131072]
  ignore line: [Compiler executable checksum: 3d1eba838554fa2348dba760e4770469]
  ignore line: [COLLECT_GCC_OPTIONS='-v' '-o' 'CMakeFiles/cmTC_4977d.dir/CMakeCXXCompilerABI.cpp.o' '-c' '-shared-libgcc' '-mtune=generic' '-march=x86-64']
  ignore line: [ as -v --64 -o CMakeFiles/cmTC_4977d.dir/CMakeCXXCompilerABI.cpp.o /tmp/cc27qmPs.s]
  ignore line: [GNU assembler version 2.34 (x86_64-linux-gnu) using BFD version (GNU Binutils for Ubuntu) 2.34]
  ignore line: [COMPILER_PATH=/usr/lib/gcc/x86_64-linux-gnu/9/:/usr/lib/gcc/x86_64-linux-gnu/9/:/usr/lib/gcc/x86_64-linux-gnu/:/usr/lib/gcc/x86_64-linux-gnu/9/:/usr/lib/gcc/x86_64-linux-gnu/]
  ignore line: [LIBRARY_PATH=/usr/lib/gcc/x86_64-linux-gnu/9/:/usr/lib/gcc/x86_64-linux-gnu/9/../../../x86_64-linux-gnu/:/usr/lib/gcc/x86_64-linux-gnu/9/../../../../lib/:/lib/x86_64-linux-gnu/:/lib/../lib/:/usr/lib/x86_64-linux-gnu/:/usr/lib/../lib/:/usr/lib/gcc/x86_64-linux-gnu/9/../../../:/lib/:/usr/lib/]
  ignore line: [COLLECT_GCC_OPTIONS='-v' '-o' 'CMakeFiles/cmTC_4977d.dir/CMakeCXXCompilerABI.cpp.o' '-c' '-shared-libgcc' '-mtune=generic' '-march=x86-64']
  ignore line: [Linking CXX executable cmTC_4977d]
  ignore line: [/usr/bin/cmake -E cmake_link_script CMakeFiles/cmTC_4977d.dir/link.txt --verbose=1]
  ignore line: [/usr/bin/c++      -v CMakeFiles/cmTC_4977d.dir/CMakeCXXCompilerABI.cpp.o  -o cmTC_4977d ]
  ignore line: [Using built-in specs.]
  ignore line: [COLLECT_GCC=/usr/bin/c++]
  ignore line: [COLLECT_LTO_WRAPPER=/usr/lib/gcc/x86_64-linux-gnu/9/lto-wrapper]
  ignore line: [OFFLOAD_TARGET_NAMES=nvptx-none:hsa]
  ignore line: [OFFLOAD_TARGET_DEFAULT=1]
  ignore line: [Target: x86_64-linux-gnu]
  ignore line: [Configured with: ../src/configure -v --with-pkgversion='Ubuntu 9.4.0-1ubuntu1~20.04.2' --with-bugurl=file:///usr/share/doc/gcc-9/README.Bugs --enable-languages=c ada c++ go brig d fortran objc obj-c++ gm2 --prefix=/usr --with-gcc-major-version-only --program-suffix=-9 --program-prefix=x86_64-linux-gnu- --enable-shared --enable-linker-build-id --libexecdir=/usr/lib --without-included-gettext --enable-threads=posix --libdir=/usr/lib --enable-nls --enable-clocale=gnu --enable-libstdcxx-debug --enable-libstdcxx-time=yes --with-default-libstdcxx-abi=new --enable-gnu-unique-object --disable-vtable-verify --enable-plugin --enable-default-pie --with-system-zlib --with-target-system-zlib=auto --enable-objc-gc=auto --enable-multiarch --disable-werror --with-arch-32=i686 --with-abi=m64 --with-multilib-list=m32 m64 mx32 --enable-multilib --with-tune=generic --enable-offload-targets=nvptx-none=/build/gcc-9-9QDOt0/gcc-9-9.4.0/debian/tmp-nvptx/usr hsa --without-cuda-driver --enable-checking=release --build=x86_64-linux-gnu --host=x86_64-linux-gnu --target=x86_64-linux-gnu]
  ignore line: [Thread model: posix]
  ignore line: [gcc version 9.4.0 (Ubuntu 9.4.0-1ubuntu1~20.04.2) ]
  ignore line: [COMPILER_PATH=/usr/lib/gcc/x86_64-linux-gnu/9/:/usr/lib/gcc/x86_64-linux-gnu/9/:/usr/lib/gcc/x86_64-linux-gnu/:/usr/lib/gcc/x86_64-linux-gnu/9/:/usr/lib/gcc/x86_64-linux-gnu/]
  ignore line: [LIBRARY_PATH=/usr/lib/gcc/x86_64-linux-gnu/9/:/usr/lib/gcc/x86_64-linux-gnu/9/../../../x86_64-linux-gnu/:/usr/lib/gcc/x86_64-linux-gnu/9/../../../../lib/:/lib/x86_64-linux-gnu/:/lib/../lib/:/usr/lib/x86_64-linux-gnu/:/usr/lib/../lib/:/usr/lib/gcc/x86_64-linux-gnu/9/../../../:/lib/:/usr/lib/]
  ignore line: [COLLECT_GCC_OPTIONS='-v' '-o' 'cmTC_4977d' '-shared-libgcc' '-mtune=generic' '-march=x86-64']
  link line: [ /usr/lib/gcc/x86_64-linux-gnu/9/collect2 -plugin /usr/lib/gcc/x86_64-linux-gnu/9/liblto_plugin.so -plugin-opt=/usr/lib/gcc/x86_64-linux-gnu/9/lto-wrapper -plugin-opt=-fresolution=/tmp/cctiaQ6e.res -plugin-opt=-pass-through=-lgcc_s -plugin-opt=-pass-through=-lgcc -plugin-opt=-pass-through=-lc -plugin-opt=-pass-through=-lgcc_s -plugin-opt=-pass-through=-lgcc --build-id --eh-frame-hdr -m elf_x86_64 --hash-style=gnu --as-needed -dynamic-linker /lib64/ld-linux-x86-64.so.2 -pie -z now -z relro -o cmTC_4977d /usr/lib/gcc/x86_64-linux-gnu/9/../../../x86_64-linux-gnu/Scrt1.o /usr/lib/gcc/x86_64-linux-gnu/9/../../../x86_64-linux-gnu/crti.o /usr/lib/gcc/x86_64-linux-gnu/9/crtbeginS.o -L/usr/lib/gcc/x86_64-linux-gnu/9 -L/usr/lib/gcc/x86_64-linux-gnu/9/../../../x86_64-linux-gnu -L/usr/lib/gcc/x86_64-linux-gnu/9/../../../../lib -L/lib/x86_64-linux-gnu -L/lib/../lib -L/usr/lib/x86_64-linux-gnu -L/usr/lib/../lib -L/usr/lib/gcc/x86_64-linux-gnu/9/../../.. CMakeFiles/cmTC_4977d.dir/CMakeCXXCompilerABI.cpp.o -lstdc++ -lm -lgcc_s -lgcc -lc -lgcc_s -lgcc /usr/lib/gcc/x86_64-linux-gnu/9/crtendS.o /usr/lib/gcc/x86_64-linux-gnu/9/../../../x86_64-linux-gnu/crtn.o]
    arg [/usr/lib/gcc/x86_64-linux-gnu/9/collect2] ==> ignore
    arg [-plugin] ==> ignore
    arg [/usr/lib/gcc/x86_64-linux-gnu/9/liblto_plugin.so] ==> ignore
    arg [-plugin-opt=/usr/lib/gcc/x86_64-linux-gnu/9/lto-wrapper] ==> ignore
    arg [-plugin-opt=-fresolution=/tmp/cctiaQ6e.res] ==> ignore
    arg [-plugin-opt=-pass-through=-lgcc_s] ==> ignore
    arg [-plugin-opt=-pass-through=-lgcc] ==> ignore
    arg [-plugin-opt=-pass-through=-lc] ==> ignore
    arg [-plugin-opt=-pass-through=-lgcc_s] ==> ignore
    arg [-plugin-opt=-pass-through=-lgcc] ==> ignore
    arg [--build-id] ==> ignore
    arg [--eh-frame-hdr] ==> ignore
    arg [-m] ==> ignore
    arg [elf_x86_64] ==> ignore
    arg [--hash-style=gnu] ==> ignore
    arg [--as-needed] ==> ignore
    arg [-dynamic-linker] ==> ignore
    arg [/lib64/ld-linux-x86-64.so.2] ==> ignore
    arg [-pie] ==> ignore
    arg [-znow] ==> ignore
    arg [-zrelro] ==> ignore
    arg [-o] ==> ignore
    arg [cmTC_4977d] ==> ignore
    arg [/usr/lib/gcc/x86_64-linux-gnu/9/../../../x86_64-linux-gnu/Scrt1.o] ==> ignore
    arg [/usr/lib/gcc/x86_64-linux-gnu/9/../../../x86_64-linux-gnu/crti.o] ==> ignore
    arg [/usr/lib/gcc/x86_64-linux-gnu/9/crtbeginS.o] ==> ignore
    arg [-L/usr/lib/gcc/x86_64-linux-gnu/9] ==> dir [/usr/lib/gcc/x86_64-linux-gnu/9]
    arg [-L/usr/lib/gcc/x86_64-linux-gnu/9/../../../x86_64-linux-gnu] ==> dir [/usr/lib/gcc/x86_64-linux-gnu/9/../../../x86_64-linux-gnu]
    arg [-L/usr/lib/gcc/x86_64-linux-gnu/9/../../../../lib] ==> dir [/usr/lib/gcc/x86_64-linux-gnu/9/../../../../lib]
    arg [-L/lib/x86_64-linux-gnu] ==> dir [/lib/x86_64-linux-gnu]
    arg [-L/lib/../lib] ==> dir [/lib/../lib]
    arg [-L/usr/lib/x86_64-linux-gnu] ==> dir [/usr/lib/x86_64-linux-gnu]
    arg [-L/usr/lib/../lib] ==> dir [/usr/lib/../lib]
    arg [-L/usr/lib/gcc/x86_64-linux-gnu/9/../../..] ==> dir [/usr/lib/gcc/x86_64-linux-gnu/9/../../..]
    arg [CMakeFiles/cmTC_4977d.dir/CMakeCXXCompilerABI.cpp.o] ==> ignore
    arg [-lstdc++] ==> lib [stdc++]
    arg [-lm] ==> lib [m]
    arg [-lgcc_s] ==> lib [gcc_s]
    arg [-lgcc] ==> lib [gcc]
    arg [-lc] ==> lib [c]
    arg [-lgcc_s] ==> lib [gcc_s]
    arg [-lgcc] ==> lib [gcc]
    arg [/usr/lib/gcc/x86_64-linux-gnu/9/crtendS.o] ==> ignore
    arg [/usr/lib/gcc/x86_64-linux-gnu/9/../../../x86_64-linux-gnu/crtn.o] ==> ignore
  collapse library dir [/usr/lib/gcc/x86_64-linux-gnu/9] ==> [/usr/lib/gcc/x86_64-linux-gnu/9]
  collapse library dir [/usr/lib/gcc/x86_64-linux-gnu/9/../../../x86_64-linux-gnu] ==> [/usr/lib/x86_64-linux-gnu]
  collapse library dir [/usr/lib/gcc/x86_64-linux-gnu/9/../../../../lib] ==> [/usr/lib]
  collapse library dir [/lib/x86_64-linux-gnu] ==> [/lib/x86_64-linux-gnu]
  collapse library dir [/lib/../lib] ==> [/lib]
  collapse library dir [/usr/lib/x86_64-linux-gnu] ==> [/usr/lib/x86_64-linux-gnu]
  collapse library dir [/usr/lib/../lib] ==> [/usr/lib]
  collapse library dir [/usr/lib/gcc/x86_64-linux-gnu/9/../../..] ==> [/usr/lib]
  implicit libs: [stdc++;m;gcc_s;gcc;c;gcc_s;gcc]
  implicit dirs: [/usr/lib/gcc/x86_64-linux-gnu/9;/usr/lib/x86_64-linux-gnu;/usr/lib;/lib/x86_64-linux-gnu;/lib]
  implicit fwks: []


Determining if the include file pthread.h exists passed with the following output:
Change Dir: /root/catkin_ws/newui_Greyform/build/CMakeFiles/CMakeTmp

Run Build Command(s):/usr/bin/make cmTC_7539f/fast && /usr/bin/make -f CMakeFiles/cmTC_7539f.dir/build.make CMakeFiles/cmTC_7539f.dir/build
make[1]: Entering directory '/root/catkin_ws/newui_Greyform/build/CMakeFiles/CMakeTmp'
Building C object CMakeFiles/cmTC_7539f.dir/CheckIncludeFile.c.o
/usr/bin/cc    -o CMakeFiles/cmTC_7539f.dir/CheckIncludeFile.c.o   -c /root/catkin_ws/newui_Greyform/build/CMakeFiles/CMakeTmp/CheckIncludeFile.c
Linking C executable cmTC_7539f
/usr/bin/cmake -E cmake_link_script CMakeFiles/cmTC_7539f.dir/link.txt --verbose=1
/usr/bin/cc      CMakeFiles/cmTC_7539f.dir/CheckIncludeFile.c.o  -o cmTC_7539f 
make[1]: Leaving directory '/root/catkin_ws/newui_Greyform/build/CMakeFiles/CMakeTmp'



Determining if the function pthread_create exists in the pthread passed with the following output:
Change Dir: /root/catkin_ws/newui_Greyform/build/CMakeFiles/CMakeTmp

Run Build Command(s):/usr/bin/make cmTC_cd353/fast && /usr/bin/make -f CMakeFiles/cmTC_cd353.dir/build.make CMakeFiles/cmTC_cd353.dir/build
make[1]: Entering directory '/root/catkin_ws/newui_Greyform/build/CMakeFiles/CMakeTmp'
Building C object CMakeFiles/cmTC_cd353.dir/CheckFunctionExists.c.o
/usr/bin/cc   -DCHECK_FUNCTION_EXISTS=pthread_create   -o CMakeFiles/cmTC_cd353.dir/CheckFunctionExists.c.o   -c /usr/share/cmake-3.16/Modules/CheckFunctionExists.c
Linking C executable cmTC_cd353
/usr/bin/cmake -E cmake_link_script CMakeFiles/cmTC_cd353.dir/link.txt --verbose=1
/usr/bin/cc  -DCHECK_FUNCTION_EXISTS=pthread_create    CMakeFiles/cmTC_cd353.dir/CheckFunctionExists.c.o  -o cmTC_cd353  -lpthread 
make[1]: Leaving directory '/root/catkin_ws/newui_Greyform/build/CMakeFiles/CMakeTmp'



The system is: Linux - 6.8.0-47-generic - x86_64
Compiling the C compiler identification source file "CMakeCCompilerId.c" succeeded.
Compiler: /usr/bin/cc 
Build flags: 
Id flags:  

The output was:
0


Compilation of the C compiler identification source "CMakeCCompilerId.c" produced "a.out"

The C compiler identification is GNU, found in "/root/catkin_ws/newui_Greyform/build/CMakeFiles/3.16.3/CompilerIdC/a.out"

Compiling the CXX compiler identification source file "CMakeCXXCompilerId.cpp" succeeded.
Compiler: /usr/bin/c++ 
Build flags: 
Id flags:  

The output was:
0


Compilation of the CXX compiler identification source "CMakeCXXCompilerId.cpp" produced "a.out"

The CXX compiler identification is GNU, found in "/root/catkin_ws/newui_Greyform/build/CMakeFiles/3.16.3/CompilerIdCXX/a.out"

Determining if the C compiler works passed with the following output:
Change Dir: /root/catkin_ws/newui_Greyform/build/CMakeFiles/CMakeTmp

Run Build Command(s):/usr/bin/make cmTC_9c4a0/fast && /usr/bin/make -f CMakeFiles/cmTC_9c4a0.dir/build.make CMakeFiles/cmTC_9c4a0.dir/build
make[1]: Entering directory '/root/catkin_ws/newui_Greyform/build/CMakeFiles/CMakeTmp'
Building C object CMakeFiles/cmTC_9c4a0.dir/testCCompiler.c.o
/usr/bin/cc    -o CMakeFiles/cmTC_9c4a0.dir/testCCompiler.c.o   -c /root/catkin_ws/newui_Greyform/build/CMakeFiles/CMakeTmp/testCCompiler.c
Linking C executable cmTC_9c4a0
/usr/bin/cmake -E cmake_link_script CMakeFiles/cmTC_9c4a0.dir/link.txt --verbose=1
/usr/bin/cc      CMakeFiles/cmTC_9c4a0.dir/testCCompiler.c.o  -o cmTC_9c4a0 
make[1]: Leaving directory '/root/catkin_ws/newui_Greyform/build/CMakeFiles/CMakeTmp'



Detecting C compiler ABI info compiled with the following output:
Change Dir: /root/catkin_ws/newui_Greyform/build/CMakeFiles/CMakeTmp

Run Build Command(s):/usr/bin/make cmTC_2ef65/fast && /usr/bin/make -f CMakeFiles/cmTC_2ef65.dir/build.make CMakeFiles/cmTC_2ef65.dir/build
make[1]: Entering directory '/root/catkin_ws/newui_Greyform/build/CMakeFiles/CMakeTmp'
Building C object CMakeFiles/cmTC_2ef65.dir/CMakeCCompilerABI.c.o
/usr/bin/cc   -v -o CMakeFiles/cmTC_2ef65.dir/CMakeCCompilerABI.c.o   -c /usr/share/cmake-3.16/Modules/CMakeCCompilerABI.c
Using built-in specs.
COLLECT_GCC=/usr/bin/cc
OFFLOAD_TARGET_NAMES=nvptx-none:hsa
OFFLOAD_TARGET_DEFAULT=1
Target: x86_64-linux-gnu
Configured with: ../src/configure -v --with-pkgversion='Ubuntu 9.4.0-1ubuntu1~20.04.2' --with-bugurl=file:///usr/share/doc/gcc-9/README.Bugs --enable-languages=c,ada,c++,go,brig,d,fortran,objc,obj-c++,gm2 --prefix=/usr --with-gcc-major-version-only --program-suffix=-9 --program-prefix=x86_64-linux-gnu- --enable-shared --enable-linker-build-id --libexecdir=/usr/lib --without-included-gettext --enable-threads=posix --libdir=/usr/lib --enable-nls --enable-clocale=gnu --enable-libstdcxx-debug --enable-libstdcxx-time=yes --with-default-libstdcxx-abi=new --enable-gnu-unique-object --disable-vtable-verify --enable-plugin --enable-default-pie --with-system-zlib --with-target-system-zlib=auto --enable-objc-gc=auto --enable-multiarch --disable-werror --with-arch-32=i686 --with-abi=m64 --with-multilib-list=m32,m64,mx32 --enable-multilib --with-tune=generic --enable-offload-targets=nvptx-none=/build/gcc-9-9QDOt0/gcc-9-9.4.0/debian/tmp-nvptx/usr,hsa --without-cuda-driver --enable-checking=release --build=x86_64-linux-gnu --host=x86_64-linux-gnu --target=x86_64-linux-gnu
Thread model: posix
gcc version 9.4.0 (Ubuntu 9.4.0-1ubuntu1~20.04.2) 
COLLECT_GCC_OPTIONS='-v' '-o' 'CMakeFiles/cmTC_2ef65.dir/CMakeCCompilerABI.c.o' '-c' '-mtune=generic' '-march=x86-64'
 /usr/lib/gcc/x86_64-linux-gnu/9/cc1 -quiet -v -imultiarch x86_64-linux-gnu /usr/share/cmake-3.16/Modules/CMakeCCompilerABI.c -quiet -dumpbase CMakeCCompilerABI.c -mtune=generic -march=x86-64 -auxbase-strip CMakeFiles/cmTC_2ef65.dir/CMakeCCompilerABI.c.o -version -fasynchronous-unwind-tables -fstack-protector-strong -Wformat -Wformat-security -fstack-clash-protection -fcf-protection -o /tmp/ccPPe7y6.s
GNU C17 (Ubuntu 9.4.0-1ubuntu1~20.04.2) version 9.4.0 (x86_64-linux-gnu)
	compiled by GNU C version 9.4.0, GMP version 6.2.0, MPFR version 4.0.2, MPC version 1.1.0, isl version isl-0.22.1-GMP

GGC heuristics: --param ggc-min-expand=100 --param ggc-min-heapsize=131072
ignoring nonexistent directory "/usr/local/include/x86_64-linux-gnu"
ignoring nonexistent directory "/usr/lib/gcc/x86_64-linux-gnu/9/include-fixed"
ignoring nonexistent directory "/usr/lib/gcc/x86_64-linux-gnu/9/../../../../x86_64-linux-gnu/include"
#include "..." search starts here:
#include <...> search starts here:
 /usr/lib/gcc/x86_64-linux-gnu/9/include
 /usr/local/include
 /usr/include/x86_64-linux-gnu
 /usr/include
End of search list.
GNU C17 (Ubuntu 9.4.0-1ubuntu1~20.04.2) version 9.4.0 (x86_64-linux-gnu)
	compiled by GNU C version 9.4.0, GMP version 6.2.0, MPFR version 4.0.2, MPC version 1.1.0, isl version isl-0.22.1-GMP

GGC heuristics: --param ggc-min-expand=100 --param ggc-min-heapsize=131072
Compiler executable checksum: 01da938ff5dc2163489aa33cb3b747a7
COLLECT_GCC_OPTIONS='-v' '-o' 'CMakeFiles/cmTC_2ef65.dir/CMakeCCompilerABI.c.o' '-c' '-mtune=generic' '-march=x86-64'
 as -v --64 -o CMakeFiles/cmTC_2ef65.dir/CMakeCCompilerABI.c.o /tmp/ccPPe7y6.s
GNU assembler version 2.34 (x86_64-linux-gnu) using BFD version (GNU Binutils for Ubuntu) 2.34
COMPILER_PATH=/usr/lib/gcc/x86_64-linux-gnu/9/:/usr/lib/gcc/x86_64-linux-gnu/9/:/usr/lib/gcc/x86_64-linux-gnu/:/usr/lib/gcc/x86_64-linux-gnu/9/:/usr/lib/gcc/x86_64-linux-gnu/
LIBRARY_PATH=/usr/lib/gcc/x86_64-linux-gnu/9/:/usr/lib/gcc/x86_64-linux-gnu/9/../../../x86_64-linux-gnu/:/usr/lib/gcc/x86_64-linux-gnu/9/../../../../lib/:/lib/x86_64-linux-gnu/:/lib/../lib/:/usr/lib/x86_64-linux-gnu/:/usr/lib/../lib/:/usr/lib/gcc/x86_64-linux-gnu/9/../../../:/lib/:/usr/lib/
COLLECT_GCC_OPTIONS='-v' '-o' 'CMakeFiles/cmTC_2ef65.dir/CMakeCCompilerABI.c.o' '-c' '-mtune=generic' '-march=x86-64'
Linking C executable cmTC_2ef65
/usr/bin/cmake -E cmake_link_script CMakeFiles/cmTC_2ef65.dir/link.txt --verbose=1
/usr/bin/cc     -v CMakeFiles/cmTC_2ef65.dir/CMakeCCompilerABI.c.o  -o cmTC_2ef65 
Using built-in specs.
COLLECT_GCC=/usr/bin/cc
COLLECT_LTO_WRAPPER=/usr/lib/gcc/x86_64-linux-gnu/9/lto-wrapper
OFFLOAD_TARGET_NAMES=nvptx-none:hsa
OFFLOAD_TARGET_DEFAULT=1
Target: x86_64-linux-gnu
Configured with: ../src/configure -v --with-pkgversion='Ubuntu 9.4.0-1ubuntu1~20.04.2' --with-bugurl=file:///usr/share/doc/gcc-9/README.Bugs --enable-languages=c,ada,c++,go,brig,d,fortran,objc,obj-c++,gm2 --prefix=/usr --with-gcc-major-version-only --program-suffix=-9 --program-prefix=x86_64-linux-gnu- --enable-shared --enable-linker-build-id --libexecdir=/usr/lib --without-included-gettext --enable-threads=posix --libdir=/usr/lib --enable-nls --enable-clocale=gnu --enable-libstdcxx-debug --enable-libstdcxx-time=yes --with-default-libstdcxx-abi=new --enable-gnu-unique-object --disable-vtable-verify --enable-plugin --enable-default-pie --with-system-zlib --with-target-system-zlib=auto --enable-objc-gc=auto --enable-multiarch --disable-werror --with-arch-32=i686 --with-abi=m64 --with-multilib-list=m32,m64,mx32 --enable-multilib --with-tune=generic --enable-offload-targets=nvptx-none=/build/gcc-9-9QDOt0/gcc-9-9.4.0/debian/tmp-nvptx/usr,hsa --without-cuda-driver --enable-checking=release --build=x86_64-linux-gnu --host=x86_64-linux-gnu --target=x86_64-linux-gnu
Thread model: posix
gcc version 9.4.0 (Ubuntu 9.4.0-1ubuntu1~20.04.2) 
COMPILER_PATH=/usr/lib/gcc/x86_64-linux-gnu/9/:/usr/lib/gcc/x86_64-linux-gnu/9/:/usr/lib/gcc/x86_64-linux-gnu/:/usr/lib/gcc/x86_64-linux-gnu/9/:/usr/lib/gcc/x86_64-linux-gnu/
LIBRARY_PATH=/usr/lib/gcc/x86_64-linux-gnu/9/:/usr/lib/gcc/x86_64-linux-gnu/9/../../../x86_64-linux-gnu/:/usr/lib/gcc/x86_64-linux-gnu/9/../../../../lib/:/lib/x86_64-linux-gnu/:/lib/../lib/:/usr/lib/x86_64-linux-gnu/:/usr/lib/../lib/:/usr/lib/gcc/x86_64-linux-gnu/9/../../../:/lib/:/usr/lib/
COLLECT_GCC_OPTIONS='-v' '-o' 'cmTC_2ef65' '-mtune=generic' '-march=x86-64'
 /usr/lib/gcc/x86_64-linux-gnu/9/collect2 -plugin /usr/lib/gcc/x86_64-linux-gnu/9/liblto_plugin.so -plugin-opt=/usr/lib/gcc/x86_64-linux-gnu/9/lto-wrapper -plugin-opt=-fresolution=/tmp/ccHoraE5.res -plugin-opt=-pass-through=-lgcc -plugin-opt=-pass-through=-lgcc_s -plugin-opt=-pass-through=-lc -plugin-opt=-pass-through=-lgcc -plugin-opt=-pass-through=-lgcc_s --build-id --eh-frame-hdr -m elf_x86_64 --hash-style=gnu --as-needed -dynamic-linker /lib64/ld-linux-x86-64.so.2 -pie -z now -z relro -o cmTC_2ef65 /usr/lib/gcc/x86_64-linux-gnu/9/../../../x86_64-linux-gnu/Scrt1.o /usr/lib/gcc/x86_64-linux-gnu/9/../../../x86_64-linux-gnu/crti.o /usr/lib/gcc/x86_64-linux-gnu/9/crtbeginS.o -L/usr/lib/gcc/x86_64-linux-gnu/9 -L/usr/lib/gcc/x86_64-linux-gnu/9/../../../x86_64-linux-gnu -L/usr/lib/gcc/x86_64-linux-gnu/9/../../../../lib -L/lib/x86_64-linux-gnu -L/lib/../lib -L/usr/lib/x86_64-linux-gnu -L/usr/lib/../lib -L/usr/lib/gcc/x86_64-linux-gnu/9/../../.. CMakeFiles/cmTC_2ef65.dir/CMakeCCompilerABI.c.o -lgcc --push-state --as-needed -lgcc_s --pop-state -lc -lgcc --push-state --as-needed -lgcc_s --pop-state /usr/lib/gcc/x86_64-linux-gnu/9/crtendS.o /usr/lib/gcc/x86_64-linux-gnu/9/../../../x86_64-linux-gnu/crtn.o
COLLECT_GCC_OPTIONS='-v' '-o' 'cmTC_2ef65' '-mtune=generic' '-march=x86-64'
make[1]: Leaving directory '/root/catkin_ws/newui_Greyform/build/CMakeFiles/CMakeTmp'



Parsed C implicit include dir info from above output: rv=done
  found start of include info
  found start of implicit include info
    add: [/usr/lib/gcc/x86_64-linux-gnu/9/include]
    add: [/usr/local/include]
    add: [/usr/include/x86_64-linux-gnu]
    add: [/usr/include]
  end of search list found
  collapse include dir [/usr/lib/gcc/x86_64-linux-gnu/9/include] ==> [/usr/lib/gcc/x86_64-linux-gnu/9/include]
  collapse include dir [/usr/local/include] ==> [/usr/local/include]
  collapse include dir [/usr/include/x86_64-linux-gnu] ==> [/usr/include/x86_64-linux-gnu]
  collapse include dir [/usr/include] ==> [/usr/include]
  implicit include dirs: [/usr/lib/gcc/x86_64-linux-gnu/9/include;/usr/local/include;/usr/include/x86_64-linux-gnu;/usr/include]


Parsed C implicit link information from above output:
  link line regex: [^( *|.*[/\])(ld|CMAKE_LINK_STARTFILE-NOTFOUND|([^/\]+-)?ld|collect2)[^/\]*( |$)]
  ignore line: [Change Dir: /root/catkin_ws/newui_Greyform/build/CMakeFiles/CMakeTmp]
  ignore line: []
  ignore line: [Run Build Command(s):/usr/bin/make cmTC_2ef65/fast && /usr/bin/make -f CMakeFiles/cmTC_2ef65.dir/build.make CMakeFiles/cmTC_2ef65.dir/build]
  ignore line: [make[1]: Entering directory '/root/catkin_ws/newui_Greyform/build/CMakeFiles/CMakeTmp']
  ignore line: [Building C object CMakeFiles/cmTC_2ef65.dir/CMakeCCompilerABI.c.o]
  ignore line: [/usr/bin/cc   -v -o CMakeFiles/cmTC_2ef65.dir/CMakeCCompilerABI.c.o   -c /usr/share/cmake-3.16/Modules/CMakeCCompilerABI.c]
  ignore line: [Using built-in specs.]
  ignore line: [COLLECT_GCC=/usr/bin/cc]
  ignore line: [OFFLOAD_TARGET_NAMES=nvptx-none:hsa]
  ignore line: [OFFLOAD_TARGET_DEFAULT=1]
  ignore line: [Target: x86_64-linux-gnu]
  ignore line: [Configured with: ../src/configure -v --with-pkgversion='Ubuntu 9.4.0-1ubuntu1~20.04.2' --with-bugurl=file:///usr/share/doc/gcc-9/README.Bugs --enable-languages=c ada c++ go brig d fortran objc obj-c++ gm2 --prefix=/usr --with-gcc-major-version-only --program-suffix=-9 --program-prefix=x86_64-linux-gnu- --enable-shared --enable-linker-build-id --libexecdir=/usr/lib --without-included-gettext --enable-threads=posix --libdir=/usr/lib --enable-nls --enable-clocale=gnu --enable-libstdcxx-debug --enable-libstdcxx-time=yes --with-default-libstdcxx-abi=new --enable-gnu-unique-object --disable-vtable-verify --enable-plugin --enable-default-pie --with-system-zlib --with-target-system-zlib=auto --enable-objc-gc=auto --enable-multiarch --disable-werror --with-arch-32=i686 --with-abi=m64 --with-multilib-list=m32 m64 mx32 --enable-multilib --with-tune=generic --enable-offload-targets=nvptx-none=/build/gcc-9-9QDOt0/gcc-9-9.4.0/debian/tmp-nvptx/usr hsa --without-cuda-driver --enable-checking=release --build=x86_64-linux-gnu --host=x86_64-linux-gnu --target=x86_64-linux-gnu]
  ignore line: [Thread model: posix]
  ignore line: [gcc version 9.4.0 (Ubuntu 9.4.0-1ubuntu1~20.04.2) ]
  ignore line: [COLLECT_GCC_OPTIONS='-v' '-o' 'CMakeFiles/cmTC_2ef65.dir/CMakeCCompilerABI.c.o' '-c' '-mtune=generic' '-march=x86-64']
  ignore line: [ /usr/lib/gcc/x86_64-linux-gnu/9/cc1 -quiet -v -imultiarch x86_64-linux-gnu /usr/share/cmake-3.16/Modules/CMakeCCompilerABI.c -quiet -dumpbase CMakeCCompilerABI.c -mtune=generic -march=x86-64 -auxbase-strip CMakeFiles/cmTC_2ef65.dir/CMakeCCompilerABI.c.o -version -fasynchronous-unwind-tables -fstack-protector-strong -Wformat -Wformat-security -fstack-clash-protection -fcf-protection -o /tmp/ccPPe7y6.s]
  ignore line: [GNU C17 (Ubuntu 9.4.0-1ubuntu1~20.04.2) version 9.4.0 (x86_64-linux-gnu)]
  ignore line: [	compiled by GNU C version 9.4.0  GMP version 6.2.0  MPFR version 4.0.2  MPC version 1.1.0  isl version isl-0.22.1-GMP]
  ignore line: []
  ignore line: [GGC heuristics: --param ggc-min-expand=100 --param ggc-min-heapsize=131072]
  ignore line: [ignoring nonexistent directory "/usr/local/include/x86_64-linux-gnu"]
  ignore line: [ignoring nonexistent directory "/usr/lib/gcc/x86_64-linux-gnu/9/include-fixed"]
  ignore line: [ignoring nonexistent directory "/usr/lib/gcc/x86_64-linux-gnu/9/../../../../x86_64-linux-gnu/include"]
  ignore line: [#include "..." search starts here:]
  ignore line: [#include <...> search starts here:]
  ignore line: [ /usr/lib/gcc/x86_64-linux-gnu/9/include]
  ignore line: [ /usr/local/include]
  ignore line: [ /usr/include/x86_64-linux-gnu]
  ignore line: [ /usr/include]
  ignore line: [End of search list.]
  ignore line: [GNU C17 (Ubuntu 9.4.0-1ubuntu1~20.04.2) version 9.4.0 (x86_64-linux-gnu)]
  ignore line: [	compiled by GNU C version 9.4.0  GMP version 6.2.0  MPFR version 4.0.2  MPC version 1.1.0  isl version isl-0.22.1-GMP]
  ignore line: []
  ignore line: [GGC heuristics: --param ggc-min-expand=100 --param ggc-min-heapsize=131072]
  ignore line: [Compiler executable checksum: 01da938ff5dc2163489aa33cb3b747a7]
  ignore line: [COLLECT_GCC_OPTIONS='-v' '-o' 'CMakeFiles/cmTC_2ef65.dir/CMakeCCompilerABI.c.o' '-c' '-mtune=generic' '-march=x86-64']
  ignore line: [ as -v --64 -o CMakeFiles/cmTC_2ef65.dir/CMakeCCompilerABI.c.o /tmp/ccPPe7y6.s]
  ignore line: [GNU assembler version 2.34 (x86_64-linux-gnu) using BFD version (GNU Binutils for Ubuntu) 2.34]
  ignore line: [COMPILER_PATH=/usr/lib/gcc/x86_64-linux-gnu/9/:/usr/lib/gcc/x86_64-linux-gnu/9/:/usr/lib/gcc/x86_64-linux-gnu/:/usr/lib/gcc/x86_64-linux-gnu/9/:/usr/lib/gcc/x86_64-linux-gnu/]
  ignore line: [LIBRARY_PATH=/usr/lib/gcc/x86_64-linux-gnu/9/:/usr/lib/gcc/x86_64-linux-gnu/9/../../../x86_64-linux-gnu/:/usr/lib/gcc/x86_64-linux-gnu/9/../../../../lib/:/lib/x86_64-linux-gnu/:/lib/../lib/:/usr/lib/x86_64-linux-gnu/:/usr/lib/../lib/:/usr/lib/gcc/x86_64-linux-gnu/9/../../../:/lib/:/usr/lib/]
  ignore line: [COLLECT_GCC_OPTIONS='-v' '-o' 'CMakeFiles/cmTC_2ef65.dir/CMakeCCompilerABI.c.o' '-c' '-mtune=generic' '-march=x86-64']
  ignore line: [Linking C executable cmTC_2ef65]
  ignore line: [/usr/bin/cmake -E cmake_link_script CMakeFiles/cmTC_2ef65.dir/link.txt --verbose=1]
  ignore line: [/usr/bin/cc     -v CMakeFiles/cmTC_2ef65.dir/CMakeCCompilerABI.c.o  -o cmTC_2ef65 ]
  ignore line: [Using built-in specs.]
  ignore line: [COLLECT_GCC=/usr/bin/cc]
  ignore line: [COLLECT_LTO_WRAPPER=/usr/lib/gcc/x86_64-linux-gnu/9/lto-wrapper]
  ignore line: [OFFLOAD_TARGET_NAMES=nvptx-none:hsa]
  ignore line: [OFFLOAD_TARGET_DEFAULT=1]
  ignore line: [Target: x86_64-linux-gnu]
  ignore line: [Configured with: ../src/configure -v --with-pkgversion='Ubuntu 9.4.0-1ubuntu1~20.04.2' --with-bugurl=file:///usr/share/doc/gcc-9/README.Bugs --enable-languages=c ada c++ go brig d fortran objc obj-c++ gm2 --prefix=/usr --with-gcc-major-version-only --program-suffix=-9 --program-prefix=x86_64-linux-gnu- --enable-shared --enable-linker-build-id --libexecdir=/usr/lib --without-included-gettext --enable-threads=posix --libdir=/usr/lib --enable-nls --enable-clocale=gnu --enable-libstdcxx-debug --enable-libstdcxx-time=yes --with-default-libstdcxx-abi=new --enable-gnu-unique-object --disable-vtable-verify --enable-plugin --enable-default-pie --with-system-zlib --with-target-system-zlib=auto --enable-objc-gc=auto --enable-multiarch --disable-werror --with-arch-32=i686 --with-abi=m64 --with-multilib-list=m32 m64 mx32 --enable-multilib --with-tune=generic --enable-offload-targets=nvptx-none=/build/gcc-9-9QDOt0/gcc-9-9.4.0/debian/tmp-nvptx/usr hsa --without-cuda-driver --enable-checking=release --build=x86_64-linux-gnu --host=x86_64-linux-gnu --target=x86_64-linux-gnu]
  ignore line: [Thread model: posix]
  ignore line: [gcc version 9.4.0 (Ubuntu 9.4.0-1ubuntu1~20.04.2) ]
  ignore line: [COMPILER_PATH=/usr/lib/gcc/x86_64-linux-gnu/9/:/usr/lib/gcc/x86_64-linux-gnu/9/:/usr/lib/gcc/x86_64-linux-gnu/:/usr/lib/gcc/x86_64-linux-gnu/9/:/usr/lib/gcc/x86_64-linux-gnu/]
  ignore line: [LIBRARY_PATH=/usr/lib/gcc/x86_64-linux-gnu/9/:/usr/lib/gcc/x86_64-linux-gnu/9/../../../x86_64-linux-gnu/:/usr/lib/gcc/x86_64-linux-gnu/9/../../../../lib/:/lib/x86_64-linux-gnu/:/lib/../lib/:/usr/lib/x86_64-linux-gnu/:/usr/lib/../lib/:/usr/lib/gcc/x86_64-linux-gnu/9/../../../:/lib/:/usr/lib/]
  ignore line: [COLLECT_GCC_OPTIONS='-v' '-o' 'cmTC_2ef65' '-mtune=generic' '-march=x86-64']
  link line: [ /usr/lib/gcc/x86_64-linux-gnu/9/collect2 -plugin /usr/lib/gcc/x86_64-linux-gnu/9/liblto_plugin.so -plugin-opt=/usr/lib/gcc/x86_64-linux-gnu/9/lto-wrapper -plugin-opt=-fresolution=/tmp/ccHoraE5.res -plugin-opt=-pass-through=-lgcc -plugin-opt=-pass-through=-lgcc_s -plugin-opt=-pass-through=-lc -plugin-opt=-pass-through=-lgcc -plugin-opt=-pass-through=-lgcc_s --build-id --eh-frame-hdr -m elf_x86_64 --hash-style=gnu --as-needed -dynamic-linker /lib64/ld-linux-x86-64.so.2 -pie -z now -z relro -o cmTC_2ef65 /usr/lib/gcc/x86_64-linux-gnu/9/../../../x86_64-linux-gnu/Scrt1.o /usr/lib/gcc/x86_64-linux-gnu/9/../../../x86_64-linux-gnu/crti.o /usr/lib/gcc/x86_64-linux-gnu/9/crtbeginS.o -L/usr/lib/gcc/x86_64-linux-gnu/9 -L/usr/lib/gcc/x86_64-linux-gnu/9/../../../x86_64-linux-gnu -L/usr/lib/gcc/x86_64-linux-gnu/9/../../../../lib -L/lib/x86_64-linux-gnu -L/lib/../lib -L/usr/lib/x86_64-linux-gnu -L/usr/lib/../lib -L/usr/lib/gcc/x86_64-linux-gnu/9/../../.. CMakeFiles/cmTC_2ef65.dir/CMakeCCompilerABI.c.o -lgcc --push-state --as-needed -lgcc_s --pop-state -lc -lgcc --push-state --as-needed -lgcc_s --pop-state /usr/lib/gcc/x86_64-linux-gnu/9/crtendS.o /usr/lib/gcc/x86_64-linux-gnu/9/../../../x86_64-linux-gnu/crtn.o]
    arg [/usr/lib/gcc/x86_64-linux-gnu/9/collect2] ==> ignore
    arg [-plugin] ==> ignore
    arg [/usr/lib/gcc/x86_64-linux-gnu/9/liblto_plugin.so] ==> ignore
    arg [-plugin-opt=/usr/lib/gcc/x86_64-linux-gnu/9/lto-wrapper] ==> ignore
    arg [-plugin-opt=-fresolution=/tmp/ccHoraE5.res] ==> ignore
    arg [-plugin-opt=-pass-through=-lgcc] ==> ignore
    arg [-plugin-opt=-pass-through=-lgcc_s] ==> ignore
    arg [-plugin-opt=-pass-through=-lc] ==> ignore
    arg [-plugin-opt=-pass-through=-lgcc] ==> ignore
    arg [-plugin-opt=-pass-through=-lgcc_s] ==> ignore
    arg [--build-id] ==> ignore
    arg [--eh-frame-hdr] ==> ignore
    arg [-m] ==> ignore
    arg [elf_x86_64] ==> ignore
    arg [--hash-style=gnu] ==> ignore
    arg [--as-needed] ==> ignore
    arg [-dynamic-linker] ==> ignore
    arg [/lib64/ld-linux-x86-64.so.2] ==> ignore
    arg [-pie] ==> ignore
    arg [-znow] ==> ignore
    arg [-zrelro] ==> ignore
    arg [-o] ==> ignore
    arg [cmTC_2ef65] ==> ignore
    arg [/usr/lib/gcc/x86_64-linux-gnu/9/../../../x86_64-linux-gnu/Scrt1.o] ==> ignore
    arg [/usr/lib/gcc/x86_64-linux-gnu/9/../../../x86_64-linux-gnu/crti.o] ==> ignore
    arg [/usr/lib/gcc/x86_64-linux-gnu/9/crtbeginS.o] ==> ignore
    arg [-L/usr/lib/gcc/x86_64-linux-gnu/9] ==> dir [/usr/lib/gcc/x86_64-linux-gnu/9]
    arg [-L/usr/lib/gcc/x86_64-linux-gnu/9/../../../x86_64-linux-gnu] ==> dir [/usr/lib/gcc/x86_64-linux-gnu/9/../../../x86_64-linux-gnu]
    arg [-L/usr/lib/gcc/x86_64-linux-gnu/9/../../../../lib] ==> dir [/usr/lib/gcc/x86_64-linux-gnu/9/../../../../lib]
    arg [-L/lib/x86_64-linux-gnu] ==> dir [/lib/x86_64-linux-gnu]
    arg [-L/lib/../lib] ==> dir [/lib/../lib]
    arg [-L/usr/lib/x86_64-linux-gnu] ==> dir [/usr/lib/x86_64-linux-gnu]
    arg [-L/usr/lib/../lib] ==> dir [/usr/lib/../lib]
    arg [-L/usr/lib/gcc/x86_64-linux-gnu/9/../../..] ==> dir [/usr/lib/gcc/x86_64-linux-gnu/9/../../..]
    arg [CMakeFiles/cmTC_2ef65.dir/CMakeCCompilerABI.c.o] ==> ignore
    arg [-lgcc] ==> lib [gcc]
    arg [--push-state] ==> ignore
    arg [--as-needed] ==> ignore
    arg [-lgcc_s] ==> lib [gcc_s]
    arg [--pop-state] ==> ignore
    arg [-lc] ==> lib [c]
    arg [-lgcc] ==> lib [gcc]
    arg [--push-state] ==> ignore
    arg [--as-needed] ==> ignore
    arg [-lgcc_s] ==> lib [gcc_s]
    arg [--pop-state] ==> ignore
    arg [/usr/lib/gcc/x86_64-linux-gnu/9/crtendS.o] ==> ignore
    arg [/usr/lib/gcc/x86_64-linux-gnu/9/../../../x86_64-linux-gnu/crtn.o] ==> ignore
  collapse library dir [/usr/lib/gcc/x86_64-linux-gnu/9] ==> [/usr/lib/gcc/x86_64-linux-gnu/9]
  collapse library dir [/usr/lib/gcc/x86_64-linux-gnu/9/../../../x86_64-linux-gnu] ==> [/usr/lib/x86_64-linux-gnu]
  collapse library dir [/usr/lib/gcc/x86_64-linux-gnu/9/../../../../lib] ==> [/usr/lib]
  collapse library dir [/lib/x86_64-linux-gnu] ==> [/lib/x86_64-linux-gnu]
  collapse library dir [/lib/../lib] ==> [/lib]
  collapse library dir [/usr/lib/x86_64-linux-gnu] ==> [/usr/lib/x86_64-linux-gnu]
  collapse library dir [/usr/lib/../lib] ==> [/usr/lib]
  collapse library dir [/usr/lib/gcc/x86_64-linux-gnu/9/../../..] ==> [/usr/lib]
  implicit libs: [gcc;gcc_s;c;gcc;gcc_s]
  implicit dirs: [/usr/lib/gcc/x86_64-linux-gnu/9;/usr/lib/x86_64-linux-gnu;/usr/lib;/lib/x86_64-linux-gnu;/lib]
  implicit fwks: []


Determining if the CXX compiler works passed with the following output:
Change Dir: /root/catkin_ws/newui_Greyform/build/CMakeFiles/CMakeTmp

Run Build Command(s):/usr/bin/make cmTC_cf70d/fast && /usr/bin/make -f CMakeFiles/cmTC_cf70d.dir/build.make CMakeFiles/cmTC_cf70d.dir/build
make[1]: Entering directory '/root/catkin_ws/newui_Greyform/build/CMakeFiles/CMakeTmp'
Building CXX object CMakeFiles/cmTC_cf70d.dir/testCXXCompiler.cxx.o
/usr/bin/c++     -o CMakeFiles/cmTC_cf70d.dir/testCXXCompiler.cxx.o -c /root/catkin_ws/newui_Greyform/build/CMakeFiles/CMakeTmp/testCXXCompiler.cxx
Linking CXX executable cmTC_cf70d
/usr/bin/cmake -E cmake_link_script CMakeFiles/cmTC_cf70d.dir/link.txt --verbose=1
/usr/bin/c++       CMakeFiles/cmTC_cf70d.dir/testCXXCompiler.cxx.o  -o cmTC_cf70d 
make[1]: Leaving directory '/root/catkin_ws/newui_Greyform/build/CMakeFiles/CMakeTmp'



Detecting CXX compiler ABI info compiled with the following output:
Change Dir: /root/catkin_ws/newui_Greyform/build/CMakeFiles/CMakeTmp

Run Build Command(s):/usr/bin/make cmTC_eb904/fast && /usr/bin/make -f CMakeFiles/cmTC_eb904.dir/build.make CMakeFiles/cmTC_eb904.dir/build
make[1]: Entering directory '/root/catkin_ws/newui_Greyform/build/CMakeFiles/CMakeTmp'
Building CXX object CMakeFiles/cmTC_eb904.dir/CMakeCXXCompilerABI.cpp.o
/usr/bin/c++    -v -o CMakeFiles/cmTC_eb904.dir/CMakeCXXCompilerABI.cpp.o -c /usr/share/cmake-3.16/Modules/CMakeCXXCompilerABI.cpp
Using built-in specs.
COLLECT_GCC=/usr/bin/c++
OFFLOAD_TARGET_NAMES=nvptx-none:hsa
OFFLOAD_TARGET_DEFAULT=1
Target: x86_64-linux-gnu
Configured with: ../src/configure -v --with-pkgversion='Ubuntu 9.4.0-1ubuntu1~20.04.2' --with-bugurl=file:///usr/share/doc/gcc-9/README.Bugs --enable-languages=c,ada,c++,go,brig,d,fortran,objc,obj-c++,gm2 --prefix=/usr --with-gcc-major-version-only --program-suffix=-9 --program-prefix=x86_64-linux-gnu- --enable-shared --enable-linker-build-id --libexecdir=/usr/lib --without-included-gettext --enable-threads=posix --libdir=/usr/lib --enable-nls --enable-clocale=gnu --enable-libstdcxx-debug --enable-libstdcxx-time=yes --with-default-libstdcxx-abi=new --enable-gnu-unique-object --disable-vtable-verify --enable-plugin --enable-default-pie --with-system-zlib --with-target-system-zlib=auto --enable-objc-gc=auto --enable-multiarch --disable-werror --with-arch-32=i686 --with-abi=m64 --with-multilib-list=m32,m64,mx32 --enable-multilib --with-tune=generic --enable-offload-targets=nvptx-none=/build/gcc-9-9QDOt0/gcc-9-9.4.0/debian/tmp-nvptx/usr,hsa --without-cuda-driver --enable-checking=release --build=x86_64-linux-gnu --host=x86_64-linux-gnu --target=x86_64-linux-gnu
Thread model: posix
gcc version 9.4.0 (Ubuntu 9.4.0-1ubuntu1~20.04.2) 
COLLECT_GCC_OPTIONS='-v' '-o' 'CMakeFiles/cmTC_eb904.dir/CMakeCXXCompilerABI.cpp.o' '-c' '-shared-libgcc' '-mtune=generic' '-march=x86-64'
 /usr/lib/gcc/x86_64-linux-gnu/9/cc1plus -quiet -v -imultiarch x86_64-linux-gnu -D_GNU_SOURCE /usr/share/cmake-3.16/Modules/CMakeCXXCompilerABI.cpp -quiet -dumpbase CMakeCXXCompilerABI.cpp -mtune=generic -march=x86-64 -auxbase-strip CMakeFiles/cmTC_eb904.dir/CMakeCXXCompilerABI.cpp.o -version -fasynchronous-unwind-tables -fstack-protector-strong -Wformat -Wformat-security -fstack-clash-protection -fcf-protection -o /tmp/cc3PPeb4.s
GNU C++14 (Ubuntu 9.4.0-1ubuntu1~20.04.2) version 9.4.0 (x86_64-linux-gnu)
	compiled by GNU C version 9.4.0, GMP version 6.2.0, MPFR version 4.0.2, MPC version 1.1.0, isl version isl-0.22.1-GMP

GGC heuristics: --param ggc-min-expand=100 --param ggc-min-heapsize=131072
ignoring duplicate directory "/usr/include/x86_64-linux-gnu/c++/9"
ignoring nonexistent directory "/usr/local/include/x86_64-linux-gnu"
ignoring nonexistent directory "/usr/lib/gcc/x86_64-linux-gnu/9/include-fixed"
ignoring nonexistent directory "/usr/lib/gcc/x86_64-linux-gnu/9/../../../../x86_64-linux-gnu/include"
#include "..." search starts here:
#include <...> search starts here:
 /usr/include/c++/9
 /usr/include/x86_64-linux-gnu/c++/9
 /usr/include/c++/9/backward
 /usr/lib/gcc/x86_64-linux-gnu/9/include
 /usr/local/include
 /usr/include/x86_64-linux-gnu
 /usr/include
End of search list.
GNU C++14 (Ubuntu 9.4.0-1ubuntu1~20.04.2) version 9.4.0 (x86_64-linux-gnu)
	compiled by GNU C version 9.4.0, GMP version 6.2.0, MPFR version 4.0.2, MPC version 1.1.0, isl version isl-0.22.1-GMP

GGC heuristics: --param ggc-min-expand=100 --param ggc-min-heapsize=131072
Compiler executable checksum: 3d1eba838554fa2348dba760e4770469
COLLECT_GCC_OPTIONS='-v' '-o' 'CMakeFiles/cmTC_eb904.dir/CMakeCXXCompilerABI.cpp.o' '-c' '-shared-libgcc' '-mtune=generic' '-march=x86-64'
 as -v --64 -o CMakeFiles/cmTC_eb904.dir/CMakeCXXCompilerABI.cpp.o /tmp/cc3PPeb4.s
GNU assembler version 2.34 (x86_64-linux-gnu) using BFD version (GNU Binutils for Ubuntu) 2.34
COMPILER_PATH=/usr/lib/gcc/x86_64-linux-gnu/9/:/usr/lib/gcc/x86_64-linux-gnu/9/:/usr/lib/gcc/x86_64-linux-gnu/:/usr/lib/gcc/x86_64-linux-gnu/9/:/usr/lib/gcc/x86_64-linux-gnu/
LIBRARY_PATH=/usr/lib/gcc/x86_64-linux-gnu/9/:/usr/lib/gcc/x86_64-linux-gnu/9/../../../x86_64-linux-gnu/:/usr/lib/gcc/x86_64-linux-gnu/9/../../../../lib/:/lib/x86_64-linux-gnu/:/lib/../lib/:/usr/lib/x86_64-linux-gnu/:/usr/lib/../lib/:/usr/lib/gcc/x86_64-linux-gnu/9/../../../:/lib/:/usr/lib/
COLLECT_GCC_OPTIONS='-v' '-o' 'CMakeFiles/cmTC_eb904.dir/CMakeCXXCompilerABI.cpp.o' '-c' '-shared-libgcc' '-mtune=generic' '-march=x86-64'
Linking CXX executable cmTC_eb904
/usr/bin/cmake -E cmake_link_script CMakeFiles/cmTC_eb904.dir/link.txt --verbose=1
/usr/bin/c++      -v CMakeFiles/cmTC_eb904.dir/CMakeCXXCompilerABI.cpp.o  -o cmTC_eb904 
Using built-in specs.
COLLECT_GCC=/usr/bin/c++
COLLECT_LTO_WRAPPER=/usr/lib/gcc/x86_64-linux-gnu/9/lto-wrapper
OFFLOAD_TARGET_NAMES=nvptx-none:hsa
OFFLOAD_TARGET_DEFAULT=1
Target: x86_64-linux-gnu
Configured with: ../src/configure -v --with-pkgversion='Ubuntu 9.4.0-1ubuntu1~20.04.2' --with-bugurl=file:///usr/share/doc/gcc-9/README.Bugs --enable-languages=c,ada,c++,go,brig,d,fortran,objc,obj-c++,gm2 --prefix=/usr --with-gcc-major-version-only --program-suffix=-9 --program-prefix=x86_64-linux-gnu- --enable-shared --enable-linker-build-id --libexecdir=/usr/lib --without-included-gettext --enable-threads=posix --libdir=/usr/lib --enable-nls --enable-clocale=gnu --enable-libstdcxx-debug --enable-libstdcxx-time=yes --with-default-libstdcxx-abi=new --enable-gnu-unique-object --disable-vtable-verify --enable-plugin --enable-default-pie --with-system-zlib --with-target-system-zlib=auto --enable-objc-gc=auto --enable-multiarch --disable-werror --with-arch-32=i686 --with-abi=m64 --with-multilib-list=m32,m64,mx32 --enable-multilib --with-tune=generic --enable-offload-targets=nvptx-none=/build/gcc-9-9QDOt0/gcc-9-9.4.0/debian/tmp-nvptx/usr,hsa --without-cuda-driver --enable-checking=release --build=x86_64-linux-gnu --host=x86_64-linux-gnu --target=x86_64-linux-gnu
Thread model: posix
gcc version 9.4.0 (Ubuntu 9.4.0-1ubuntu1~20.04.2) 
COMPILER_PATH=/usr/lib/gcc/x86_64-linux-gnu/9/:/usr/lib/gcc/x86_64-linux-gnu/9/:/usr/lib/gcc/x86_64-linux-gnu/:/usr/lib/gcc/x86_64-linux-gnu/9/:/usr/lib/gcc/x86_64-linux-gnu/
LIBRARY_PATH=/usr/lib/gcc/x86_64-linux-gnu/9/:/usr/lib/gcc/x86_64-linux-gnu/9/../../../x86_64-linux-gnu/:/usr/lib/gcc/x86_64-linux-gnu/9/../../../../lib/:/lib/x86_64-linux-gnu/:/lib/../lib/:/usr/lib/x86_64-linux-gnu/:/usr/lib/../lib/:/usr/lib/gcc/x86_64-linux-gnu/9/../../../:/lib/:/usr/lib/
COLLECT_GCC_OPTIONS='-v' '-o' 'cmTC_eb904' '-shared-libgcc' '-mtune=generic' '-march=x86-64'
 /usr/lib/gcc/x86_64-linux-gnu/9/collect2 -plugin /usr/lib/gcc/x86_64-linux-gnu/9/liblto_plugin.so -plugin-opt=/usr/lib/gcc/x86_64-linux-gnu/9/lto-wrapper -plugin-opt=-fresolution=/tmp/ccST7kew.res -plugin-opt=-pass-through=-lgcc_s -plugin-opt=-pass-through=-lgcc -plugin-opt=-pass-through=-lc -plugin-opt=-pass-through=-lgcc_s -plugin-opt=-pass-through=-lgcc --build-id --eh-frame-hdr -m elf_x86_64 --hash-style=gnu --as-needed -dynamic-linker /lib64/ld-linux-x86-64.so.2 -pie -z now -z relro -o cmTC_eb904 /usr/lib/gcc/x86_64-linux-gnu/9/../../../x86_64-linux-gnu/Scrt1.o /usr/lib/gcc/x86_64-linux-gnu/9/../../../x86_64-linux-gnu/crti.o /usr/lib/gcc/x86_64-linux-gnu/9/crtbeginS.o -L/usr/lib/gcc/x86_64-linux-gnu/9 -L/usr/lib/gcc/x86_64-linux-gnu/9/../../../x86_64-linux-gnu -L/usr/lib/gcc/x86_64-linux-gnu/9/../../../../lib -L/lib/x86_64-linux-gnu -L/lib/../lib -L/usr/lib/x86_64-linux-gnu -L/usr/lib/../lib -L/usr/lib/gcc/x86_64-linux-gnu/9/../../.. CMakeFiles/cmTC_eb904.dir/CMakeCXXCompilerABI.cpp.o -lstdc++ -lm -lgcc_s -lgcc -lc -lgcc_s -lgcc /usr/lib/gcc/x86_64-linux-gnu/9/crtendS.o /usr/lib/gcc/x86_64-linux-gnu/9/../../../x86_64-linux-gnu/crtn.o
COLLECT_GCC_OPTIONS='-v' '-o' 'cmTC_eb904' '-shared-libgcc' '-mtune=generic' '-march=x86-64'
make[1]: Leaving directory '/root/catkin_ws/newui_Greyform/build/CMakeFiles/CMakeTmp'



Parsed CXX implicit include dir info from above output: rv=done
  found start of include info
  found start of implicit include info
    add: [/usr/include/c++/9]
    add: [/usr/include/x86_64-linux-gnu/c++/9]
    add: [/usr/include/c++/9/backward]
    add: [/usr/lib/gcc/x86_64-linux-gnu/9/include]
    add: [/usr/local/include]
    add: [/usr/include/x86_64-linux-gnu]
    add: [/usr/include]
  end of search list found
  collapse include dir [/usr/include/c++/9] ==> [/usr/include/c++/9]
  collapse include dir [/usr/include/x86_64-linux-gnu/c++/9] ==> [/usr/include/x86_64-linux-gnu/c++/9]
  collapse include dir [/usr/include/c++/9/backward] ==> [/usr/include/c++/9/backward]
  collapse include dir [/usr/lib/gcc/x86_64-linux-gnu/9/include] ==> [/usr/lib/gcc/x86_64-linux-gnu/9/include]
  collapse include dir [/usr/local/include] ==> [/usr/local/include]
  collapse include dir [/usr/include/x86_64-linux-gnu] ==> [/usr/include/x86_64-linux-gnu]
  collapse include dir [/usr/include] ==> [/usr/include]
  implicit include dirs: [/usr/include/c++/9;/usr/include/x86_64-linux-gnu/c++/9;/usr/include/c++/9/backward;/usr/lib/gcc/x86_64-linux-gnu/9/include;/usr/local/include;/usr/include/x86_64-linux-gnu;/usr/include]


Parsed CXX implicit link information from above output:
  link line regex: [^( *|.*[/\])(ld|CMAKE_LINK_STARTFILE-NOTFOUND|([^/\]+-)?ld|collect2)[^/\]*( |$)]
  ignore line: [Change Dir: /root/catkin_ws/newui_Greyform/build/CMakeFiles/CMakeTmp]
  ignore line: []
  ignore line: [Run Build Command(s):/usr/bin/make cmTC_eb904/fast && /usr/bin/make -f CMakeFiles/cmTC_eb904.dir/build.make CMakeFiles/cmTC_eb904.dir/build]
  ignore line: [make[1]: Entering directory '/root/catkin_ws/newui_Greyform/build/CMakeFiles/CMakeTmp']
  ignore line: [Building CXX object CMakeFiles/cmTC_eb904.dir/CMakeCXXCompilerABI.cpp.o]
  ignore line: [/usr/bin/c++    -v -o CMakeFiles/cmTC_eb904.dir/CMakeCXXCompilerABI.cpp.o -c /usr/share/cmake-3.16/Modules/CMakeCXXCompilerABI.cpp]
  ignore line: [Using built-in specs.]
  ignore line: [COLLECT_GCC=/usr/bin/c++]
  ignore line: [OFFLOAD_TARGET_NAMES=nvptx-none:hsa]
  ignore line: [OFFLOAD_TARGET_DEFAULT=1]
  ignore line: [Target: x86_64-linux-gnu]
  ignore line: [Configured with: ../src/configure -v --with-pkgversion='Ubuntu 9.4.0-1ubuntu1~20.04.2' --with-bugurl=file:///usr/share/doc/gcc-9/README.Bugs --enable-languages=c ada c++ go brig d fortran objc obj-c++ gm2 --prefix=/usr --with-gcc-major-version-only --program-suffix=-9 --program-prefix=x86_64-linux-gnu- --enable-shared --enable-linker-build-id --libexecdir=/usr/lib --without-included-gettext --enable-threads=posix --libdir=/usr/lib --enable-nls --enable-clocale=gnu --enable-libstdcxx-debug --enable-libstdcxx-time=yes --with-default-libstdcxx-abi=new --enable-gnu-unique-object --disable-vtable-verify --enable-plugin --enable-default-pie --with-system-zlib --with-target-system-zlib=auto --enable-objc-gc=auto --enable-multiarch --disable-werror --with-arch-32=i686 --with-abi=m64 --with-multilib-list=m32 m64 mx32 --enable-multilib --with-tune=generic --enable-offload-targets=nvptx-none=/build/gcc-9-9QDOt0/gcc-9-9.4.0/debian/tmp-nvptx/usr hsa --without-cuda-driver --enable-checking=release --build=x86_64-linux-gnu --host=x86_64-linux-gnu --target=x86_64-linux-gnu]
  ignore line: [Thread model: posix]
  ignore line: [gcc version 9.4.0 (Ubuntu 9.4.0-1ubuntu1~20.04.2) ]
  ignore line: [COLLECT_GCC_OPTIONS='-v' '-o' 'CMakeFiles/cmTC_eb904.dir/CMakeCXXCompilerABI.cpp.o' '-c' '-shared-libgcc' '-mtune=generic' '-march=x86-64']
  ignore line: [ /usr/lib/gcc/x86_64-linux-gnu/9/cc1plus -quiet -v -imultiarch x86_64-linux-gnu -D_GNU_SOURCE /usr/share/cmake-3.16/Modules/CMakeCXXCompilerABI.cpp -quiet -dumpbase CMakeCXXCompilerABI.cpp -mtune=generic -march=x86-64 -auxbase-strip CMakeFiles/cmTC_eb904.dir/CMakeCXXCompilerABI.cpp.o -version -fasynchronous-unwind-tables -fstack-protector-strong -Wformat -Wformat-security -fstack-clash-protection -fcf-protection -o /tmp/cc3PPeb4.s]
  ignore line: [GNU C++14 (Ubuntu 9.4.0-1ubuntu1~20.04.2) version 9.4.0 (x86_64-linux-gnu)]
  ignore line: [	compiled by GNU C version 9.4.0  GMP version 6.2.0  MPFR version 4.0.2  MPC version 1.1.0  isl version isl-0.22.1-GMP]
  ignore line: []
  ignore line: [GGC heuristics: --param ggc-min-expand=100 --param ggc-min-heapsize=131072]
  ignore line: [ignoring duplicate directory "/usr/include/x86_64-linux-gnu/c++/9"]
  ignore line: [ignoring nonexistent directory "/usr/local/include/x86_64-linux-gnu"]
  ignore line: [ignoring nonexistent directory "/usr/lib/gcc/x86_64-linux-gnu/9/include-fixed"]
  ignore line: [ignoring nonexistent directory "/usr/lib/gcc/x86_64-linux-gnu/9/../../../../x86_64-linux-gnu/include"]
  ignore line: [#include "..." search starts here:]
  ignore line: [#include <...> search starts here:]
  ignore line: [ /usr/include/c++/9]
  ignore line: [ /usr/include/x86_64-linux-gnu/c++/9]
  ignore line: [ /usr/include/c++/9/backward]
  ignore line: [ /usr/lib/gcc/x86_64-linux-gnu/9/include]
  ignore line: [ /usr/local/include]
  ignore line: [ /usr/include/x86_64-linux-gnu]
  ignore line: [ /usr/include]
  ignore line: [End of search list.]
  ignore line: [GNU C++14 (Ubuntu 9.4.0-1ubuntu1~20.04.2) version 9.4.0 (x86_64-linux-gnu)]
  ignore line: [	compiled by GNU C version 9.4.0  GMP version 6.2.0  MPFR version 4.0.2  MPC version 1.1.0  isl version isl-0.22.1-GMP]
  ignore line: []
  ignore line: [GGC heuristics: --param ggc-min-expand=100 --param ggc-min-heapsize=131072]
  ignore line: [Compiler executable checksum: 3d1eba838554fa2348dba760e4770469]
  ignore line: [COLLECT_GCC_OPTIONS='-v' '-o' 'CMakeFiles/cmTC_eb904.dir/CMakeCXXCompilerABI.cpp.o' '-c' '-shared-libgcc' '-mtune=generic' '-march=x86-64']
  ignore line: [ as -v --64 -o CMakeFiles/cmTC_eb904.dir/CMakeCXXCompilerABI.cpp.o /tmp/cc3PPeb4.s]
  ignore line: [GNU assembler version 2.34 (x86_64-linux-gnu) using BFD version (GNU Binutils for Ubuntu) 2.34]
  ignore line: [COMPILER_PATH=/usr/lib/gcc/x86_64-linux-gnu/9/:/usr/lib/gcc/x86_64-linux-gnu/9/:/usr/lib/gcc/x86_64-linux-gnu/:/usr/lib/gcc/x86_64-linux-gnu/9/:/usr/lib/gcc/x86_64-linux-gnu/]
  ignore line: [LIBRARY_PATH=/usr/lib/gcc/x86_64-linux-gnu/9/:/usr/lib/gcc/x86_64-linux-gnu/9/../../../x86_64-linux-gnu/:/usr/lib/gcc/x86_64-linux-gnu/9/../../../../lib/:/lib/x86_64-linux-gnu/:/lib/../lib/:/usr/lib/x86_64-linux-gnu/:/usr/lib/../lib/:/usr/lib/gcc/x86_64-linux-gnu/9/../../../:/lib/:/usr/lib/]
  ignore line: [COLLECT_GCC_OPTIONS='-v' '-o' 'CMakeFiles/cmTC_eb904.dir/CMakeCXXCompilerABI.cpp.o' '-c' '-shared-libgcc' '-mtune=generic' '-march=x86-64']
  ignore line: [Linking CXX executable cmTC_eb904]
  ignore line: [/usr/bin/cmake -E cmake_link_script CMakeFiles/cmTC_eb904.dir/link.txt --verbose=1]
  ignore line: [/usr/bin/c++      -v CMakeFiles/cmTC_eb904.dir/CMakeCXXCompilerABI.cpp.o  -o cmTC_eb904 ]
  ignore line: [Using built-in specs.]
  ignore line: [COLLECT_GCC=/usr/bin/c++]
  ignore line: [COLLECT_LTO_WRAPPER=/usr/lib/gcc/x86_64-linux-gnu/9/lto-wrapper]
  ignore line: [OFFLOAD_TARGET_NAMES=nvptx-none:hsa]
  ignore line: [OFFLOAD_TARGET_DEFAULT=1]
  ignore line: [Target: x86_64-linux-gnu]
  ignore line: [Configured with: ../src/configure -v --with-pkgversion='Ubuntu 9.4.0-1ubuntu1~20.04.2' --with-bugurl=file:///usr/share/doc/gcc-9/README.Bugs --enable-languages=c ada c++ go brig d fortran objc obj-c++ gm2 --prefix=/usr --with-gcc-major-version-only --program-suffix=-9 --program-prefix=x86_64-linux-gnu- --enable-shared --enable-linker-build-id --libexecdir=/usr/lib --without-included-gettext --enable-threads=posix --libdir=/usr/lib --enable-nls --enable-clocale=gnu --enable-libstdcxx-debug --enable-libstdcxx-time=yes --with-default-libstdcxx-abi=new --enable-gnu-unique-object --disable-vtable-verify --enable-plugin --enable-default-pie --with-system-zlib --with-target-system-zlib=auto --enable-objc-gc=auto --enable-multiarch --disable-werror --with-arch-32=i686 --with-abi=m64 --with-multilib-list=m32 m64 mx32 --enable-multilib --with-tune=generic --enable-offload-targets=nvptx-none=/build/gcc-9-9QDOt0/gcc-9-9.4.0/debian/tmp-nvptx/usr hsa --without-cuda-driver --enable-checking=release --build=x86_64-linux-gnu --host=x86_64-linux-gnu --target=x86_64-linux-gnu]
  ignore line: [Thread model: posix]
  ignore line: [gcc version 9.4.0 (Ubuntu 9.4.0-1ubuntu1~20.04.2) ]
  ignore line: [COMPILER_PATH=/usr/lib/gcc/x86_64-linux-gnu/9/:/usr/lib/gcc/x86_64-linux-gnu/9/:/usr/lib/gcc/x86_64-linux-gnu/:/usr/lib/gcc/x86_64-linux-gnu/9/:/usr/lib/gcc/x86_64-linux-gnu/]
  ignore line: [LIBRARY_PATH=/usr/lib/gcc/x86_64-linux-gnu/9/:/usr/lib/gcc/x86_64-linux-gnu/9/../../../x86_64-linux-gnu/:/usr/lib/gcc/x86_64-linux-gnu/9/../../../../lib/:/lib/x86_64-linux-gnu/:/lib/../lib/:/usr/lib/x86_64-linux-gnu/:/usr/lib/../lib/:/usr/lib/gcc/x86_64-linux-gnu/9/../../../:/lib/:/usr/lib/]
  ignore line: [COLLECT_GCC_OPTIONS='-v' '-o' 'cmTC_eb904' '-shared-libgcc' '-mtune=generic' '-march=x86-64']
  link line: [ /usr/lib/gcc/x86_64-linux-gnu/9/collect2 -plugin /usr/lib/gcc/x86_64-linux-gnu/9/liblto_plugin.so -plugin-opt=/usr/lib/gcc/x86_64-linux-gnu/9/lto-wrapper -plugin-opt=-fresolution=/tmp/ccST7kew.res -plugin-opt=-pass-through=-lgcc_s -plugin-opt=-pass-through=-lgcc -plugin-opt=-pass-through=-lc -plugin-opt=-pass-through=-lgcc_s -plugin-opt=-pass-through=-lgcc --build-id --eh-frame-hdr -m elf_x86_64 --hash-style=gnu --as-needed -dynamic-linker /lib64/ld-linux-x86-64.so.2 -pie -z now -z relro -o cmTC_eb904 /usr/lib/gcc/x86_64-linux-gnu/9/../../../x86_64-linux-gnu/Scrt1.o /usr/lib/gcc/x86_64-linux-gnu/9/../../../x86_64-linux-gnu/crti.o /usr/lib/gcc/x86_64-linux-gnu/9/crtbeginS.o -L/usr/lib/gcc/x86_64-linux-gnu/9 -L/usr/lib/gcc/x86_64-linux-gnu/9/../../../x86_64-linux-gnu -L/usr/lib/gcc/x86_64-linux-gnu/9/../../../../lib -L/lib/x86_64-linux-gnu -L/lib/../lib -L/usr/lib/x86_64-linux-gnu -L/usr/lib/../lib -L/usr/lib/gcc/x86_64-linux-gnu/9/../../.. CMakeFiles/cmTC_eb904.dir/CMakeCXXCompilerABI.cpp.o -lstdc++ -lm -lgcc_s -lgcc -lc -lgcc_s -lgcc /usr/lib/gcc/x86_64-linux-gnu/9/crtendS.o /usr/lib/gcc/x86_64-linux-gnu/9/../../../x86_64-linux-gnu/crtn.o]
    arg [/usr/lib/gcc/x86_64-linux-gnu/9/collect2] ==> ignore
    arg [-plugin] ==> ignore
    arg [/usr/lib/gcc/x86_64-linux-gnu/9/liblto_plugin.so] ==> ignore
    arg [-plugin-opt=/usr/lib/gcc/x86_64-linux-gnu/9/lto-wrapper] ==> ignore
    arg [-plugin-opt=-fresolution=/tmp/ccST7kew.res] ==> ignore
    arg [-plugin-opt=-pass-through=-lgcc_s] ==> ignore
    arg [-plugin-opt=-pass-through=-lgcc] ==> ignore
    arg [-plugin-opt=-pass-through=-lc] ==> ignore
    arg [-plugin-opt=-pass-through=-lgcc_s] ==> ignore
    arg [-plugin-opt=-pass-through=-lgcc] ==> ignore
    arg [--build-id] ==> ignore
    arg [--eh-frame-hdr] ==> ignore
    arg [-m] ==> ignore
    arg [elf_x86_64] ==> ignore
    arg [--hash-style=gnu] ==> ignore
    arg [--as-needed] ==> ignore
    arg [-dynamic-linker] ==> ignore
    arg [/lib64/ld-linux-x86-64.so.2] ==> ignore
    arg [-pie] ==> ignore
    arg [-znow] ==> ignore
    arg [-zrelro] ==> ignore
    arg [-o] ==> ignore
    arg [cmTC_eb904] ==> ignore
    arg [/usr/lib/gcc/x86_64-linux-gnu/9/../../../x86_64-linux-gnu/Scrt1.o] ==> ignore
    arg [/usr/lib/gcc/x86_64-linux-gnu/9/../../../x86_64-linux-gnu/crti.o] ==> ignore
    arg [/usr/lib/gcc/x86_64-linux-gnu/9/crtbeginS.o] ==> ignore
    arg [-L/usr/lib/gcc/x86_64-linux-gnu/9] ==> dir [/usr/lib/gcc/x86_64-linux-gnu/9]
    arg [-L/usr/lib/gcc/x86_64-linux-gnu/9/../../../x86_64-linux-gnu] ==> dir [/usr/lib/gcc/x86_64-linux-gnu/9/../../../x86_64-linux-gnu]
    arg [-L/usr/lib/gcc/x86_64-linux-gnu/9/../../../../lib] ==> dir [/usr/lib/gcc/x86_64-linux-gnu/9/../../../../lib]
    arg [-L/lib/x86_64-linux-gnu] ==> dir [/lib/x86_64-linux-gnu]
    arg [-L/lib/../lib] ==> dir [/lib/../lib]
    arg [-L/usr/lib/x86_64-linux-gnu] ==> dir [/usr/lib/x86_64-linux-gnu]
    arg [-L/usr/lib/../lib] ==> dir [/usr/lib/../lib]
    arg [-L/usr/lib/gcc/x86_64-linux-gnu/9/../../..] ==> dir [/usr/lib/gcc/x86_64-linux-gnu/9/../../..]
    arg [CMakeFiles/cmTC_eb904.dir/CMakeCXXCompilerABI.cpp.o] ==> ignore
    arg [-lstdc++] ==> lib [stdc++]
    arg [-lm] ==> lib [m]
    arg [-lgcc_s] ==> lib [gcc_s]
    arg [-lgcc] ==> lib [gcc]
    arg [-lc] ==> lib [c]
    arg [-lgcc_s] ==> lib [gcc_s]
    arg [-lgcc] ==> lib [gcc]
    arg [/usr/lib/gcc/x86_64-linux-gnu/9/crtendS.o] ==> ignore
    arg [/usr/lib/gcc/x86_64-linux-gnu/9/../../../x86_64-linux-gnu/crtn.o] ==> ignore
  collapse library dir [/usr/lib/gcc/x86_64-linux-gnu/9] ==> [/usr/lib/gcc/x86_64-linux-gnu/9]
  collapse library dir [/usr/lib/gcc/x86_64-linux-gnu/9/../../../x86_64-linux-gnu] ==> [/usr/lib/x86_64-linux-gnu]
  collapse library dir [/usr/lib/gcc/x86_64-linux-gnu/9/../../../../lib] ==> [/usr/lib]
  collapse library dir [/lib/x86_64-linux-gnu] ==> [/lib/x86_64-linux-gnu]
  collapse library dir [/lib/../lib] ==> [/lib]
  collapse library dir [/usr/lib/x86_64-linux-gnu] ==> [/usr/lib/x86_64-linux-gnu]
  collapse library dir [/usr/lib/../lib] ==> [/usr/lib]
  collapse library dir [/usr/lib/gcc/x86_64-linux-gnu/9/../../..] ==> [/usr/lib]
  implicit libs: [stdc++;m;gcc_s;gcc;c;gcc_s;gcc]
  implicit dirs: [/usr/lib/gcc/x86_64-linux-gnu/9;/usr/lib/x86_64-linux-gnu;/usr/lib;/lib/x86_64-linux-gnu;/lib]
  implicit fwks: []


Determining if the include file pthread.h exists passed with the following output:
Change Dir: /root/catkin_ws/newui_Greyform/build/CMakeFiles/CMakeTmp

Run Build Command(s):/usr/bin/make cmTC_437be/fast && /usr/bin/make -f CMakeFiles/cmTC_437be.dir/build.make CMakeFiles/cmTC_437be.dir/build
make[1]: Entering directory '/root/catkin_ws/newui_Greyform/build/CMakeFiles/CMakeTmp'
Building C object CMakeFiles/cmTC_437be.dir/CheckIncludeFile.c.o
/usr/bin/cc    -o CMakeFiles/cmTC_437be.dir/CheckIncludeFile.c.o   -c /root/catkin_ws/newui_Greyform/build/CMakeFiles/CMakeTmp/CheckIncludeFile.c
Linking C executable cmTC_437be
/usr/bin/cmake -E cmake_link_script CMakeFiles/cmTC_437be.dir/link.txt --verbose=1
/usr/bin/cc      CMakeFiles/cmTC_437be.dir/CheckIncludeFile.c.o  -o cmTC_437be 
make[1]: Leaving directory '/root/catkin_ws/newui_Greyform/build/CMakeFiles/CMakeTmp'



Determining if the function pthread_create exists in the pthread passed with the following output:
Change Dir: /root/catkin_ws/newui_Greyform/build/CMakeFiles/CMakeTmp

Run Build Command(s):/usr/bin/make cmTC_6bf97/fast && /usr/bin/make -f CMakeFiles/cmTC_6bf97.dir/build.make CMakeFiles/cmTC_6bf97.dir/build
make[1]: Entering directory '/root/catkin_ws/newui_Greyform/build/CMakeFiles/CMakeTmp'
Building C object CMakeFiles/cmTC_6bf97.dir/CheckFunctionExists.c.o
/usr/bin/cc   -DCHECK_FUNCTION_EXISTS=pthread_create   -o CMakeFiles/cmTC_6bf97.dir/CheckFunctionExists.c.o   -c /usr/share/cmake-3.16/Modules/CheckFunctionExists.c
Linking C executable cmTC_6bf97
/usr/bin/cmake -E cmake_link_script CMakeFiles/cmTC_6bf97.dir/link.txt --verbose=1
/usr/bin/cc  -DCHECK_FUNCTION_EXISTS=pthread_create    CMakeFiles/cmTC_6bf97.dir/CheckFunctionExists.c.o  -o cmTC_6bf97  -lpthread 
make[1]: Leaving directory '/root/catkin_ws/newui_Greyform/build/CMakeFiles/CMakeTmp'



The system is: Linux - 6.8.0-47-generic - x86_64
Compiling the C compiler identification source file "CMakeCCompilerId.c" succeeded.
Compiler: /usr/bin/cc 
Build flags: 
Id flags:  

The output was:
0


Compilation of the C compiler identification source "CMakeCCompilerId.c" produced "a.out"

The C compiler identification is GNU, found in "/root/catkin_ws/newui_Greyform/build/CMakeFiles/3.16.3/CompilerIdC/a.out"

Compiling the CXX compiler identification source file "CMakeCXXCompilerId.cpp" succeeded.
Compiler: /usr/bin/c++ 
Build flags: 
Id flags:  

The output was:
0


Compilation of the CXX compiler identification source "CMakeCXXCompilerId.cpp" produced "a.out"

The CXX compiler identification is GNU, found in "/root/catkin_ws/newui_Greyform/build/CMakeFiles/3.16.3/CompilerIdCXX/a.out"

Determining if the C compiler works passed with the following output:
Change Dir: /root/catkin_ws/newui_Greyform/build/CMakeFiles/CMakeTmp

Run Build Command(s):/usr/bin/make cmTC_18ae2/fast && make[1]: Entering directory '/root/catkin_ws/newui_Greyform/build/CMakeFiles/CMakeTmp'
/usr/bin/make -f CMakeFiles/cmTC_18ae2.dir/build.make CMakeFiles/cmTC_18ae2.dir/build
make[2]: Entering directory '/root/catkin_ws/newui_Greyform/build/CMakeFiles/CMakeTmp'
Building C object CMakeFiles/cmTC_18ae2.dir/testCCompiler.c.o
/usr/bin/cc    -o CMakeFiles/cmTC_18ae2.dir/testCCompiler.c.o   -c /root/catkin_ws/newui_Greyform/build/CMakeFiles/CMakeTmp/testCCompiler.c
Linking C executable cmTC_18ae2
/usr/bin/cmake -E cmake_link_script CMakeFiles/cmTC_18ae2.dir/link.txt --verbose=1
/usr/bin/cc      CMakeFiles/cmTC_18ae2.dir/testCCompiler.c.o  -o cmTC_18ae2 
make[2]: Leaving directory '/root/catkin_ws/newui_Greyform/build/CMakeFiles/CMakeTmp'
make[1]: Leaving directory '/root/catkin_ws/newui_Greyform/build/CMakeFiles/CMakeTmp'



Detecting C compiler ABI info compiled with the following output:
Change Dir: /root/catkin_ws/newui_Greyform/build/CMakeFiles/CMakeTmp

Run Build Command(s):/usr/bin/make cmTC_52ab2/fast && make[1]: Entering directory '/root/catkin_ws/newui_Greyform/build/CMakeFiles/CMakeTmp'
/usr/bin/make -f CMakeFiles/cmTC_52ab2.dir/build.make CMakeFiles/cmTC_52ab2.dir/build
make[2]: Entering directory '/root/catkin_ws/newui_Greyform/build/CMakeFiles/CMakeTmp'
Building C object CMakeFiles/cmTC_52ab2.dir/CMakeCCompilerABI.c.o
/usr/bin/cc   -v -o CMakeFiles/cmTC_52ab2.dir/CMakeCCompilerABI.c.o   -c /usr/share/cmake-3.16/Modules/CMakeCCompilerABI.c
Using built-in specs.
COLLECT_GCC=/usr/bin/cc
OFFLOAD_TARGET_NAMES=nvptx-none:hsa
OFFLOAD_TARGET_DEFAULT=1
Target: x86_64-linux-gnu
Configured with: ../src/configure -v --with-pkgversion='Ubuntu 9.4.0-1ubuntu1~20.04.2' --with-bugurl=file:///usr/share/doc/gcc-9/README.Bugs --enable-languages=c,ada,c++,go,brig,d,fortran,objc,obj-c++,gm2 --prefix=/usr --with-gcc-major-version-only --program-suffix=-9 --program-prefix=x86_64-linux-gnu- --enable-shared --enable-linker-build-id --libexecdir=/usr/lib --without-included-gettext --enable-threads=posix --libdir=/usr/lib --enable-nls --enable-clocale=gnu --enable-libstdcxx-debug --enable-libstdcxx-time=yes --with-default-libstdcxx-abi=new --enable-gnu-unique-object --disable-vtable-verify --enable-plugin --enable-default-pie --with-system-zlib --with-target-system-zlib=auto --enable-objc-gc=auto --enable-multiarch --disable-werror --with-arch-32=i686 --with-abi=m64 --with-multilib-list=m32,m64,mx32 --enable-multilib --with-tune=generic --enable-offload-targets=nvptx-none=/build/gcc-9-9QDOt0/gcc-9-9.4.0/debian/tmp-nvptx/usr,hsa --without-cuda-driver --enable-checking=release --build=x86_64-linux-gnu --host=x86_64-linux-gnu --target=x86_64-linux-gnu
Thread model: posix
gcc version 9.4.0 (Ubuntu 9.4.0-1ubuntu1~20.04.2) 
COLLECT_GCC_OPTIONS='-v' '-o' 'CMakeFiles/cmTC_52ab2.dir/CMakeCCompilerABI.c.o' '-c' '-mtune=generic' '-march=x86-64'
 /usr/lib/gcc/x86_64-linux-gnu/9/cc1 -quiet -v -imultiarch x86_64-linux-gnu /usr/share/cmake-3.16/Modules/CMakeCCompilerABI.c -quiet -dumpbase CMakeCCompilerABI.c -mtune=generic -march=x86-64 -auxbase-strip CMakeFiles/cmTC_52ab2.dir/CMakeCCompilerABI.c.o -version -fasynchronous-unwind-tables -fstack-protector-strong -Wformat -Wformat-security -fstack-clash-protection -fcf-protection -o /tmp/ccD1nNBP.s
GNU C17 (Ubuntu 9.4.0-1ubuntu1~20.04.2) version 9.4.0 (x86_64-linux-gnu)
	compiled by GNU C version 9.4.0, GMP version 6.2.0, MPFR version 4.0.2, MPC version 1.1.0, isl version isl-0.22.1-GMP

GGC heuristics: --param ggc-min-expand=100 --param ggc-min-heapsize=131072
ignoring nonexistent directory "/usr/local/include/x86_64-linux-gnu"
ignoring nonexistent directory "/usr/lib/gcc/x86_64-linux-gnu/9/include-fixed"
ignoring nonexistent directory "/usr/lib/gcc/x86_64-linux-gnu/9/../../../../x86_64-linux-gnu/include"
#include "..." search starts here:
#include <...> search starts here:
 /usr/lib/gcc/x86_64-linux-gnu/9/include
 /usr/local/include
 /usr/include/x86_64-linux-gnu
 /usr/include
End of search list.
GNU C17 (Ubuntu 9.4.0-1ubuntu1~20.04.2) version 9.4.0 (x86_64-linux-gnu)
	compiled by GNU C version 9.4.0, GMP version 6.2.0, MPFR version 4.0.2, MPC version 1.1.0, isl version isl-0.22.1-GMP

GGC heuristics: --param ggc-min-expand=100 --param ggc-min-heapsize=131072
Compiler executable checksum: 01da938ff5dc2163489aa33cb3b747a7
COLLECT_GCC_OPTIONS='-v' '-o' 'CMakeFiles/cmTC_52ab2.dir/CMakeCCompilerABI.c.o' '-c' '-mtune=generic' '-march=x86-64'
 as -v --64 -o CMakeFiles/cmTC_52ab2.dir/CMakeCCompilerABI.c.o /tmp/ccD1nNBP.s
GNU assembler version 2.34 (x86_64-linux-gnu) using BFD version (GNU Binutils for Ubuntu) 2.34
COMPILER_PATH=/usr/lib/gcc/x86_64-linux-gnu/9/:/usr/lib/gcc/x86_64-linux-gnu/9/:/usr/lib/gcc/x86_64-linux-gnu/:/usr/lib/gcc/x86_64-linux-gnu/9/:/usr/lib/gcc/x86_64-linux-gnu/
LIBRARY_PATH=/usr/lib/gcc/x86_64-linux-gnu/9/:/usr/lib/gcc/x86_64-linux-gnu/9/../../../x86_64-linux-gnu/:/usr/lib/gcc/x86_64-linux-gnu/9/../../../../lib/:/lib/x86_64-linux-gnu/:/lib/../lib/:/usr/lib/x86_64-linux-gnu/:/usr/lib/../lib/:/usr/lib/gcc/x86_64-linux-gnu/9/../../../:/lib/:/usr/lib/
COLLECT_GCC_OPTIONS='-v' '-o' 'CMakeFiles/cmTC_52ab2.dir/CMakeCCompilerABI.c.o' '-c' '-mtune=generic' '-march=x86-64'
Linking C executable cmTC_52ab2
/usr/bin/cmake -E cmake_link_script CMakeFiles/cmTC_52ab2.dir/link.txt --verbose=1
/usr/bin/cc     -v CMakeFiles/cmTC_52ab2.dir/CMakeCCompilerABI.c.o  -o cmTC_52ab2 
Using built-in specs.
COLLECT_GCC=/usr/bin/cc
COLLECT_LTO_WRAPPER=/usr/lib/gcc/x86_64-linux-gnu/9/lto-wrapper
OFFLOAD_TARGET_NAMES=nvptx-none:hsa
OFFLOAD_TARGET_DEFAULT=1
Target: x86_64-linux-gnu
Configured with: ../src/configure -v --with-pkgversion='Ubuntu 9.4.0-1ubuntu1~20.04.2' --with-bugurl=file:///usr/share/doc/gcc-9/README.Bugs --enable-languages=c,ada,c++,go,brig,d,fortran,objc,obj-c++,gm2 --prefix=/usr --with-gcc-major-version-only --program-suffix=-9 --program-prefix=x86_64-linux-gnu- --enable-shared --enable-linker-build-id --libexecdir=/usr/lib --without-included-gettext --enable-threads=posix --libdir=/usr/lib --enable-nls --enable-clocale=gnu --enable-libstdcxx-debug --enable-libstdcxx-time=yes --with-default-libstdcxx-abi=new --enable-gnu-unique-object --disable-vtable-verify --enable-plugin --enable-default-pie --with-system-zlib --with-target-system-zlib=auto --enable-objc-gc=auto --enable-multiarch --disable-werror --with-arch-32=i686 --with-abi=m64 --with-multilib-list=m32,m64,mx32 --enable-multilib --with-tune=generic --enable-offload-targets=nvptx-none=/build/gcc-9-9QDOt0/gcc-9-9.4.0/debian/tmp-nvptx/usr,hsa --without-cuda-driver --enable-checking=release --build=x86_64-linux-gnu --host=x86_64-linux-gnu --target=x86_64-linux-gnu
Thread model: posix
gcc version 9.4.0 (Ubuntu 9.4.0-1ubuntu1~20.04.2) 
COMPILER_PATH=/usr/lib/gcc/x86_64-linux-gnu/9/:/usr/lib/gcc/x86_64-linux-gnu/9/:/usr/lib/gcc/x86_64-linux-gnu/:/usr/lib/gcc/x86_64-linux-gnu/9/:/usr/lib/gcc/x86_64-linux-gnu/
LIBRARY_PATH=/usr/lib/gcc/x86_64-linux-gnu/9/:/usr/lib/gcc/x86_64-linux-gnu/9/../../../x86_64-linux-gnu/:/usr/lib/gcc/x86_64-linux-gnu/9/../../../../lib/:/lib/x86_64-linux-gnu/:/lib/../lib/:/usr/lib/x86_64-linux-gnu/:/usr/lib/../lib/:/usr/lib/gcc/x86_64-linux-gnu/9/../../../:/lib/:/usr/lib/
COLLECT_GCC_OPTIONS='-v' '-o' 'cmTC_52ab2' '-mtune=generic' '-march=x86-64'
 /usr/lib/gcc/x86_64-linux-gnu/9/collect2 -plugin /usr/lib/gcc/x86_64-linux-gnu/9/liblto_plugin.so -plugin-opt=/usr/lib/gcc/x86_64-linux-gnu/9/lto-wrapper -plugin-opt=-fresolution=/tmp/ccBqpflA.res -plugin-opt=-pass-through=-lgcc -plugin-opt=-pass-through=-lgcc_s -plugin-opt=-pass-through=-lc -plugin-opt=-pass-through=-lgcc -plugin-opt=-pass-through=-lgcc_s --build-id --eh-frame-hdr -m elf_x86_64 --hash-style=gnu --as-needed -dynamic-linker /lib64/ld-linux-x86-64.so.2 -pie -z now -z relro -o cmTC_52ab2 /usr/lib/gcc/x86_64-linux-gnu/9/../../../x86_64-linux-gnu/Scrt1.o /usr/lib/gcc/x86_64-linux-gnu/9/../../../x86_64-linux-gnu/crti.o /usr/lib/gcc/x86_64-linux-gnu/9/crtbeginS.o -L/usr/lib/gcc/x86_64-linux-gnu/9 -L/usr/lib/gcc/x86_64-linux-gnu/9/../../../x86_64-linux-gnu -L/usr/lib/gcc/x86_64-linux-gnu/9/../../../../lib -L/lib/x86_64-linux-gnu -L/lib/../lib -L/usr/lib/x86_64-linux-gnu -L/usr/lib/../lib -L/usr/lib/gcc/x86_64-linux-gnu/9/../../.. CMakeFiles/cmTC_52ab2.dir/CMakeCCompilerABI.c.o -lgcc --push-state --as-needed -lgcc_s --pop-state -lc -lgcc --push-state --as-needed -lgcc_s --pop-state /usr/lib/gcc/x86_64-linux-gnu/9/crtendS.o /usr/lib/gcc/x86_64-linux-gnu/9/../../../x86_64-linux-gnu/crtn.o
COLLECT_GCC_OPTIONS='-v' '-o' 'cmTC_52ab2' '-mtune=generic' '-march=x86-64'
make[2]: Leaving directory '/root/catkin_ws/newui_Greyform/build/CMakeFiles/CMakeTmp'
make[1]: Leaving directory '/root/catkin_ws/newui_Greyform/build/CMakeFiles/CMakeTmp'



Parsed C implicit include dir info from above output: rv=done
  found start of include info
  found start of implicit include info
    add: [/usr/lib/gcc/x86_64-linux-gnu/9/include]
    add: [/usr/local/include]
    add: [/usr/include/x86_64-linux-gnu]
    add: [/usr/include]
  end of search list found
  collapse include dir [/usr/lib/gcc/x86_64-linux-gnu/9/include] ==> [/usr/lib/gcc/x86_64-linux-gnu/9/include]
  collapse include dir [/usr/local/include] ==> [/usr/local/include]
  collapse include dir [/usr/include/x86_64-linux-gnu] ==> [/usr/include/x86_64-linux-gnu]
  collapse include dir [/usr/include] ==> [/usr/include]
  implicit include dirs: [/usr/lib/gcc/x86_64-linux-gnu/9/include;/usr/local/include;/usr/include/x86_64-linux-gnu;/usr/include]


Parsed C implicit link information from above output:
  link line regex: [^( *|.*[/\])(ld|CMAKE_LINK_STARTFILE-NOTFOUND|([^/\]+-)?ld|collect2)[^/\]*( |$)]
  ignore line: [Change Dir: /root/catkin_ws/newui_Greyform/build/CMakeFiles/CMakeTmp]
  ignore line: []
  ignore line: [Run Build Command(s):/usr/bin/make cmTC_52ab2/fast && make[1]: Entering directory '/root/catkin_ws/newui_Greyform/build/CMakeFiles/CMakeTmp']
  ignore line: [/usr/bin/make -f CMakeFiles/cmTC_52ab2.dir/build.make CMakeFiles/cmTC_52ab2.dir/build]
  ignore line: [make[2]: Entering directory '/root/catkin_ws/newui_Greyform/build/CMakeFiles/CMakeTmp']
  ignore line: [Building C object CMakeFiles/cmTC_52ab2.dir/CMakeCCompilerABI.c.o]
  ignore line: [/usr/bin/cc   -v -o CMakeFiles/cmTC_52ab2.dir/CMakeCCompilerABI.c.o   -c /usr/share/cmake-3.16/Modules/CMakeCCompilerABI.c]
  ignore line: [Using built-in specs.]
  ignore line: [COLLECT_GCC=/usr/bin/cc]
  ignore line: [OFFLOAD_TARGET_NAMES=nvptx-none:hsa]
  ignore line: [OFFLOAD_TARGET_DEFAULT=1]
  ignore line: [Target: x86_64-linux-gnu]
  ignore line: [Configured with: ../src/configure -v --with-pkgversion='Ubuntu 9.4.0-1ubuntu1~20.04.2' --with-bugurl=file:///usr/share/doc/gcc-9/README.Bugs --enable-languages=c ada c++ go brig d fortran objc obj-c++ gm2 --prefix=/usr --with-gcc-major-version-only --program-suffix=-9 --program-prefix=x86_64-linux-gnu- --enable-shared --enable-linker-build-id --libexecdir=/usr/lib --without-included-gettext --enable-threads=posix --libdir=/usr/lib --enable-nls --enable-clocale=gnu --enable-libstdcxx-debug --enable-libstdcxx-time=yes --with-default-libstdcxx-abi=new --enable-gnu-unique-object --disable-vtable-verify --enable-plugin --enable-default-pie --with-system-zlib --with-target-system-zlib=auto --enable-objc-gc=auto --enable-multiarch --disable-werror --with-arch-32=i686 --with-abi=m64 --with-multilib-list=m32 m64 mx32 --enable-multilib --with-tune=generic --enable-offload-targets=nvptx-none=/build/gcc-9-9QDOt0/gcc-9-9.4.0/debian/tmp-nvptx/usr hsa --without-cuda-driver --enable-checking=release --build=x86_64-linux-gnu --host=x86_64-linux-gnu --target=x86_64-linux-gnu]
  ignore line: [Thread model: posix]
  ignore line: [gcc version 9.4.0 (Ubuntu 9.4.0-1ubuntu1~20.04.2) ]
  ignore line: [COLLECT_GCC_OPTIONS='-v' '-o' 'CMakeFiles/cmTC_52ab2.dir/CMakeCCompilerABI.c.o' '-c' '-mtune=generic' '-march=x86-64']
  ignore line: [ /usr/lib/gcc/x86_64-linux-gnu/9/cc1 -quiet -v -imultiarch x86_64-linux-gnu /usr/share/cmake-3.16/Modules/CMakeCCompilerABI.c -quiet -dumpbase CMakeCCompilerABI.c -mtune=generic -march=x86-64 -auxbase-strip CMakeFiles/cmTC_52ab2.dir/CMakeCCompilerABI.c.o -version -fasynchronous-unwind-tables -fstack-protector-strong -Wformat -Wformat-security -fstack-clash-protection -fcf-protection -o /tmp/ccD1nNBP.s]
  ignore line: [GNU C17 (Ubuntu 9.4.0-1ubuntu1~20.04.2) version 9.4.0 (x86_64-linux-gnu)]
  ignore line: [	compiled by GNU C version 9.4.0  GMP version 6.2.0  MPFR version 4.0.2  MPC version 1.1.0  isl version isl-0.22.1-GMP]
  ignore line: []
  ignore line: [GGC heuristics: --param ggc-min-expand=100 --param ggc-min-heapsize=131072]
  ignore line: [ignoring nonexistent directory "/usr/local/include/x86_64-linux-gnu"]
  ignore line: [ignoring nonexistent directory "/usr/lib/gcc/x86_64-linux-gnu/9/include-fixed"]
  ignore line: [ignoring nonexistent directory "/usr/lib/gcc/x86_64-linux-gnu/9/../../../../x86_64-linux-gnu/include"]
  ignore line: [#include "..." search starts here:]
  ignore line: [#include <...> search starts here:]
  ignore line: [ /usr/lib/gcc/x86_64-linux-gnu/9/include]
  ignore line: [ /usr/local/include]
  ignore line: [ /usr/include/x86_64-linux-gnu]
  ignore line: [ /usr/include]
  ignore line: [End of search list.]
  ignore line: [GNU C17 (Ubuntu 9.4.0-1ubuntu1~20.04.2) version 9.4.0 (x86_64-linux-gnu)]
  ignore line: [	compiled by GNU C version 9.4.0  GMP version 6.2.0  MPFR version 4.0.2  MPC version 1.1.0  isl version isl-0.22.1-GMP]
  ignore line: []
  ignore line: [GGC heuristics: --param ggc-min-expand=100 --param ggc-min-heapsize=131072]
  ignore line: [Compiler executable checksum: 01da938ff5dc2163489aa33cb3b747a7]
  ignore line: [COLLECT_GCC_OPTIONS='-v' '-o' 'CMakeFiles/cmTC_52ab2.dir/CMakeCCompilerABI.c.o' '-c' '-mtune=generic' '-march=x86-64']
  ignore line: [ as -v --64 -o CMakeFiles/cmTC_52ab2.dir/CMakeCCompilerABI.c.o /tmp/ccD1nNBP.s]
  ignore line: [GNU assembler version 2.34 (x86_64-linux-gnu) using BFD version (GNU Binutils for Ubuntu) 2.34]
  ignore line: [COMPILER_PATH=/usr/lib/gcc/x86_64-linux-gnu/9/:/usr/lib/gcc/x86_64-linux-gnu/9/:/usr/lib/gcc/x86_64-linux-gnu/:/usr/lib/gcc/x86_64-linux-gnu/9/:/usr/lib/gcc/x86_64-linux-gnu/]
  ignore line: [LIBRARY_PATH=/usr/lib/gcc/x86_64-linux-gnu/9/:/usr/lib/gcc/x86_64-linux-gnu/9/../../../x86_64-linux-gnu/:/usr/lib/gcc/x86_64-linux-gnu/9/../../../../lib/:/lib/x86_64-linux-gnu/:/lib/../lib/:/usr/lib/x86_64-linux-gnu/:/usr/lib/../lib/:/usr/lib/gcc/x86_64-linux-gnu/9/../../../:/lib/:/usr/lib/]
  ignore line: [COLLECT_GCC_OPTIONS='-v' '-o' 'CMakeFiles/cmTC_52ab2.dir/CMakeCCompilerABI.c.o' '-c' '-mtune=generic' '-march=x86-64']
  ignore line: [Linking C executable cmTC_52ab2]
  ignore line: [/usr/bin/cmake -E cmake_link_script CMakeFiles/cmTC_52ab2.dir/link.txt --verbose=1]
  ignore line: [/usr/bin/cc     -v CMakeFiles/cmTC_52ab2.dir/CMakeCCompilerABI.c.o  -o cmTC_52ab2 ]
  ignore line: [Using built-in specs.]
  ignore line: [COLLECT_GCC=/usr/bin/cc]
  ignore line: [COLLECT_LTO_WRAPPER=/usr/lib/gcc/x86_64-linux-gnu/9/lto-wrapper]
  ignore line: [OFFLOAD_TARGET_NAMES=nvptx-none:hsa]
  ignore line: [OFFLOAD_TARGET_DEFAULT=1]
  ignore line: [Target: x86_64-linux-gnu]
  ignore line: [Configured with: ../src/configure -v --with-pkgversion='Ubuntu 9.4.0-1ubuntu1~20.04.2' --with-bugurl=file:///usr/share/doc/gcc-9/README.Bugs --enable-languages=c ada c++ go brig d fortran objc obj-c++ gm2 --prefix=/usr --with-gcc-major-version-only --program-suffix=-9 --program-prefix=x86_64-linux-gnu- --enable-shared --enable-linker-build-id --libexecdir=/usr/lib --without-included-gettext --enable-threads=posix --libdir=/usr/lib --enable-nls --enable-clocale=gnu --enable-libstdcxx-debug --enable-libstdcxx-time=yes --with-default-libstdcxx-abi=new --enable-gnu-unique-object --disable-vtable-verify --enable-plugin --enable-default-pie --with-system-zlib --with-target-system-zlib=auto --enable-objc-gc=auto --enable-multiarch --disable-werror --with-arch-32=i686 --with-abi=m64 --with-multilib-list=m32 m64 mx32 --enable-multilib --with-tune=generic --enable-offload-targets=nvptx-none=/build/gcc-9-9QDOt0/gcc-9-9.4.0/debian/tmp-nvptx/usr hsa --without-cuda-driver --enable-checking=release --build=x86_64-linux-gnu --host=x86_64-linux-gnu --target=x86_64-linux-gnu]
  ignore line: [Thread model: posix]
  ignore line: [gcc version 9.4.0 (Ubuntu 9.4.0-1ubuntu1~20.04.2) ]
  ignore line: [COMPILER_PATH=/usr/lib/gcc/x86_64-linux-gnu/9/:/usr/lib/gcc/x86_64-linux-gnu/9/:/usr/lib/gcc/x86_64-linux-gnu/:/usr/lib/gcc/x86_64-linux-gnu/9/:/usr/lib/gcc/x86_64-linux-gnu/]
  ignore line: [LIBRARY_PATH=/usr/lib/gcc/x86_64-linux-gnu/9/:/usr/lib/gcc/x86_64-linux-gnu/9/../../../x86_64-linux-gnu/:/usr/lib/gcc/x86_64-linux-gnu/9/../../../../lib/:/lib/x86_64-linux-gnu/:/lib/../lib/:/usr/lib/x86_64-linux-gnu/:/usr/lib/../lib/:/usr/lib/gcc/x86_64-linux-gnu/9/../../../:/lib/:/usr/lib/]
  ignore line: [COLLECT_GCC_OPTIONS='-v' '-o' 'cmTC_52ab2' '-mtune=generic' '-march=x86-64']
  link line: [ /usr/lib/gcc/x86_64-linux-gnu/9/collect2 -plugin /usr/lib/gcc/x86_64-linux-gnu/9/liblto_plugin.so -plugin-opt=/usr/lib/gcc/x86_64-linux-gnu/9/lto-wrapper -plugin-opt=-fresolution=/tmp/ccBqpflA.res -plugin-opt=-pass-through=-lgcc -plugin-opt=-pass-through=-lgcc_s -plugin-opt=-pass-through=-lc -plugin-opt=-pass-through=-lgcc -plugin-opt=-pass-through=-lgcc_s --build-id --eh-frame-hdr -m elf_x86_64 --hash-style=gnu --as-needed -dynamic-linker /lib64/ld-linux-x86-64.so.2 -pie -z now -z relro -o cmTC_52ab2 /usr/lib/gcc/x86_64-linux-gnu/9/../../../x86_64-linux-gnu/Scrt1.o /usr/lib/gcc/x86_64-linux-gnu/9/../../../x86_64-linux-gnu/crti.o /usr/lib/gcc/x86_64-linux-gnu/9/crtbeginS.o -L/usr/lib/gcc/x86_64-linux-gnu/9 -L/usr/lib/gcc/x86_64-linux-gnu/9/../../../x86_64-linux-gnu -L/usr/lib/gcc/x86_64-linux-gnu/9/../../../../lib -L/lib/x86_64-linux-gnu -L/lib/../lib -L/usr/lib/x86_64-linux-gnu -L/usr/lib/../lib -L/usr/lib/gcc/x86_64-linux-gnu/9/../../.. CMakeFiles/cmTC_52ab2.dir/CMakeCCompilerABI.c.o -lgcc --push-state --as-needed -lgcc_s --pop-state -lc -lgcc --push-state --as-needed -lgcc_s --pop-state /usr/lib/gcc/x86_64-linux-gnu/9/crtendS.o /usr/lib/gcc/x86_64-linux-gnu/9/../../../x86_64-linux-gnu/crtn.o]
    arg [/usr/lib/gcc/x86_64-linux-gnu/9/collect2] ==> ignore
    arg [-plugin] ==> ignore
    arg [/usr/lib/gcc/x86_64-linux-gnu/9/liblto_plugin.so] ==> ignore
    arg [-plugin-opt=/usr/lib/gcc/x86_64-linux-gnu/9/lto-wrapper] ==> ignore
    arg [-plugin-opt=-fresolution=/tmp/ccBqpflA.res] ==> ignore
    arg [-plugin-opt=-pass-through=-lgcc] ==> ignore
    arg [-plugin-opt=-pass-through=-lgcc_s] ==> ignore
    arg [-plugin-opt=-pass-through=-lc] ==> ignore
    arg [-plugin-opt=-pass-through=-lgcc] ==> ignore
    arg [-plugin-opt=-pass-through=-lgcc_s] ==> ignore
    arg [--build-id] ==> ignore
    arg [--eh-frame-hdr] ==> ignore
    arg [-m] ==> ignore
    arg [elf_x86_64] ==> ignore
    arg [--hash-style=gnu] ==> ignore
    arg [--as-needed] ==> ignore
    arg [-dynamic-linker] ==> ignore
    arg [/lib64/ld-linux-x86-64.so.2] ==> ignore
    arg [-pie] ==> ignore
    arg [-znow] ==> ignore
    arg [-zrelro] ==> ignore
    arg [-o] ==> ignore
    arg [cmTC_52ab2] ==> ignore
    arg [/usr/lib/gcc/x86_64-linux-gnu/9/../../../x86_64-linux-gnu/Scrt1.o] ==> ignore
    arg [/usr/lib/gcc/x86_64-linux-gnu/9/../../../x86_64-linux-gnu/crti.o] ==> ignore
    arg [/usr/lib/gcc/x86_64-linux-gnu/9/crtbeginS.o] ==> ignore
    arg [-L/usr/lib/gcc/x86_64-linux-gnu/9] ==> dir [/usr/lib/gcc/x86_64-linux-gnu/9]
    arg [-L/usr/lib/gcc/x86_64-linux-gnu/9/../../../x86_64-linux-gnu] ==> dir [/usr/lib/gcc/x86_64-linux-gnu/9/../../../x86_64-linux-gnu]
    arg [-L/usr/lib/gcc/x86_64-linux-gnu/9/../../../../lib] ==> dir [/usr/lib/gcc/x86_64-linux-gnu/9/../../../../lib]
    arg [-L/lib/x86_64-linux-gnu] ==> dir [/lib/x86_64-linux-gnu]
    arg [-L/lib/../lib] ==> dir [/lib/../lib]
    arg [-L/usr/lib/x86_64-linux-gnu] ==> dir [/usr/lib/x86_64-linux-gnu]
    arg [-L/usr/lib/../lib] ==> dir [/usr/lib/../lib]
    arg [-L/usr/lib/gcc/x86_64-linux-gnu/9/../../..] ==> dir [/usr/lib/gcc/x86_64-linux-gnu/9/../../..]
    arg [CMakeFiles/cmTC_52ab2.dir/CMakeCCompilerABI.c.o] ==> ignore
    arg [-lgcc] ==> lib [gcc]
    arg [--push-state] ==> ignore
    arg [--as-needed] ==> ignore
    arg [-lgcc_s] ==> lib [gcc_s]
    arg [--pop-state] ==> ignore
    arg [-lc] ==> lib [c]
    arg [-lgcc] ==> lib [gcc]
    arg [--push-state] ==> ignore
    arg [--as-needed] ==> ignore
    arg [-lgcc_s] ==> lib [gcc_s]
    arg [--pop-state] ==> ignore
    arg [/usr/lib/gcc/x86_64-linux-gnu/9/crtendS.o] ==> ignore
    arg [/usr/lib/gcc/x86_64-linux-gnu/9/../../../x86_64-linux-gnu/crtn.o] ==> ignore
  collapse library dir [/usr/lib/gcc/x86_64-linux-gnu/9] ==> [/usr/lib/gcc/x86_64-linux-gnu/9]
  collapse library dir [/usr/lib/gcc/x86_64-linux-gnu/9/../../../x86_64-linux-gnu] ==> [/usr/lib/x86_64-linux-gnu]
  collapse library dir [/usr/lib/gcc/x86_64-linux-gnu/9/../../../../lib] ==> [/usr/lib]
  collapse library dir [/lib/x86_64-linux-gnu] ==> [/lib/x86_64-linux-gnu]
  collapse library dir [/lib/../lib] ==> [/lib]
  collapse library dir [/usr/lib/x86_64-linux-gnu] ==> [/usr/lib/x86_64-linux-gnu]
  collapse library dir [/usr/lib/../lib] ==> [/usr/lib]
  collapse library dir [/usr/lib/gcc/x86_64-linux-gnu/9/../../..] ==> [/usr/lib]
  implicit libs: [gcc;gcc_s;c;gcc;gcc_s]
  implicit dirs: [/usr/lib/gcc/x86_64-linux-gnu/9;/usr/lib/x86_64-linux-gnu;/usr/lib;/lib/x86_64-linux-gnu;/lib]
  implicit fwks: []


Determining if the CXX compiler works passed with the following output:
Change Dir: /root/catkin_ws/newui_Greyform/build/CMakeFiles/CMakeTmp

Run Build Command(s):/usr/bin/make cmTC_0b719/fast && make[1]: Entering directory '/root/catkin_ws/newui_Greyform/build/CMakeFiles/CMakeTmp'
/usr/bin/make -f CMakeFiles/cmTC_0b719.dir/build.make CMakeFiles/cmTC_0b719.dir/build
make[2]: Entering directory '/root/catkin_ws/newui_Greyform/build/CMakeFiles/CMakeTmp'
Building CXX object CMakeFiles/cmTC_0b719.dir/testCXXCompiler.cxx.o
/usr/bin/c++     -o CMakeFiles/cmTC_0b719.dir/testCXXCompiler.cxx.o -c /root/catkin_ws/newui_Greyform/build/CMakeFiles/CMakeTmp/testCXXCompiler.cxx
Linking CXX executable cmTC_0b719
/usr/bin/cmake -E cmake_link_script CMakeFiles/cmTC_0b719.dir/link.txt --verbose=1
/usr/bin/c++       CMakeFiles/cmTC_0b719.dir/testCXXCompiler.cxx.o  -o cmTC_0b719 
make[2]: Leaving directory '/root/catkin_ws/newui_Greyform/build/CMakeFiles/CMakeTmp'
make[1]: Leaving directory '/root/catkin_ws/newui_Greyform/build/CMakeFiles/CMakeTmp'



Detecting CXX compiler ABI info compiled with the following output:
Change Dir: /root/catkin_ws/newui_Greyform/build/CMakeFiles/CMakeTmp

Run Build Command(s):/usr/bin/make cmTC_aafa7/fast && make[1]: Entering directory '/root/catkin_ws/newui_Greyform/build/CMakeFiles/CMakeTmp'
/usr/bin/make -f CMakeFiles/cmTC_aafa7.dir/build.make CMakeFiles/cmTC_aafa7.dir/build
make[2]: Entering directory '/root/catkin_ws/newui_Greyform/build/CMakeFiles/CMakeTmp'
Building CXX object CMakeFiles/cmTC_aafa7.dir/CMakeCXXCompilerABI.cpp.o
/usr/bin/c++    -v -o CMakeFiles/cmTC_aafa7.dir/CMakeCXXCompilerABI.cpp.o -c /usr/share/cmake-3.16/Modules/CMakeCXXCompilerABI.cpp
Using built-in specs.
COLLECT_GCC=/usr/bin/c++
OFFLOAD_TARGET_NAMES=nvptx-none:hsa
OFFLOAD_TARGET_DEFAULT=1
Target: x86_64-linux-gnu
Configured with: ../src/configure -v --with-pkgversion='Ubuntu 9.4.0-1ubuntu1~20.04.2' --with-bugurl=file:///usr/share/doc/gcc-9/README.Bugs --enable-languages=c,ada,c++,go,brig,d,fortran,objc,obj-c++,gm2 --prefix=/usr --with-gcc-major-version-only --program-suffix=-9 --program-prefix=x86_64-linux-gnu- --enable-shared --enable-linker-build-id --libexecdir=/usr/lib --without-included-gettext --enable-threads=posix --libdir=/usr/lib --enable-nls --enable-clocale=gnu --enable-libstdcxx-debug --enable-libstdcxx-time=yes --with-default-libstdcxx-abi=new --enable-gnu-unique-object --disable-vtable-verify --enable-plugin --enable-default-pie --with-system-zlib --with-target-system-zlib=auto --enable-objc-gc=auto --enable-multiarch --disable-werror --with-arch-32=i686 --with-abi=m64 --with-multilib-list=m32,m64,mx32 --enable-multilib --with-tune=generic --enable-offload-targets=nvptx-none=/build/gcc-9-9QDOt0/gcc-9-9.4.0/debian/tmp-nvptx/usr,hsa --without-cuda-driver --enable-checking=release --build=x86_64-linux-gnu --host=x86_64-linux-gnu --target=x86_64-linux-gnu
Thread model: posix
gcc version 9.4.0 (Ubuntu 9.4.0-1ubuntu1~20.04.2) 
COLLECT_GCC_OPTIONS='-v' '-o' 'CMakeFiles/cmTC_aafa7.dir/CMakeCXXCompilerABI.cpp.o' '-c' '-shared-libgcc' '-mtune=generic' '-march=x86-64'
 /usr/lib/gcc/x86_64-linux-gnu/9/cc1plus -quiet -v -imultiarch x86_64-linux-gnu -D_GNU_SOURCE /usr/share/cmake-3.16/Modules/CMakeCXXCompilerABI.cpp -quiet -dumpbase CMakeCXXCompilerABI.cpp -mtune=generic -march=x86-64 -auxbase-strip CMakeFiles/cmTC_aafa7.dir/CMakeCXXCompilerABI.cpp.o -version -fasynchronous-unwind-tables -fstack-protector-strong -Wformat -Wformat-security -fstack-clash-protection -fcf-protection -o /tmp/ccZuc5KE.s
GNU C++14 (Ubuntu 9.4.0-1ubuntu1~20.04.2) version 9.4.0 (x86_64-linux-gnu)
	compiled by GNU C version 9.4.0, GMP version 6.2.0, MPFR version 4.0.2, MPC version 1.1.0, isl version isl-0.22.1-GMP

GGC heuristics: --param ggc-min-expand=100 --param ggc-min-heapsize=131072
ignoring duplicate directory "/usr/include/x86_64-linux-gnu/c++/9"
ignoring nonexistent directory "/usr/local/include/x86_64-linux-gnu"
ignoring nonexistent directory "/usr/lib/gcc/x86_64-linux-gnu/9/include-fixed"
ignoring nonexistent directory "/usr/lib/gcc/x86_64-linux-gnu/9/../../../../x86_64-linux-gnu/include"
#include "..." search starts here:
#include <...> search starts here:
 /usr/include/c++/9
 /usr/include/x86_64-linux-gnu/c++/9
 /usr/include/c++/9/backward
 /usr/lib/gcc/x86_64-linux-gnu/9/include
 /usr/local/include
 /usr/include/x86_64-linux-gnu
 /usr/include
End of search list.
GNU C++14 (Ubuntu 9.4.0-1ubuntu1~20.04.2) version 9.4.0 (x86_64-linux-gnu)
	compiled by GNU C version 9.4.0, GMP version 6.2.0, MPFR version 4.0.2, MPC version 1.1.0, isl version isl-0.22.1-GMP

GGC heuristics: --param ggc-min-expand=100 --param ggc-min-heapsize=131072
Compiler executable checksum: 3d1eba838554fa2348dba760e4770469
COLLECT_GCC_OPTIONS='-v' '-o' 'CMakeFiles/cmTC_aafa7.dir/CMakeCXXCompilerABI.cpp.o' '-c' '-shared-libgcc' '-mtune=generic' '-march=x86-64'
 as -v --64 -o CMakeFiles/cmTC_aafa7.dir/CMakeCXXCompilerABI.cpp.o /tmp/ccZuc5KE.s
GNU assembler version 2.34 (x86_64-linux-gnu) using BFD version (GNU Binutils for Ubuntu) 2.34
COMPILER_PATH=/usr/lib/gcc/x86_64-linux-gnu/9/:/usr/lib/gcc/x86_64-linux-gnu/9/:/usr/lib/gcc/x86_64-linux-gnu/:/usr/lib/gcc/x86_64-linux-gnu/9/:/usr/lib/gcc/x86_64-linux-gnu/
LIBRARY_PATH=/usr/lib/gcc/x86_64-linux-gnu/9/:/usr/lib/gcc/x86_64-linux-gnu/9/../../../x86_64-linux-gnu/:/usr/lib/gcc/x86_64-linux-gnu/9/../../../../lib/:/lib/x86_64-linux-gnu/:/lib/../lib/:/usr/lib/x86_64-linux-gnu/:/usr/lib/../lib/:/usr/lib/gcc/x86_64-linux-gnu/9/../../../:/lib/:/usr/lib/
COLLECT_GCC_OPTIONS='-v' '-o' 'CMakeFiles/cmTC_aafa7.dir/CMakeCXXCompilerABI.cpp.o' '-c' '-shared-libgcc' '-mtune=generic' '-march=x86-64'
Linking CXX executable cmTC_aafa7
/usr/bin/cmake -E cmake_link_script CMakeFiles/cmTC_aafa7.dir/link.txt --verbose=1
/usr/bin/c++      -v CMakeFiles/cmTC_aafa7.dir/CMakeCXXCompilerABI.cpp.o  -o cmTC_aafa7 
Using built-in specs.
COLLECT_GCC=/usr/bin/c++
COLLECT_LTO_WRAPPER=/usr/lib/gcc/x86_64-linux-gnu/9/lto-wrapper
OFFLOAD_TARGET_NAMES=nvptx-none:hsa
OFFLOAD_TARGET_DEFAULT=1
Target: x86_64-linux-gnu
Configured with: ../src/configure -v --with-pkgversion='Ubuntu 9.4.0-1ubuntu1~20.04.2' --with-bugurl=file:///usr/share/doc/gcc-9/README.Bugs --enable-languages=c,ada,c++,go,brig,d,fortran,objc,obj-c++,gm2 --prefix=/usr --with-gcc-major-version-only --program-suffix=-9 --program-prefix=x86_64-linux-gnu- --enable-shared --enable-linker-build-id --libexecdir=/usr/lib --without-included-gettext --enable-threads=posix --libdir=/usr/lib --enable-nls --enable-clocale=gnu --enable-libstdcxx-debug --enable-libstdcxx-time=yes --with-default-libstdcxx-abi=new --enable-gnu-unique-object --disable-vtable-verify --enable-plugin --enable-default-pie --with-system-zlib --with-target-system-zlib=auto --enable-objc-gc=auto --enable-multiarch --disable-werror --with-arch-32=i686 --with-abi=m64 --with-multilib-list=m32,m64,mx32 --enable-multilib --with-tune=generic --enable-offload-targets=nvptx-none=/build/gcc-9-9QDOt0/gcc-9-9.4.0/debian/tmp-nvptx/usr,hsa --without-cuda-driver --enable-checking=release --build=x86_64-linux-gnu --host=x86_64-linux-gnu --target=x86_64-linux-gnu
Thread model: posix
gcc version 9.4.0 (Ubuntu 9.4.0-1ubuntu1~20.04.2) 
COMPILER_PATH=/usr/lib/gcc/x86_64-linux-gnu/9/:/usr/lib/gcc/x86_64-linux-gnu/9/:/usr/lib/gcc/x86_64-linux-gnu/:/usr/lib/gcc/x86_64-linux-gnu/9/:/usr/lib/gcc/x86_64-linux-gnu/
LIBRARY_PATH=/usr/lib/gcc/x86_64-linux-gnu/9/:/usr/lib/gcc/x86_64-linux-gnu/9/../../../x86_64-linux-gnu/:/usr/lib/gcc/x86_64-linux-gnu/9/../../../../lib/:/lib/x86_64-linux-gnu/:/lib/../lib/:/usr/lib/x86_64-linux-gnu/:/usr/lib/../lib/:/usr/lib/gcc/x86_64-linux-gnu/9/../../../:/lib/:/usr/lib/
COLLECT_GCC_OPTIONS='-v' '-o' 'cmTC_aafa7' '-shared-libgcc' '-mtune=generic' '-march=x86-64'
 /usr/lib/gcc/x86_64-linux-gnu/9/collect2 -plugin /usr/lib/gcc/x86_64-linux-gnu/9/liblto_plugin.so -plugin-opt=/usr/lib/gcc/x86_64-linux-gnu/9/lto-wrapper -plugin-opt=-fresolution=/tmp/ccYSV4E6.res -plugin-opt=-pass-through=-lgcc_s -plugin-opt=-pass-through=-lgcc -plugin-opt=-pass-through=-lc -plugin-opt=-pass-through=-lgcc_s -plugin-opt=-pass-through=-lgcc --build-id --eh-frame-hdr -m elf_x86_64 --hash-style=gnu --as-needed -dynamic-linker /lib64/ld-linux-x86-64.so.2 -pie -z now -z relro -o cmTC_aafa7 /usr/lib/gcc/x86_64-linux-gnu/9/../../../x86_64-linux-gnu/Scrt1.o /usr/lib/gcc/x86_64-linux-gnu/9/../../../x86_64-linux-gnu/crti.o /usr/lib/gcc/x86_64-linux-gnu/9/crtbeginS.o -L/usr/lib/gcc/x86_64-linux-gnu/9 -L/usr/lib/gcc/x86_64-linux-gnu/9/../../../x86_64-linux-gnu -L/usr/lib/gcc/x86_64-linux-gnu/9/../../../../lib -L/lib/x86_64-linux-gnu -L/lib/../lib -L/usr/lib/x86_64-linux-gnu -L/usr/lib/../lib -L/usr/lib/gcc/x86_64-linux-gnu/9/../../.. CMakeFiles/cmTC_aafa7.dir/CMakeCXXCompilerABI.cpp.o -lstdc++ -lm -lgcc_s -lgcc -lc -lgcc_s -lgcc /usr/lib/gcc/x86_64-linux-gnu/9/crtendS.o /usr/lib/gcc/x86_64-linux-gnu/9/../../../x86_64-linux-gnu/crtn.o
COLLECT_GCC_OPTIONS='-v' '-o' 'cmTC_aafa7' '-shared-libgcc' '-mtune=generic' '-march=x86-64'
make[2]: Leaving directory '/root/catkin_ws/newui_Greyform/build/CMakeFiles/CMakeTmp'
make[1]: Leaving directory '/root/catkin_ws/newui_Greyform/build/CMakeFiles/CMakeTmp'



Parsed CXX implicit include dir info from above output: rv=done
  found start of include info
  found start of implicit include info
    add: [/usr/include/c++/9]
    add: [/usr/include/x86_64-linux-gnu/c++/9]
    add: [/usr/include/c++/9/backward]
    add: [/usr/lib/gcc/x86_64-linux-gnu/9/include]
    add: [/usr/local/include]
    add: [/usr/include/x86_64-linux-gnu]
    add: [/usr/include]
  end of search list found
  collapse include dir [/usr/include/c++/9] ==> [/usr/include/c++/9]
  collapse include dir [/usr/include/x86_64-linux-gnu/c++/9] ==> [/usr/include/x86_64-linux-gnu/c++/9]
  collapse include dir [/usr/include/c++/9/backward] ==> [/usr/include/c++/9/backward]
  collapse include dir [/usr/lib/gcc/x86_64-linux-gnu/9/include] ==> [/usr/lib/gcc/x86_64-linux-gnu/9/include]
  collapse include dir [/usr/local/include] ==> [/usr/local/include]
  collapse include dir [/usr/include/x86_64-linux-gnu] ==> [/usr/include/x86_64-linux-gnu]
  collapse include dir [/usr/include] ==> [/usr/include]
  implicit include dirs: [/usr/include/c++/9;/usr/include/x86_64-linux-gnu/c++/9;/usr/include/c++/9/backward;/usr/lib/gcc/x86_64-linux-gnu/9/include;/usr/local/include;/usr/include/x86_64-linux-gnu;/usr/include]


Parsed CXX implicit link information from above output:
  link line regex: [^( *|.*[/\])(ld|CMAKE_LINK_STARTFILE-NOTFOUND|([^/\]+-)?ld|collect2)[^/\]*( |$)]
  ignore line: [Change Dir: /root/catkin_ws/newui_Greyform/build/CMakeFiles/CMakeTmp]
  ignore line: []
  ignore line: [Run Build Command(s):/usr/bin/make cmTC_aafa7/fast && make[1]: Entering directory '/root/catkin_ws/newui_Greyform/build/CMakeFiles/CMakeTmp']
  ignore line: [/usr/bin/make -f CMakeFiles/cmTC_aafa7.dir/build.make CMakeFiles/cmTC_aafa7.dir/build]
  ignore line: [make[2]: Entering directory '/root/catkin_ws/newui_Greyform/build/CMakeFiles/CMakeTmp']
  ignore line: [Building CXX object CMakeFiles/cmTC_aafa7.dir/CMakeCXXCompilerABI.cpp.o]
  ignore line: [/usr/bin/c++    -v -o CMakeFiles/cmTC_aafa7.dir/CMakeCXXCompilerABI.cpp.o -c /usr/share/cmake-3.16/Modules/CMakeCXXCompilerABI.cpp]
  ignore line: [Using built-in specs.]
  ignore line: [COLLECT_GCC=/usr/bin/c++]
  ignore line: [OFFLOAD_TARGET_NAMES=nvptx-none:hsa]
  ignore line: [OFFLOAD_TARGET_DEFAULT=1]
  ignore line: [Target: x86_64-linux-gnu]
  ignore line: [Configured with: ../src/configure -v --with-pkgversion='Ubuntu 9.4.0-1ubuntu1~20.04.2' --with-bugurl=file:///usr/share/doc/gcc-9/README.Bugs --enable-languages=c ada c++ go brig d fortran objc obj-c++ gm2 --prefix=/usr --with-gcc-major-version-only --program-suffix=-9 --program-prefix=x86_64-linux-gnu- --enable-shared --enable-linker-build-id --libexecdir=/usr/lib --without-included-gettext --enable-threads=posix --libdir=/usr/lib --enable-nls --enable-clocale=gnu --enable-libstdcxx-debug --enable-libstdcxx-time=yes --with-default-libstdcxx-abi=new --enable-gnu-unique-object --disable-vtable-verify --enable-plugin --enable-default-pie --with-system-zlib --with-target-system-zlib=auto --enable-objc-gc=auto --enable-multiarch --disable-werror --with-arch-32=i686 --with-abi=m64 --with-multilib-list=m32 m64 mx32 --enable-multilib --with-tune=generic --enable-offload-targets=nvptx-none=/build/gcc-9-9QDOt0/gcc-9-9.4.0/debian/tmp-nvptx/usr hsa --without-cuda-driver --enable-checking=release --build=x86_64-linux-gnu --host=x86_64-linux-gnu --target=x86_64-linux-gnu]
  ignore line: [Thread model: posix]
  ignore line: [gcc version 9.4.0 (Ubuntu 9.4.0-1ubuntu1~20.04.2) ]
  ignore line: [COLLECT_GCC_OPTIONS='-v' '-o' 'CMakeFiles/cmTC_aafa7.dir/CMakeCXXCompilerABI.cpp.o' '-c' '-shared-libgcc' '-mtune=generic' '-march=x86-64']
  ignore line: [ /usr/lib/gcc/x86_64-linux-gnu/9/cc1plus -quiet -v -imultiarch x86_64-linux-gnu -D_GNU_SOURCE /usr/share/cmake-3.16/Modules/CMakeCXXCompilerABI.cpp -quiet -dumpbase CMakeCXXCompilerABI.cpp -mtune=generic -march=x86-64 -auxbase-strip CMakeFiles/cmTC_aafa7.dir/CMakeCXXCompilerABI.cpp.o -version -fasynchronous-unwind-tables -fstack-protector-strong -Wformat -Wformat-security -fstack-clash-protection -fcf-protection -o /tmp/ccZuc5KE.s]
  ignore line: [GNU C++14 (Ubuntu 9.4.0-1ubuntu1~20.04.2) version 9.4.0 (x86_64-linux-gnu)]
  ignore line: [	compiled by GNU C version 9.4.0  GMP version 6.2.0  MPFR version 4.0.2  MPC version 1.1.0  isl version isl-0.22.1-GMP]
  ignore line: []
  ignore line: [GGC heuristics: --param ggc-min-expand=100 --param ggc-min-heapsize=131072]
  ignore line: [ignoring duplicate directory "/usr/include/x86_64-linux-gnu/c++/9"]
  ignore line: [ignoring nonexistent directory "/usr/local/include/x86_64-linux-gnu"]
  ignore line: [ignoring nonexistent directory "/usr/lib/gcc/x86_64-linux-gnu/9/include-fixed"]
  ignore line: [ignoring nonexistent directory "/usr/lib/gcc/x86_64-linux-gnu/9/../../../../x86_64-linux-gnu/include"]
  ignore line: [#include "..." search starts here:]
  ignore line: [#include <...> search starts here:]
  ignore line: [ /usr/include/c++/9]
  ignore line: [ /usr/include/x86_64-linux-gnu/c++/9]
  ignore line: [ /usr/include/c++/9/backward]
  ignore line: [ /usr/lib/gcc/x86_64-linux-gnu/9/include]
  ignore line: [ /usr/local/include]
  ignore line: [ /usr/include/x86_64-linux-gnu]
  ignore line: [ /usr/include]
  ignore line: [End of search list.]
  ignore line: [GNU C++14 (Ubuntu 9.4.0-1ubuntu1~20.04.2) version 9.4.0 (x86_64-linux-gnu)]
  ignore line: [	compiled by GNU C version 9.4.0  GMP version 6.2.0  MPFR version 4.0.2  MPC version 1.1.0  isl version isl-0.22.1-GMP]
  ignore line: []
  ignore line: [GGC heuristics: --param ggc-min-expand=100 --param ggc-min-heapsize=131072]
  ignore line: [Compiler executable checksum: 3d1eba838554fa2348dba760e4770469]
  ignore line: [COLLECT_GCC_OPTIONS='-v' '-o' 'CMakeFiles/cmTC_aafa7.dir/CMakeCXXCompilerABI.cpp.o' '-c' '-shared-libgcc' '-mtune=generic' '-march=x86-64']
  ignore line: [ as -v --64 -o CMakeFiles/cmTC_aafa7.dir/CMakeCXXCompilerABI.cpp.o /tmp/ccZuc5KE.s]
  ignore line: [GNU assembler version 2.34 (x86_64-linux-gnu) using BFD version (GNU Binutils for Ubuntu) 2.34]
  ignore line: [COMPILER_PATH=/usr/lib/gcc/x86_64-linux-gnu/9/:/usr/lib/gcc/x86_64-linux-gnu/9/:/usr/lib/gcc/x86_64-linux-gnu/:/usr/lib/gcc/x86_64-linux-gnu/9/:/usr/lib/gcc/x86_64-linux-gnu/]
  ignore line: [LIBRARY_PATH=/usr/lib/gcc/x86_64-linux-gnu/9/:/usr/lib/gcc/x86_64-linux-gnu/9/../../../x86_64-linux-gnu/:/usr/lib/gcc/x86_64-linux-gnu/9/../../../../lib/:/lib/x86_64-linux-gnu/:/lib/../lib/:/usr/lib/x86_64-linux-gnu/:/usr/lib/../lib/:/usr/lib/gcc/x86_64-linux-gnu/9/../../../:/lib/:/usr/lib/]
  ignore line: [COLLECT_GCC_OPTIONS='-v' '-o' 'CMakeFiles/cmTC_aafa7.dir/CMakeCXXCompilerABI.cpp.o' '-c' '-shared-libgcc' '-mtune=generic' '-march=x86-64']
  ignore line: [Linking CXX executable cmTC_aafa7]
  ignore line: [/usr/bin/cmake -E cmake_link_script CMakeFiles/cmTC_aafa7.dir/link.txt --verbose=1]
  ignore line: [/usr/bin/c++      -v CMakeFiles/cmTC_aafa7.dir/CMakeCXXCompilerABI.cpp.o  -o cmTC_aafa7 ]
  ignore line: [Using built-in specs.]
  ignore line: [COLLECT_GCC=/usr/bin/c++]
  ignore line: [COLLECT_LTO_WRAPPER=/usr/lib/gcc/x86_64-linux-gnu/9/lto-wrapper]
  ignore line: [OFFLOAD_TARGET_NAMES=nvptx-none:hsa]
  ignore line: [OFFLOAD_TARGET_DEFAULT=1]
  ignore line: [Target: x86_64-linux-gnu]
  ignore line: [Configured with: ../src/configure -v --with-pkgversion='Ubuntu 9.4.0-1ubuntu1~20.04.2' --with-bugurl=file:///usr/share/doc/gcc-9/README.Bugs --enable-languages=c ada c++ go brig d fortran objc obj-c++ gm2 --prefix=/usr --with-gcc-major-version-only --program-suffix=-9 --program-prefix=x86_64-linux-gnu- --enable-shared --enable-linker-build-id --libexecdir=/usr/lib --without-included-gettext --enable-threads=posix --libdir=/usr/lib --enable-nls --enable-clocale=gnu --enable-libstdcxx-debug --enable-libstdcxx-time=yes --with-default-libstdcxx-abi=new --enable-gnu-unique-object --disable-vtable-verify --enable-plugin --enable-default-pie --with-system-zlib --with-target-system-zlib=auto --enable-objc-gc=auto --enable-multiarch --disable-werror --with-arch-32=i686 --with-abi=m64 --with-multilib-list=m32 m64 mx32 --enable-multilib --with-tune=generic --enable-offload-targets=nvptx-none=/build/gcc-9-9QDOt0/gcc-9-9.4.0/debian/tmp-nvptx/usr hsa --without-cuda-driver --enable-checking=release --build=x86_64-linux-gnu --host=x86_64-linux-gnu --target=x86_64-linux-gnu]
  ignore line: [Thread model: posix]
  ignore line: [gcc version 9.4.0 (Ubuntu 9.4.0-1ubuntu1~20.04.2) ]
  ignore line: [COMPILER_PATH=/usr/lib/gcc/x86_64-linux-gnu/9/:/usr/lib/gcc/x86_64-linux-gnu/9/:/usr/lib/gcc/x86_64-linux-gnu/:/usr/lib/gcc/x86_64-linux-gnu/9/:/usr/lib/gcc/x86_64-linux-gnu/]
  ignore line: [LIBRARY_PATH=/usr/lib/gcc/x86_64-linux-gnu/9/:/usr/lib/gcc/x86_64-linux-gnu/9/../../../x86_64-linux-gnu/:/usr/lib/gcc/x86_64-linux-gnu/9/../../../../lib/:/lib/x86_64-linux-gnu/:/lib/../lib/:/usr/lib/x86_64-linux-gnu/:/usr/lib/../lib/:/usr/lib/gcc/x86_64-linux-gnu/9/../../../:/lib/:/usr/lib/]
  ignore line: [COLLECT_GCC_OPTIONS='-v' '-o' 'cmTC_aafa7' '-shared-libgcc' '-mtune=generic' '-march=x86-64']
  link line: [ /usr/lib/gcc/x86_64-linux-gnu/9/collect2 -plugin /usr/lib/gcc/x86_64-linux-gnu/9/liblto_plugin.so -plugin-opt=/usr/lib/gcc/x86_64-linux-gnu/9/lto-wrapper -plugin-opt=-fresolution=/tmp/ccYSV4E6.res -plugin-opt=-pass-through=-lgcc_s -plugin-opt=-pass-through=-lgcc -plugin-opt=-pass-through=-lc -plugin-opt=-pass-through=-lgcc_s -plugin-opt=-pass-through=-lgcc --build-id --eh-frame-hdr -m elf_x86_64 --hash-style=gnu --as-needed -dynamic-linker /lib64/ld-linux-x86-64.so.2 -pie -z now -z relro -o cmTC_aafa7 /usr/lib/gcc/x86_64-linux-gnu/9/../../../x86_64-linux-gnu/Scrt1.o /usr/lib/gcc/x86_64-linux-gnu/9/../../../x86_64-linux-gnu/crti.o /usr/lib/gcc/x86_64-linux-gnu/9/crtbeginS.o -L/usr/lib/gcc/x86_64-linux-gnu/9 -L/usr/lib/gcc/x86_64-linux-gnu/9/../../../x86_64-linux-gnu -L/usr/lib/gcc/x86_64-linux-gnu/9/../../../../lib -L/lib/x86_64-linux-gnu -L/lib/../lib -L/usr/lib/x86_64-linux-gnu -L/usr/lib/../lib -L/usr/lib/gcc/x86_64-linux-gnu/9/../../.. CMakeFiles/cmTC_aafa7.dir/CMakeCXXCompilerABI.cpp.o -lstdc++ -lm -lgcc_s -lgcc -lc -lgcc_s -lgcc /usr/lib/gcc/x86_64-linux-gnu/9/crtendS.o /usr/lib/gcc/x86_64-linux-gnu/9/../../../x86_64-linux-gnu/crtn.o]
    arg [/usr/lib/gcc/x86_64-linux-gnu/9/collect2] ==> ignore
    arg [-plugin] ==> ignore
    arg [/usr/lib/gcc/x86_64-linux-gnu/9/liblto_plugin.so] ==> ignore
    arg [-plugin-opt=/usr/lib/gcc/x86_64-linux-gnu/9/lto-wrapper] ==> ignore
    arg [-plugin-opt=-fresolution=/tmp/ccYSV4E6.res] ==> ignore
    arg [-plugin-opt=-pass-through=-lgcc_s] ==> ignore
    arg [-plugin-opt=-pass-through=-lgcc] ==> ignore
    arg [-plugin-opt=-pass-through=-lc] ==> ignore
    arg [-plugin-opt=-pass-through=-lgcc_s] ==> ignore
    arg [-plugin-opt=-pass-through=-lgcc] ==> ignore
    arg [--build-id] ==> ignore
    arg [--eh-frame-hdr] ==> ignore
    arg [-m] ==> ignore
    arg [elf_x86_64] ==> ignore
    arg [--hash-style=gnu] ==> ignore
    arg [--as-needed] ==> ignore
    arg [-dynamic-linker] ==> ignore
    arg [/lib64/ld-linux-x86-64.so.2] ==> ignore
    arg [-pie] ==> ignore
    arg [-znow] ==> ignore
    arg [-zrelro] ==> ignore
    arg [-o] ==> ignore
    arg [cmTC_aafa7] ==> ignore
    arg [/usr/lib/gcc/x86_64-linux-gnu/9/../../../x86_64-linux-gnu/Scrt1.o] ==> ignore
    arg [/usr/lib/gcc/x86_64-linux-gnu/9/../../../x86_64-linux-gnu/crti.o] ==> ignore
    arg [/usr/lib/gcc/x86_64-linux-gnu/9/crtbeginS.o] ==> ignore
    arg [-L/usr/lib/gcc/x86_64-linux-gnu/9] ==> dir [/usr/lib/gcc/x86_64-linux-gnu/9]
    arg [-L/usr/lib/gcc/x86_64-linux-gnu/9/../../../x86_64-linux-gnu] ==> dir [/usr/lib/gcc/x86_64-linux-gnu/9/../../../x86_64-linux-gnu]
    arg [-L/usr/lib/gcc/x86_64-linux-gnu/9/../../../../lib] ==> dir [/usr/lib/gcc/x86_64-linux-gnu/9/../../../../lib]
    arg [-L/lib/x86_64-linux-gnu] ==> dir [/lib/x86_64-linux-gnu]
    arg [-L/lib/../lib] ==> dir [/lib/../lib]
    arg [-L/usr/lib/x86_64-linux-gnu] ==> dir [/usr/lib/x86_64-linux-gnu]
    arg [-L/usr/lib/../lib] ==> dir [/usr/lib/../lib]
    arg [-L/usr/lib/gcc/x86_64-linux-gnu/9/../../..] ==> dir [/usr/lib/gcc/x86_64-linux-gnu/9/../../..]
    arg [CMakeFiles/cmTC_aafa7.dir/CMakeCXXCompilerABI.cpp.o] ==> ignore
    arg [-lstdc++] ==> lib [stdc++]
    arg [-lm] ==> lib [m]
    arg [-lgcc_s] ==> lib [gcc_s]
    arg [-lgcc] ==> lib [gcc]
    arg [-lc] ==> lib [c]
    arg [-lgcc_s] ==> lib [gcc_s]
    arg [-lgcc] ==> lib [gcc]
    arg [/usr/lib/gcc/x86_64-linux-gnu/9/crtendS.o] ==> ignore
    arg [/usr/lib/gcc/x86_64-linux-gnu/9/../../../x86_64-linux-gnu/crtn.o] ==> ignore
  collapse library dir [/usr/lib/gcc/x86_64-linux-gnu/9] ==> [/usr/lib/gcc/x86_64-linux-gnu/9]
  collapse library dir [/usr/lib/gcc/x86_64-linux-gnu/9/../../../x86_64-linux-gnu] ==> [/usr/lib/x86_64-linux-gnu]
  collapse library dir [/usr/lib/gcc/x86_64-linux-gnu/9/../../../../lib] ==> [/usr/lib]
  collapse library dir [/lib/x86_64-linux-gnu] ==> [/lib/x86_64-linux-gnu]
  collapse library dir [/lib/../lib] ==> [/lib]
  collapse library dir [/usr/lib/x86_64-linux-gnu] ==> [/usr/lib/x86_64-linux-gnu]
  collapse library dir [/usr/lib/../lib] ==> [/usr/lib]
  collapse library dir [/usr/lib/gcc/x86_64-linux-gnu/9/../../..] ==> [/usr/lib]
  implicit libs: [stdc++;m;gcc_s;gcc;c;gcc_s;gcc]
  implicit dirs: [/usr/lib/gcc/x86_64-linux-gnu/9;/usr/lib/x86_64-linux-gnu;/usr/lib;/lib/x86_64-linux-gnu;/lib]
  implicit fwks: []


Determining if the include file pthread.h exists passed with the following output:
Change Dir: /root/catkin_ws/newui_Greyform/build/CMakeFiles/CMakeTmp

Run Build Command(s):/usr/bin/make cmTC_0c771/fast && make[1]: Entering directory '/root/catkin_ws/newui_Greyform/build/CMakeFiles/CMakeTmp'
/usr/bin/make -f CMakeFiles/cmTC_0c771.dir/build.make CMakeFiles/cmTC_0c771.dir/build
make[2]: Entering directory '/root/catkin_ws/newui_Greyform/build/CMakeFiles/CMakeTmp'
Building C object CMakeFiles/cmTC_0c771.dir/CheckIncludeFile.c.o
/usr/bin/cc    -o CMakeFiles/cmTC_0c771.dir/CheckIncludeFile.c.o   -c /root/catkin_ws/newui_Greyform/build/CMakeFiles/CMakeTmp/CheckIncludeFile.c
Linking C executable cmTC_0c771
/usr/bin/cmake -E cmake_link_script CMakeFiles/cmTC_0c771.dir/link.txt --verbose=1
/usr/bin/cc      CMakeFiles/cmTC_0c771.dir/CheckIncludeFile.c.o  -o cmTC_0c771 
make[2]: Leaving directory '/root/catkin_ws/newui_Greyform/build/CMakeFiles/CMakeTmp'
make[1]: Leaving directory '/root/catkin_ws/newui_Greyform/build/CMakeFiles/CMakeTmp'



Determining if the function pthread_create exists in the pthread passed with the following output:
Change Dir: /root/catkin_ws/newui_Greyform/build/CMakeFiles/CMakeTmp

Run Build Command(s):/usr/bin/make cmTC_4b7e0/fast && make[1]: Entering directory '/root/catkin_ws/newui_Greyform/build/CMakeFiles/CMakeTmp'
/usr/bin/make -f CMakeFiles/cmTC_4b7e0.dir/build.make CMakeFiles/cmTC_4b7e0.dir/build
make[2]: Entering directory '/root/catkin_ws/newui_Greyform/build/CMakeFiles/CMakeTmp'
Building C object CMakeFiles/cmTC_4b7e0.dir/CheckFunctionExists.c.o
/usr/bin/cc   -DCHECK_FUNCTION_EXISTS=pthread_create   -o CMakeFiles/cmTC_4b7e0.dir/CheckFunctionExists.c.o   -c /usr/share/cmake-3.16/Modules/CheckFunctionExists.c
Linking C executable cmTC_4b7e0
/usr/bin/cmake -E cmake_link_script CMakeFiles/cmTC_4b7e0.dir/link.txt --verbose=1
/usr/bin/cc  -DCHECK_FUNCTION_EXISTS=pthread_create    CMakeFiles/cmTC_4b7e0.dir/CheckFunctionExists.c.o  -o cmTC_4b7e0  -lpthread 
make[2]: Leaving directory '/root/catkin_ws/newui_Greyform/build/CMakeFiles/CMakeTmp'
make[1]: Leaving directory '/root/catkin_ws/newui_Greyform/build/CMakeFiles/CMakeTmp'



The system is: Linux - 6.8.0-47-generic - x86_64
Compiling the C compiler identification source file "CMakeCCompilerId.c" succeeded.
Compiler: /usr/bin/cc 
Build flags: 
Id flags:  

The output was:
0


Compilation of the C compiler identification source "CMakeCCompilerId.c" produced "a.out"

The C compiler identification is GNU, found in "/root/catkin_ws/newui_Greyform/build/CMakeFiles/3.16.3/CompilerIdC/a.out"

Compiling the CXX compiler identification source file "CMakeCXXCompilerId.cpp" succeeded.
Compiler: /usr/bin/c++ 
Build flags: 
Id flags:  

The output was:
0


Compilation of the CXX compiler identification source "CMakeCXXCompilerId.cpp" produced "a.out"

The CXX compiler identification is GNU, found in "/root/catkin_ws/newui_Greyform/build/CMakeFiles/3.16.3/CompilerIdCXX/a.out"

Determining if the C compiler works passed with the following output:
Change Dir: /root/catkin_ws/newui_Greyform/build/CMakeFiles/CMakeTmp

Run Build Command(s):/usr/bin/make cmTC_7dbf1/fast && /usr/bin/make -f CMakeFiles/cmTC_7dbf1.dir/build.make CMakeFiles/cmTC_7dbf1.dir/build
make[1]: Entering directory '/root/catkin_ws/newui_Greyform/build/CMakeFiles/CMakeTmp'
Building C object CMakeFiles/cmTC_7dbf1.dir/testCCompiler.c.o
/usr/bin/cc    -o CMakeFiles/cmTC_7dbf1.dir/testCCompiler.c.o   -c /root/catkin_ws/newui_Greyform/build/CMakeFiles/CMakeTmp/testCCompiler.c
Linking C executable cmTC_7dbf1
/usr/bin/cmake -E cmake_link_script CMakeFiles/cmTC_7dbf1.dir/link.txt --verbose=1
/usr/bin/cc      CMakeFiles/cmTC_7dbf1.dir/testCCompiler.c.o  -o cmTC_7dbf1 
make[1]: Leaving directory '/root/catkin_ws/newui_Greyform/build/CMakeFiles/CMakeTmp'



Detecting C compiler ABI info compiled with the following output:
Change Dir: /root/catkin_ws/newui_Greyform/build/CMakeFiles/CMakeTmp

Run Build Command(s):/usr/bin/make cmTC_dcd70/fast && /usr/bin/make -f CMakeFiles/cmTC_dcd70.dir/build.make CMakeFiles/cmTC_dcd70.dir/build
make[1]: Entering directory '/root/catkin_ws/newui_Greyform/build/CMakeFiles/CMakeTmp'
Building C object CMakeFiles/cmTC_dcd70.dir/CMakeCCompilerABI.c.o
/usr/bin/cc   -v -o CMakeFiles/cmTC_dcd70.dir/CMakeCCompilerABI.c.o   -c /usr/share/cmake-3.16/Modules/CMakeCCompilerABI.c
Using built-in specs.
COLLECT_GCC=/usr/bin/cc
OFFLOAD_TARGET_NAMES=nvptx-none:hsa
OFFLOAD_TARGET_DEFAULT=1
Target: x86_64-linux-gnu
Configured with: ../src/configure -v --with-pkgversion='Ubuntu 9.4.0-1ubuntu1~20.04.2' --with-bugurl=file:///usr/share/doc/gcc-9/README.Bugs --enable-languages=c,ada,c++,go,brig,d,fortran,objc,obj-c++,gm2 --prefix=/usr --with-gcc-major-version-only --program-suffix=-9 --program-prefix=x86_64-linux-gnu- --enable-shared --enable-linker-build-id --libexecdir=/usr/lib --without-included-gettext --enable-threads=posix --libdir=/usr/lib --enable-nls --enable-clocale=gnu --enable-libstdcxx-debug --enable-libstdcxx-time=yes --with-default-libstdcxx-abi=new --enable-gnu-unique-object --disable-vtable-verify --enable-plugin --enable-default-pie --with-system-zlib --with-target-system-zlib=auto --enable-objc-gc=auto --enable-multiarch --disable-werror --with-arch-32=i686 --with-abi=m64 --with-multilib-list=m32,m64,mx32 --enable-multilib --with-tune=generic --enable-offload-targets=nvptx-none=/build/gcc-9-9QDOt0/gcc-9-9.4.0/debian/tmp-nvptx/usr,hsa --without-cuda-driver --enable-checking=release --build=x86_64-linux-gnu --host=x86_64-linux-gnu --target=x86_64-linux-gnu
Thread model: posix
gcc version 9.4.0 (Ubuntu 9.4.0-1ubuntu1~20.04.2) 
COLLECT_GCC_OPTIONS='-v' '-o' 'CMakeFiles/cmTC_dcd70.dir/CMakeCCompilerABI.c.o' '-c' '-mtune=generic' '-march=x86-64'
 /usr/lib/gcc/x86_64-linux-gnu/9/cc1 -quiet -v -imultiarch x86_64-linux-gnu /usr/share/cmake-3.16/Modules/CMakeCCompilerABI.c -quiet -dumpbase CMakeCCompilerABI.c -mtune=generic -march=x86-64 -auxbase-strip CMakeFiles/cmTC_dcd70.dir/CMakeCCompilerABI.c.o -version -fasynchronous-unwind-tables -fstack-protector-strong -Wformat -Wformat-security -fstack-clash-protection -fcf-protection -o /tmp/cc8CUvmR.s
GNU C17 (Ubuntu 9.4.0-1ubuntu1~20.04.2) version 9.4.0 (x86_64-linux-gnu)
	compiled by GNU C version 9.4.0, GMP version 6.2.0, MPFR version 4.0.2, MPC version 1.1.0, isl version isl-0.22.1-GMP

GGC heuristics: --param ggc-min-expand=100 --param ggc-min-heapsize=131072
ignoring nonexistent directory "/usr/local/include/x86_64-linux-gnu"
ignoring nonexistent directory "/usr/lib/gcc/x86_64-linux-gnu/9/include-fixed"
ignoring nonexistent directory "/usr/lib/gcc/x86_64-linux-gnu/9/../../../../x86_64-linux-gnu/include"
#include "..." search starts here:
#include <...> search starts here:
 /usr/lib/gcc/x86_64-linux-gnu/9/include
 /usr/local/include
 /usr/include/x86_64-linux-gnu
 /usr/include
End of search list.
GNU C17 (Ubuntu 9.4.0-1ubuntu1~20.04.2) version 9.4.0 (x86_64-linux-gnu)
	compiled by GNU C version 9.4.0, GMP version 6.2.0, MPFR version 4.0.2, MPC version 1.1.0, isl version isl-0.22.1-GMP

GGC heuristics: --param ggc-min-expand=100 --param ggc-min-heapsize=131072
Compiler executable checksum: 01da938ff5dc2163489aa33cb3b747a7
COLLECT_GCC_OPTIONS='-v' '-o' 'CMakeFiles/cmTC_dcd70.dir/CMakeCCompilerABI.c.o' '-c' '-mtune=generic' '-march=x86-64'
 as -v --64 -o CMakeFiles/cmTC_dcd70.dir/CMakeCCompilerABI.c.o /tmp/cc8CUvmR.s
GNU assembler version 2.34 (x86_64-linux-gnu) using BFD version (GNU Binutils for Ubuntu) 2.34
COMPILER_PATH=/usr/lib/gcc/x86_64-linux-gnu/9/:/usr/lib/gcc/x86_64-linux-gnu/9/:/usr/lib/gcc/x86_64-linux-gnu/:/usr/lib/gcc/x86_64-linux-gnu/9/:/usr/lib/gcc/x86_64-linux-gnu/
LIBRARY_PATH=/usr/lib/gcc/x86_64-linux-gnu/9/:/usr/lib/gcc/x86_64-linux-gnu/9/../../../x86_64-linux-gnu/:/usr/lib/gcc/x86_64-linux-gnu/9/../../../../lib/:/lib/x86_64-linux-gnu/:/lib/../lib/:/usr/lib/x86_64-linux-gnu/:/usr/lib/../lib/:/usr/lib/gcc/x86_64-linux-gnu/9/../../../:/lib/:/usr/lib/
COLLECT_GCC_OPTIONS='-v' '-o' 'CMakeFiles/cmTC_dcd70.dir/CMakeCCompilerABI.c.o' '-c' '-mtune=generic' '-march=x86-64'
Linking C executable cmTC_dcd70
/usr/bin/cmake -E cmake_link_script CMakeFiles/cmTC_dcd70.dir/link.txt --verbose=1
/usr/bin/cc     -v CMakeFiles/cmTC_dcd70.dir/CMakeCCompilerABI.c.o  -o cmTC_dcd70 
Using built-in specs.
COLLECT_GCC=/usr/bin/cc
COLLECT_LTO_WRAPPER=/usr/lib/gcc/x86_64-linux-gnu/9/lto-wrapper
OFFLOAD_TARGET_NAMES=nvptx-none:hsa
OFFLOAD_TARGET_DEFAULT=1
Target: x86_64-linux-gnu
Configured with: ../src/configure -v --with-pkgversion='Ubuntu 9.4.0-1ubuntu1~20.04.2' --with-bugurl=file:///usr/share/doc/gcc-9/README.Bugs --enable-languages=c,ada,c++,go,brig,d,fortran,objc,obj-c++,gm2 --prefix=/usr --with-gcc-major-version-only --program-suffix=-9 --program-prefix=x86_64-linux-gnu- --enable-shared --enable-linker-build-id --libexecdir=/usr/lib --without-included-gettext --enable-threads=posix --libdir=/usr/lib --enable-nls --enable-clocale=gnu --enable-libstdcxx-debug --enable-libstdcxx-time=yes --with-default-libstdcxx-abi=new --enable-gnu-unique-object --disable-vtable-verify --enable-plugin --enable-default-pie --with-system-zlib --with-target-system-zlib=auto --enable-objc-gc=auto --enable-multiarch --disable-werror --with-arch-32=i686 --with-abi=m64 --with-multilib-list=m32,m64,mx32 --enable-multilib --with-tune=generic --enable-offload-targets=nvptx-none=/build/gcc-9-9QDOt0/gcc-9-9.4.0/debian/tmp-nvptx/usr,hsa --without-cuda-driver --enable-checking=release --build=x86_64-linux-gnu --host=x86_64-linux-gnu --target=x86_64-linux-gnu
Thread model: posix
gcc version 9.4.0 (Ubuntu 9.4.0-1ubuntu1~20.04.2) 
COMPILER_PATH=/usr/lib/gcc/x86_64-linux-gnu/9/:/usr/lib/gcc/x86_64-linux-gnu/9/:/usr/lib/gcc/x86_64-linux-gnu/:/usr/lib/gcc/x86_64-linux-gnu/9/:/usr/lib/gcc/x86_64-linux-gnu/
LIBRARY_PATH=/usr/lib/gcc/x86_64-linux-gnu/9/:/usr/lib/gcc/x86_64-linux-gnu/9/../../../x86_64-linux-gnu/:/usr/lib/gcc/x86_64-linux-gnu/9/../../../../lib/:/lib/x86_64-linux-gnu/:/lib/../lib/:/usr/lib/x86_64-linux-gnu/:/usr/lib/../lib/:/usr/lib/gcc/x86_64-linux-gnu/9/../../../:/lib/:/usr/lib/
COLLECT_GCC_OPTIONS='-v' '-o' 'cmTC_dcd70' '-mtune=generic' '-march=x86-64'
 /usr/lib/gcc/x86_64-linux-gnu/9/collect2 -plugin /usr/lib/gcc/x86_64-linux-gnu/9/liblto_plugin.so -plugin-opt=/usr/lib/gcc/x86_64-linux-gnu/9/lto-wrapper -plugin-opt=-fresolution=/tmp/ccV0xyxj.res -plugin-opt=-pass-through=-lgcc -plugin-opt=-pass-through=-lgcc_s -plugin-opt=-pass-through=-lc -plugin-opt=-pass-through=-lgcc -plugin-opt=-pass-through=-lgcc_s --build-id --eh-frame-hdr -m elf_x86_64 --hash-style=gnu --as-needed -dynamic-linker /lib64/ld-linux-x86-64.so.2 -pie -z now -z relro -o cmTC_dcd70 /usr/lib/gcc/x86_64-linux-gnu/9/../../../x86_64-linux-gnu/Scrt1.o /usr/lib/gcc/x86_64-linux-gnu/9/../../../x86_64-linux-gnu/crti.o /usr/lib/gcc/x86_64-linux-gnu/9/crtbeginS.o -L/usr/lib/gcc/x86_64-linux-gnu/9 -L/usr/lib/gcc/x86_64-linux-gnu/9/../../../x86_64-linux-gnu -L/usr/lib/gcc/x86_64-linux-gnu/9/../../../../lib -L/lib/x86_64-linux-gnu -L/lib/../lib -L/usr/lib/x86_64-linux-gnu -L/usr/lib/../lib -L/usr/lib/gcc/x86_64-linux-gnu/9/../../.. CMakeFiles/cmTC_dcd70.dir/CMakeCCompilerABI.c.o -lgcc --push-state --as-needed -lgcc_s --pop-state -lc -lgcc --push-state --as-needed -lgcc_s --pop-state /usr/lib/gcc/x86_64-linux-gnu/9/crtendS.o /usr/lib/gcc/x86_64-linux-gnu/9/../../../x86_64-linux-gnu/crtn.o
COLLECT_GCC_OPTIONS='-v' '-o' 'cmTC_dcd70' '-mtune=generic' '-march=x86-64'
make[1]: Leaving directory '/root/catkin_ws/newui_Greyform/build/CMakeFiles/CMakeTmp'



Parsed C implicit include dir info from above output: rv=done
  found start of include info
  found start of implicit include info
    add: [/usr/lib/gcc/x86_64-linux-gnu/9/include]
    add: [/usr/local/include]
    add: [/usr/include/x86_64-linux-gnu]
    add: [/usr/include]
  end of search list found
  collapse include dir [/usr/lib/gcc/x86_64-linux-gnu/9/include] ==> [/usr/lib/gcc/x86_64-linux-gnu/9/include]
  collapse include dir [/usr/local/include] ==> [/usr/local/include]
  collapse include dir [/usr/include/x86_64-linux-gnu] ==> [/usr/include/x86_64-linux-gnu]
  collapse include dir [/usr/include] ==> [/usr/include]
  implicit include dirs: [/usr/lib/gcc/x86_64-linux-gnu/9/include;/usr/local/include;/usr/include/x86_64-linux-gnu;/usr/include]


Parsed C implicit link information from above output:
  link line regex: [^( *|.*[/\])(ld|CMAKE_LINK_STARTFILE-NOTFOUND|([^/\]+-)?ld|collect2)[^/\]*( |$)]
  ignore line: [Change Dir: /root/catkin_ws/newui_Greyform/build/CMakeFiles/CMakeTmp]
  ignore line: []
  ignore line: [Run Build Command(s):/usr/bin/make cmTC_dcd70/fast && /usr/bin/make -f CMakeFiles/cmTC_dcd70.dir/build.make CMakeFiles/cmTC_dcd70.dir/build]
  ignore line: [make[1]: Entering directory '/root/catkin_ws/newui_Greyform/build/CMakeFiles/CMakeTmp']
  ignore line: [Building C object CMakeFiles/cmTC_dcd70.dir/CMakeCCompilerABI.c.o]
  ignore line: [/usr/bin/cc   -v -o CMakeFiles/cmTC_dcd70.dir/CMakeCCompilerABI.c.o   -c /usr/share/cmake-3.16/Modules/CMakeCCompilerABI.c]
  ignore line: [Using built-in specs.]
  ignore line: [COLLECT_GCC=/usr/bin/cc]
  ignore line: [OFFLOAD_TARGET_NAMES=nvptx-none:hsa]
  ignore line: [OFFLOAD_TARGET_DEFAULT=1]
  ignore line: [Target: x86_64-linux-gnu]
  ignore line: [Configured with: ../src/configure -v --with-pkgversion='Ubuntu 9.4.0-1ubuntu1~20.04.2' --with-bugurl=file:///usr/share/doc/gcc-9/README.Bugs --enable-languages=c ada c++ go brig d fortran objc obj-c++ gm2 --prefix=/usr --with-gcc-major-version-only --program-suffix=-9 --program-prefix=x86_64-linux-gnu- --enable-shared --enable-linker-build-id --libexecdir=/usr/lib --without-included-gettext --enable-threads=posix --libdir=/usr/lib --enable-nls --enable-clocale=gnu --enable-libstdcxx-debug --enable-libstdcxx-time=yes --with-default-libstdcxx-abi=new --enable-gnu-unique-object --disable-vtable-verify --enable-plugin --enable-default-pie --with-system-zlib --with-target-system-zlib=auto --enable-objc-gc=auto --enable-multiarch --disable-werror --with-arch-32=i686 --with-abi=m64 --with-multilib-list=m32 m64 mx32 --enable-multilib --with-tune=generic --enable-offload-targets=nvptx-none=/build/gcc-9-9QDOt0/gcc-9-9.4.0/debian/tmp-nvptx/usr hsa --without-cuda-driver --enable-checking=release --build=x86_64-linux-gnu --host=x86_64-linux-gnu --target=x86_64-linux-gnu]
  ignore line: [Thread model: posix]
  ignore line: [gcc version 9.4.0 (Ubuntu 9.4.0-1ubuntu1~20.04.2) ]
  ignore line: [COLLECT_GCC_OPTIONS='-v' '-o' 'CMakeFiles/cmTC_dcd70.dir/CMakeCCompilerABI.c.o' '-c' '-mtune=generic' '-march=x86-64']
  ignore line: [ /usr/lib/gcc/x86_64-linux-gnu/9/cc1 -quiet -v -imultiarch x86_64-linux-gnu /usr/share/cmake-3.16/Modules/CMakeCCompilerABI.c -quiet -dumpbase CMakeCCompilerABI.c -mtune=generic -march=x86-64 -auxbase-strip CMakeFiles/cmTC_dcd70.dir/CMakeCCompilerABI.c.o -version -fasynchronous-unwind-tables -fstack-protector-strong -Wformat -Wformat-security -fstack-clash-protection -fcf-protection -o /tmp/cc8CUvmR.s]
  ignore line: [GNU C17 (Ubuntu 9.4.0-1ubuntu1~20.04.2) version 9.4.0 (x86_64-linux-gnu)]
  ignore line: [	compiled by GNU C version 9.4.0  GMP version 6.2.0  MPFR version 4.0.2  MPC version 1.1.0  isl version isl-0.22.1-GMP]
  ignore line: []
  ignore line: [GGC heuristics: --param ggc-min-expand=100 --param ggc-min-heapsize=131072]
  ignore line: [ignoring nonexistent directory "/usr/local/include/x86_64-linux-gnu"]
  ignore line: [ignoring nonexistent directory "/usr/lib/gcc/x86_64-linux-gnu/9/include-fixed"]
  ignore line: [ignoring nonexistent directory "/usr/lib/gcc/x86_64-linux-gnu/9/../../../../x86_64-linux-gnu/include"]
  ignore line: [#include "..." search starts here:]
  ignore line: [#include <...> search starts here:]
  ignore line: [ /usr/lib/gcc/x86_64-linux-gnu/9/include]
  ignore line: [ /usr/local/include]
  ignore line: [ /usr/include/x86_64-linux-gnu]
  ignore line: [ /usr/include]
  ignore line: [End of search list.]
  ignore line: [GNU C17 (Ubuntu 9.4.0-1ubuntu1~20.04.2) version 9.4.0 (x86_64-linux-gnu)]
  ignore line: [	compiled by GNU C version 9.4.0  GMP version 6.2.0  MPFR version 4.0.2  MPC version 1.1.0  isl version isl-0.22.1-GMP]
  ignore line: []
  ignore line: [GGC heuristics: --param ggc-min-expand=100 --param ggc-min-heapsize=131072]
  ignore line: [Compiler executable checksum: 01da938ff5dc2163489aa33cb3b747a7]
  ignore line: [COLLECT_GCC_OPTIONS='-v' '-o' 'CMakeFiles/cmTC_dcd70.dir/CMakeCCompilerABI.c.o' '-c' '-mtune=generic' '-march=x86-64']
  ignore line: [ as -v --64 -o CMakeFiles/cmTC_dcd70.dir/CMakeCCompilerABI.c.o /tmp/cc8CUvmR.s]
  ignore line: [GNU assembler version 2.34 (x86_64-linux-gnu) using BFD version (GNU Binutils for Ubuntu) 2.34]
  ignore line: [COMPILER_PATH=/usr/lib/gcc/x86_64-linux-gnu/9/:/usr/lib/gcc/x86_64-linux-gnu/9/:/usr/lib/gcc/x86_64-linux-gnu/:/usr/lib/gcc/x86_64-linux-gnu/9/:/usr/lib/gcc/x86_64-linux-gnu/]
  ignore line: [LIBRARY_PATH=/usr/lib/gcc/x86_64-linux-gnu/9/:/usr/lib/gcc/x86_64-linux-gnu/9/../../../x86_64-linux-gnu/:/usr/lib/gcc/x86_64-linux-gnu/9/../../../../lib/:/lib/x86_64-linux-gnu/:/lib/../lib/:/usr/lib/x86_64-linux-gnu/:/usr/lib/../lib/:/usr/lib/gcc/x86_64-linux-gnu/9/../../../:/lib/:/usr/lib/]
  ignore line: [COLLECT_GCC_OPTIONS='-v' '-o' 'CMakeFiles/cmTC_dcd70.dir/CMakeCCompilerABI.c.o' '-c' '-mtune=generic' '-march=x86-64']
  ignore line: [Linking C executable cmTC_dcd70]
  ignore line: [/usr/bin/cmake -E cmake_link_script CMakeFiles/cmTC_dcd70.dir/link.txt --verbose=1]
  ignore line: [/usr/bin/cc     -v CMakeFiles/cmTC_dcd70.dir/CMakeCCompilerABI.c.o  -o cmTC_dcd70 ]
  ignore line: [Using built-in specs.]
  ignore line: [COLLECT_GCC=/usr/bin/cc]
  ignore line: [COLLECT_LTO_WRAPPER=/usr/lib/gcc/x86_64-linux-gnu/9/lto-wrapper]
  ignore line: [OFFLOAD_TARGET_NAMES=nvptx-none:hsa]
  ignore line: [OFFLOAD_TARGET_DEFAULT=1]
  ignore line: [Target: x86_64-linux-gnu]
  ignore line: [Configured with: ../src/configure -v --with-pkgversion='Ubuntu 9.4.0-1ubuntu1~20.04.2' --with-bugurl=file:///usr/share/doc/gcc-9/README.Bugs --enable-languages=c ada c++ go brig d fortran objc obj-c++ gm2 --prefix=/usr --with-gcc-major-version-only --program-suffix=-9 --program-prefix=x86_64-linux-gnu- --enable-shared --enable-linker-build-id --libexecdir=/usr/lib --without-included-gettext --enable-threads=posix --libdir=/usr/lib --enable-nls --enable-clocale=gnu --enable-libstdcxx-debug --enable-libstdcxx-time=yes --with-default-libstdcxx-abi=new --enable-gnu-unique-object --disable-vtable-verify --enable-plugin --enable-default-pie --with-system-zlib --with-target-system-zlib=auto --enable-objc-gc=auto --enable-multiarch --disable-werror --with-arch-32=i686 --with-abi=m64 --with-multilib-list=m32 m64 mx32 --enable-multilib --with-tune=generic --enable-offload-targets=nvptx-none=/build/gcc-9-9QDOt0/gcc-9-9.4.0/debian/tmp-nvptx/usr hsa --without-cuda-driver --enable-checking=release --build=x86_64-linux-gnu --host=x86_64-linux-gnu --target=x86_64-linux-gnu]
  ignore line: [Thread model: posix]
  ignore line: [gcc version 9.4.0 (Ubuntu 9.4.0-1ubuntu1~20.04.2) ]
  ignore line: [COMPILER_PATH=/usr/lib/gcc/x86_64-linux-gnu/9/:/usr/lib/gcc/x86_64-linux-gnu/9/:/usr/lib/gcc/x86_64-linux-gnu/:/usr/lib/gcc/x86_64-linux-gnu/9/:/usr/lib/gcc/x86_64-linux-gnu/]
  ignore line: [LIBRARY_PATH=/usr/lib/gcc/x86_64-linux-gnu/9/:/usr/lib/gcc/x86_64-linux-gnu/9/../../../x86_64-linux-gnu/:/usr/lib/gcc/x86_64-linux-gnu/9/../../../../lib/:/lib/x86_64-linux-gnu/:/lib/../lib/:/usr/lib/x86_64-linux-gnu/:/usr/lib/../lib/:/usr/lib/gcc/x86_64-linux-gnu/9/../../../:/lib/:/usr/lib/]
  ignore line: [COLLECT_GCC_OPTIONS='-v' '-o' 'cmTC_dcd70' '-mtune=generic' '-march=x86-64']
  link line: [ /usr/lib/gcc/x86_64-linux-gnu/9/collect2 -plugin /usr/lib/gcc/x86_64-linux-gnu/9/liblto_plugin.so -plugin-opt=/usr/lib/gcc/x86_64-linux-gnu/9/lto-wrapper -plugin-opt=-fresolution=/tmp/ccV0xyxj.res -plugin-opt=-pass-through=-lgcc -plugin-opt=-pass-through=-lgcc_s -plugin-opt=-pass-through=-lc -plugin-opt=-pass-through=-lgcc -plugin-opt=-pass-through=-lgcc_s --build-id --eh-frame-hdr -m elf_x86_64 --hash-style=gnu --as-needed -dynamic-linker /lib64/ld-linux-x86-64.so.2 -pie -z now -z relro -o cmTC_dcd70 /usr/lib/gcc/x86_64-linux-gnu/9/../../../x86_64-linux-gnu/Scrt1.o /usr/lib/gcc/x86_64-linux-gnu/9/../../../x86_64-linux-gnu/crti.o /usr/lib/gcc/x86_64-linux-gnu/9/crtbeginS.o -L/usr/lib/gcc/x86_64-linux-gnu/9 -L/usr/lib/gcc/x86_64-linux-gnu/9/../../../x86_64-linux-gnu -L/usr/lib/gcc/x86_64-linux-gnu/9/../../../../lib -L/lib/x86_64-linux-gnu -L/lib/../lib -L/usr/lib/x86_64-linux-gnu -L/usr/lib/../lib -L/usr/lib/gcc/x86_64-linux-gnu/9/../../.. CMakeFiles/cmTC_dcd70.dir/CMakeCCompilerABI.c.o -lgcc --push-state --as-needed -lgcc_s --pop-state -lc -lgcc --push-state --as-needed -lgcc_s --pop-state /usr/lib/gcc/x86_64-linux-gnu/9/crtendS.o /usr/lib/gcc/x86_64-linux-gnu/9/../../../x86_64-linux-gnu/crtn.o]
    arg [/usr/lib/gcc/x86_64-linux-gnu/9/collect2] ==> ignore
    arg [-plugin] ==> ignore
    arg [/usr/lib/gcc/x86_64-linux-gnu/9/liblto_plugin.so] ==> ignore
    arg [-plugin-opt=/usr/lib/gcc/x86_64-linux-gnu/9/lto-wrapper] ==> ignore
    arg [-plugin-opt=-fresolution=/tmp/ccV0xyxj.res] ==> ignore
    arg [-plugin-opt=-pass-through=-lgcc] ==> ignore
    arg [-plugin-opt=-pass-through=-lgcc_s] ==> ignore
    arg [-plugin-opt=-pass-through=-lc] ==> ignore
    arg [-plugin-opt=-pass-through=-lgcc] ==> ignore
    arg [-plugin-opt=-pass-through=-lgcc_s] ==> ignore
    arg [--build-id] ==> ignore
    arg [--eh-frame-hdr] ==> ignore
    arg [-m] ==> ignore
    arg [elf_x86_64] ==> ignore
    arg [--hash-style=gnu] ==> ignore
    arg [--as-needed] ==> ignore
    arg [-dynamic-linker] ==> ignore
    arg [/lib64/ld-linux-x86-64.so.2] ==> ignore
    arg [-pie] ==> ignore
    arg [-znow] ==> ignore
    arg [-zrelro] ==> ignore
    arg [-o] ==> ignore
    arg [cmTC_dcd70] ==> ignore
    arg [/usr/lib/gcc/x86_64-linux-gnu/9/../../../x86_64-linux-gnu/Scrt1.o] ==> ignore
    arg [/usr/lib/gcc/x86_64-linux-gnu/9/../../../x86_64-linux-gnu/crti.o] ==> ignore
    arg [/usr/lib/gcc/x86_64-linux-gnu/9/crtbeginS.o] ==> ignore
    arg [-L/usr/lib/gcc/x86_64-linux-gnu/9] ==> dir [/usr/lib/gcc/x86_64-linux-gnu/9]
    arg [-L/usr/lib/gcc/x86_64-linux-gnu/9/../../../x86_64-linux-gnu] ==> dir [/usr/lib/gcc/x86_64-linux-gnu/9/../../../x86_64-linux-gnu]
    arg [-L/usr/lib/gcc/x86_64-linux-gnu/9/../../../../lib] ==> dir [/usr/lib/gcc/x86_64-linux-gnu/9/../../../../lib]
    arg [-L/lib/x86_64-linux-gnu] ==> dir [/lib/x86_64-linux-gnu]
    arg [-L/lib/../lib] ==> dir [/lib/../lib]
    arg [-L/usr/lib/x86_64-linux-gnu] ==> dir [/usr/lib/x86_64-linux-gnu]
    arg [-L/usr/lib/../lib] ==> dir [/usr/lib/../lib]
    arg [-L/usr/lib/gcc/x86_64-linux-gnu/9/../../..] ==> dir [/usr/lib/gcc/x86_64-linux-gnu/9/../../..]
    arg [CMakeFiles/cmTC_dcd70.dir/CMakeCCompilerABI.c.o] ==> ignore
    arg [-lgcc] ==> lib [gcc]
    arg [--push-state] ==> ignore
    arg [--as-needed] ==> ignore
    arg [-lgcc_s] ==> lib [gcc_s]
    arg [--pop-state] ==> ignore
    arg [-lc] ==> lib [c]
    arg [-lgcc] ==> lib [gcc]
    arg [--push-state] ==> ignore
    arg [--as-needed] ==> ignore
    arg [-lgcc_s] ==> lib [gcc_s]
    arg [--pop-state] ==> ignore
    arg [/usr/lib/gcc/x86_64-linux-gnu/9/crtendS.o] ==> ignore
    arg [/usr/lib/gcc/x86_64-linux-gnu/9/../../../x86_64-linux-gnu/crtn.o] ==> ignore
  collapse library dir [/usr/lib/gcc/x86_64-linux-gnu/9] ==> [/usr/lib/gcc/x86_64-linux-gnu/9]
  collapse library dir [/usr/lib/gcc/x86_64-linux-gnu/9/../../../x86_64-linux-gnu] ==> [/usr/lib/x86_64-linux-gnu]
  collapse library dir [/usr/lib/gcc/x86_64-linux-gnu/9/../../../../lib] ==> [/usr/lib]
  collapse library dir [/lib/x86_64-linux-gnu] ==> [/lib/x86_64-linux-gnu]
  collapse library dir [/lib/../lib] ==> [/lib]
  collapse library dir [/usr/lib/x86_64-linux-gnu] ==> [/usr/lib/x86_64-linux-gnu]
  collapse library dir [/usr/lib/../lib] ==> [/usr/lib]
  collapse library dir [/usr/lib/gcc/x86_64-linux-gnu/9/../../..] ==> [/usr/lib]
  implicit libs: [gcc;gcc_s;c;gcc;gcc_s]
  implicit dirs: [/usr/lib/gcc/x86_64-linux-gnu/9;/usr/lib/x86_64-linux-gnu;/usr/lib;/lib/x86_64-linux-gnu;/lib]
  implicit fwks: []


Determining if the CXX compiler works passed with the following output:
Change Dir: /root/catkin_ws/newui_Greyform/build/CMakeFiles/CMakeTmp

Run Build Command(s):/usr/bin/make cmTC_fe8c7/fast && /usr/bin/make -f CMakeFiles/cmTC_fe8c7.dir/build.make CMakeFiles/cmTC_fe8c7.dir/build
make[1]: Entering directory '/root/catkin_ws/newui_Greyform/build/CMakeFiles/CMakeTmp'
Building CXX object CMakeFiles/cmTC_fe8c7.dir/testCXXCompiler.cxx.o
/usr/bin/c++     -o CMakeFiles/cmTC_fe8c7.dir/testCXXCompiler.cxx.o -c /root/catkin_ws/newui_Greyform/build/CMakeFiles/CMakeTmp/testCXXCompiler.cxx
Linking CXX executable cmTC_fe8c7
/usr/bin/cmake -E cmake_link_script CMakeFiles/cmTC_fe8c7.dir/link.txt --verbose=1
/usr/bin/c++       CMakeFiles/cmTC_fe8c7.dir/testCXXCompiler.cxx.o  -o cmTC_fe8c7 
make[1]: Leaving directory '/root/catkin_ws/newui_Greyform/build/CMakeFiles/CMakeTmp'



Detecting CXX compiler ABI info compiled with the following output:
Change Dir: /root/catkin_ws/newui_Greyform/build/CMakeFiles/CMakeTmp

Run Build Command(s):/usr/bin/make cmTC_b22b3/fast && /usr/bin/make -f CMakeFiles/cmTC_b22b3.dir/build.make CMakeFiles/cmTC_b22b3.dir/build
make[1]: Entering directory '/root/catkin_ws/newui_Greyform/build/CMakeFiles/CMakeTmp'
Building CXX object CMakeFiles/cmTC_b22b3.dir/CMakeCXXCompilerABI.cpp.o
/usr/bin/c++    -v -o CMakeFiles/cmTC_b22b3.dir/CMakeCXXCompilerABI.cpp.o -c /usr/share/cmake-3.16/Modules/CMakeCXXCompilerABI.cpp
Using built-in specs.
COLLECT_GCC=/usr/bin/c++
OFFLOAD_TARGET_NAMES=nvptx-none:hsa
OFFLOAD_TARGET_DEFAULT=1
Target: x86_64-linux-gnu
Configured with: ../src/configure -v --with-pkgversion='Ubuntu 9.4.0-1ubuntu1~20.04.2' --with-bugurl=file:///usr/share/doc/gcc-9/README.Bugs --enable-languages=c,ada,c++,go,brig,d,fortran,objc,obj-c++,gm2 --prefix=/usr --with-gcc-major-version-only --program-suffix=-9 --program-prefix=x86_64-linux-gnu- --enable-shared --enable-linker-build-id --libexecdir=/usr/lib --without-included-gettext --enable-threads=posix --libdir=/usr/lib --enable-nls --enable-clocale=gnu --enable-libstdcxx-debug --enable-libstdcxx-time=yes --with-default-libstdcxx-abi=new --enable-gnu-unique-object --disable-vtable-verify --enable-plugin --enable-default-pie --with-system-zlib --with-target-system-zlib=auto --enable-objc-gc=auto --enable-multiarch --disable-werror --with-arch-32=i686 --with-abi=m64 --with-multilib-list=m32,m64,mx32 --enable-multilib --with-tune=generic --enable-offload-targets=nvptx-none=/build/gcc-9-9QDOt0/gcc-9-9.4.0/debian/tmp-nvptx/usr,hsa --without-cuda-driver --enable-checking=release --build=x86_64-linux-gnu --host=x86_64-linux-gnu --target=x86_64-linux-gnu
Thread model: posix
gcc version 9.4.0 (Ubuntu 9.4.0-1ubuntu1~20.04.2) 
COLLECT_GCC_OPTIONS='-v' '-o' 'CMakeFiles/cmTC_b22b3.dir/CMakeCXXCompilerABI.cpp.o' '-c' '-shared-libgcc' '-mtune=generic' '-march=x86-64'
 /usr/lib/gcc/x86_64-linux-gnu/9/cc1plus -quiet -v -imultiarch x86_64-linux-gnu -D_GNU_SOURCE /usr/share/cmake-3.16/Modules/CMakeCXXCompilerABI.cpp -quiet -dumpbase CMakeCXXCompilerABI.cpp -mtune=generic -march=x86-64 -auxbase-strip CMakeFiles/cmTC_b22b3.dir/CMakeCXXCompilerABI.cpp.o -version -fasynchronous-unwind-tables -fstack-protector-strong -Wformat -Wformat-security -fstack-clash-protection -fcf-protection -o /tmp/ccp6csto.s
GNU C++14 (Ubuntu 9.4.0-1ubuntu1~20.04.2) version 9.4.0 (x86_64-linux-gnu)
	compiled by GNU C version 9.4.0, GMP version 6.2.0, MPFR version 4.0.2, MPC version 1.1.0, isl version isl-0.22.1-GMP

GGC heuristics: --param ggc-min-expand=100 --param ggc-min-heapsize=131072
ignoring duplicate directory "/usr/include/x86_64-linux-gnu/c++/9"
ignoring nonexistent directory "/usr/local/include/x86_64-linux-gnu"
ignoring nonexistent directory "/usr/lib/gcc/x86_64-linux-gnu/9/include-fixed"
ignoring nonexistent directory "/usr/lib/gcc/x86_64-linux-gnu/9/../../../../x86_64-linux-gnu/include"
#include "..." search starts here:
#include <...> search starts here:
 /usr/include/c++/9
 /usr/include/x86_64-linux-gnu/c++/9
 /usr/include/c++/9/backward
 /usr/lib/gcc/x86_64-linux-gnu/9/include
 /usr/local/include
 /usr/include/x86_64-linux-gnu
 /usr/include
End of search list.
GNU C++14 (Ubuntu 9.4.0-1ubuntu1~20.04.2) version 9.4.0 (x86_64-linux-gnu)
	compiled by GNU C version 9.4.0, GMP version 6.2.0, MPFR version 4.0.2, MPC version 1.1.0, isl version isl-0.22.1-GMP

GGC heuristics: --param ggc-min-expand=100 --param ggc-min-heapsize=131072
Compiler executable checksum: 3d1eba838554fa2348dba760e4770469
COLLECT_GCC_OPTIONS='-v' '-o' 'CMakeFiles/cmTC_b22b3.dir/CMakeCXXCompilerABI.cpp.o' '-c' '-shared-libgcc' '-mtune=generic' '-march=x86-64'
 as -v --64 -o CMakeFiles/cmTC_b22b3.dir/CMakeCXXCompilerABI.cpp.o /tmp/ccp6csto.s
GNU assembler version 2.34 (x86_64-linux-gnu) using BFD version (GNU Binutils for Ubuntu) 2.34
COMPILER_PATH=/usr/lib/gcc/x86_64-linux-gnu/9/:/usr/lib/gcc/x86_64-linux-gnu/9/:/usr/lib/gcc/x86_64-linux-gnu/:/usr/lib/gcc/x86_64-linux-gnu/9/:/usr/lib/gcc/x86_64-linux-gnu/
LIBRARY_PATH=/usr/lib/gcc/x86_64-linux-gnu/9/:/usr/lib/gcc/x86_64-linux-gnu/9/../../../x86_64-linux-gnu/:/usr/lib/gcc/x86_64-linux-gnu/9/../../../../lib/:/lib/x86_64-linux-gnu/:/lib/../lib/:/usr/lib/x86_64-linux-gnu/:/usr/lib/../lib/:/usr/lib/gcc/x86_64-linux-gnu/9/../../../:/lib/:/usr/lib/
COLLECT_GCC_OPTIONS='-v' '-o' 'CMakeFiles/cmTC_b22b3.dir/CMakeCXXCompilerABI.cpp.o' '-c' '-shared-libgcc' '-mtune=generic' '-march=x86-64'
Linking CXX executable cmTC_b22b3
/usr/bin/cmake -E cmake_link_script CMakeFiles/cmTC_b22b3.dir/link.txt --verbose=1
/usr/bin/c++      -v CMakeFiles/cmTC_b22b3.dir/CMakeCXXCompilerABI.cpp.o  -o cmTC_b22b3 
Using built-in specs.
COLLECT_GCC=/usr/bin/c++
COLLECT_LTO_WRAPPER=/usr/lib/gcc/x86_64-linux-gnu/9/lto-wrapper
OFFLOAD_TARGET_NAMES=nvptx-none:hsa
OFFLOAD_TARGET_DEFAULT=1
Target: x86_64-linux-gnu
Configured with: ../src/configure -v --with-pkgversion='Ubuntu 9.4.0-1ubuntu1~20.04.2' --with-bugurl=file:///usr/share/doc/gcc-9/README.Bugs --enable-languages=c,ada,c++,go,brig,d,fortran,objc,obj-c++,gm2 --prefix=/usr --with-gcc-major-version-only --program-suffix=-9 --program-prefix=x86_64-linux-gnu- --enable-shared --enable-linker-build-id --libexecdir=/usr/lib --without-included-gettext --enable-threads=posix --libdir=/usr/lib --enable-nls --enable-clocale=gnu --enable-libstdcxx-debug --enable-libstdcxx-time=yes --with-default-libstdcxx-abi=new --enable-gnu-unique-object --disable-vtable-verify --enable-plugin --enable-default-pie --with-system-zlib --with-target-system-zlib=auto --enable-objc-gc=auto --enable-multiarch --disable-werror --with-arch-32=i686 --with-abi=m64 --with-multilib-list=m32,m64,mx32 --enable-multilib --with-tune=generic --enable-offload-targets=nvptx-none=/build/gcc-9-9QDOt0/gcc-9-9.4.0/debian/tmp-nvptx/usr,hsa --without-cuda-driver --enable-checking=release --build=x86_64-linux-gnu --host=x86_64-linux-gnu --target=x86_64-linux-gnu
Thread model: posix
gcc version 9.4.0 (Ubuntu 9.4.0-1ubuntu1~20.04.2) 
COMPILER_PATH=/usr/lib/gcc/x86_64-linux-gnu/9/:/usr/lib/gcc/x86_64-linux-gnu/9/:/usr/lib/gcc/x86_64-linux-gnu/:/usr/lib/gcc/x86_64-linux-gnu/9/:/usr/lib/gcc/x86_64-linux-gnu/
LIBRARY_PATH=/usr/lib/gcc/x86_64-linux-gnu/9/:/usr/lib/gcc/x86_64-linux-gnu/9/../../../x86_64-linux-gnu/:/usr/lib/gcc/x86_64-linux-gnu/9/../../../../lib/:/lib/x86_64-linux-gnu/:/lib/../lib/:/usr/lib/x86_64-linux-gnu/:/usr/lib/../lib/:/usr/lib/gcc/x86_64-linux-gnu/9/../../../:/lib/:/usr/lib/
COLLECT_GCC_OPTIONS='-v' '-o' 'cmTC_b22b3' '-shared-libgcc' '-mtune=generic' '-march=x86-64'
 /usr/lib/gcc/x86_64-linux-gnu/9/collect2 -plugin /usr/lib/gcc/x86_64-linux-gnu/9/liblto_plugin.so -plugin-opt=/usr/lib/gcc/x86_64-linux-gnu/9/lto-wrapper -plugin-opt=-fresolution=/tmp/cc4m64HJ.res -plugin-opt=-pass-through=-lgcc_s -plugin-opt=-pass-through=-lgcc -plugin-opt=-pass-through=-lc -plugin-opt=-pass-through=-lgcc_s -plugin-opt=-pass-through=-lgcc --build-id --eh-frame-hdr -m elf_x86_64 --hash-style=gnu --as-needed -dynamic-linker /lib64/ld-linux-x86-64.so.2 -pie -z now -z relro -o cmTC_b22b3 /usr/lib/gcc/x86_64-linux-gnu/9/../../../x86_64-linux-gnu/Scrt1.o /usr/lib/gcc/x86_64-linux-gnu/9/../../../x86_64-linux-gnu/crti.o /usr/lib/gcc/x86_64-linux-gnu/9/crtbeginS.o -L/usr/lib/gcc/x86_64-linux-gnu/9 -L/usr/lib/gcc/x86_64-linux-gnu/9/../../../x86_64-linux-gnu -L/usr/lib/gcc/x86_64-linux-gnu/9/../../../../lib -L/lib/x86_64-linux-gnu -L/lib/../lib -L/usr/lib/x86_64-linux-gnu -L/usr/lib/../lib -L/usr/lib/gcc/x86_64-linux-gnu/9/../../.. CMakeFiles/cmTC_b22b3.dir/CMakeCXXCompilerABI.cpp.o -lstdc++ -lm -lgcc_s -lgcc -lc -lgcc_s -lgcc /usr/lib/gcc/x86_64-linux-gnu/9/crtendS.o /usr/lib/gcc/x86_64-linux-gnu/9/../../../x86_64-linux-gnu/crtn.o
COLLECT_GCC_OPTIONS='-v' '-o' 'cmTC_b22b3' '-shared-libgcc' '-mtune=generic' '-march=x86-64'
make[1]: Leaving directory '/root/catkin_ws/newui_Greyform/build/CMakeFiles/CMakeTmp'



Parsed CXX implicit include dir info from above output: rv=done
  found start of include info
  found start of implicit include info
    add: [/usr/include/c++/9]
    add: [/usr/include/x86_64-linux-gnu/c++/9]
    add: [/usr/include/c++/9/backward]
    add: [/usr/lib/gcc/x86_64-linux-gnu/9/include]
    add: [/usr/local/include]
    add: [/usr/include/x86_64-linux-gnu]
    add: [/usr/include]
  end of search list found
  collapse include dir [/usr/include/c++/9] ==> [/usr/include/c++/9]
  collapse include dir [/usr/include/x86_64-linux-gnu/c++/9] ==> [/usr/include/x86_64-linux-gnu/c++/9]
  collapse include dir [/usr/include/c++/9/backward] ==> [/usr/include/c++/9/backward]
  collapse include dir [/usr/lib/gcc/x86_64-linux-gnu/9/include] ==> [/usr/lib/gcc/x86_64-linux-gnu/9/include]
  collapse include dir [/usr/local/include] ==> [/usr/local/include]
  collapse include dir [/usr/include/x86_64-linux-gnu] ==> [/usr/include/x86_64-linux-gnu]
  collapse include dir [/usr/include] ==> [/usr/include]
  implicit include dirs: [/usr/include/c++/9;/usr/include/x86_64-linux-gnu/c++/9;/usr/include/c++/9/backward;/usr/lib/gcc/x86_64-linux-gnu/9/include;/usr/local/include;/usr/include/x86_64-linux-gnu;/usr/include]


Parsed CXX implicit link information from above output:
  link line regex: [^( *|.*[/\])(ld|CMAKE_LINK_STARTFILE-NOTFOUND|([^/\]+-)?ld|collect2)[^/\]*( |$)]
  ignore line: [Change Dir: /root/catkin_ws/newui_Greyform/build/CMakeFiles/CMakeTmp]
  ignore line: []
  ignore line: [Run Build Command(s):/usr/bin/make cmTC_b22b3/fast && /usr/bin/make -f CMakeFiles/cmTC_b22b3.dir/build.make CMakeFiles/cmTC_b22b3.dir/build]
  ignore line: [make[1]: Entering directory '/root/catkin_ws/newui_Greyform/build/CMakeFiles/CMakeTmp']
  ignore line: [Building CXX object CMakeFiles/cmTC_b22b3.dir/CMakeCXXCompilerABI.cpp.o]
  ignore line: [/usr/bin/c++    -v -o CMakeFiles/cmTC_b22b3.dir/CMakeCXXCompilerABI.cpp.o -c /usr/share/cmake-3.16/Modules/CMakeCXXCompilerABI.cpp]
  ignore line: [Using built-in specs.]
  ignore line: [COLLECT_GCC=/usr/bin/c++]
  ignore line: [OFFLOAD_TARGET_NAMES=nvptx-none:hsa]
  ignore line: [OFFLOAD_TARGET_DEFAULT=1]
  ignore line: [Target: x86_64-linux-gnu]
  ignore line: [Configured with: ../src/configure -v --with-pkgversion='Ubuntu 9.4.0-1ubuntu1~20.04.2' --with-bugurl=file:///usr/share/doc/gcc-9/README.Bugs --enable-languages=c ada c++ go brig d fortran objc obj-c++ gm2 --prefix=/usr --with-gcc-major-version-only --program-suffix=-9 --program-prefix=x86_64-linux-gnu- --enable-shared --enable-linker-build-id --libexecdir=/usr/lib --without-included-gettext --enable-threads=posix --libdir=/usr/lib --enable-nls --enable-clocale=gnu --enable-libstdcxx-debug --enable-libstdcxx-time=yes --with-default-libstdcxx-abi=new --enable-gnu-unique-object --disable-vtable-verify --enable-plugin --enable-default-pie --with-system-zlib --with-target-system-zlib=auto --enable-objc-gc=auto --enable-multiarch --disable-werror --with-arch-32=i686 --with-abi=m64 --with-multilib-list=m32 m64 mx32 --enable-multilib --with-tune=generic --enable-offload-targets=nvptx-none=/build/gcc-9-9QDOt0/gcc-9-9.4.0/debian/tmp-nvptx/usr hsa --without-cuda-driver --enable-checking=release --build=x86_64-linux-gnu --host=x86_64-linux-gnu --target=x86_64-linux-gnu]
  ignore line: [Thread model: posix]
  ignore line: [gcc version 9.4.0 (Ubuntu 9.4.0-1ubuntu1~20.04.2) ]
  ignore line: [COLLECT_GCC_OPTIONS='-v' '-o' 'CMakeFiles/cmTC_b22b3.dir/CMakeCXXCompilerABI.cpp.o' '-c' '-shared-libgcc' '-mtune=generic' '-march=x86-64']
  ignore line: [ /usr/lib/gcc/x86_64-linux-gnu/9/cc1plus -quiet -v -imultiarch x86_64-linux-gnu -D_GNU_SOURCE /usr/share/cmake-3.16/Modules/CMakeCXXCompilerABI.cpp -quiet -dumpbase CMakeCXXCompilerABI.cpp -mtune=generic -march=x86-64 -auxbase-strip CMakeFiles/cmTC_b22b3.dir/CMakeCXXCompilerABI.cpp.o -version -fasynchronous-unwind-tables -fstack-protector-strong -Wformat -Wformat-security -fstack-clash-protection -fcf-protection -o /tmp/ccp6csto.s]
  ignore line: [GNU C++14 (Ubuntu 9.4.0-1ubuntu1~20.04.2) version 9.4.0 (x86_64-linux-gnu)]
  ignore line: [	compiled by GNU C version 9.4.0  GMP version 6.2.0  MPFR version 4.0.2  MPC version 1.1.0  isl version isl-0.22.1-GMP]
  ignore line: []
  ignore line: [GGC heuristics: --param ggc-min-expand=100 --param ggc-min-heapsize=131072]
  ignore line: [ignoring duplicate directory "/usr/include/x86_64-linux-gnu/c++/9"]
  ignore line: [ignoring nonexistent directory "/usr/local/include/x86_64-linux-gnu"]
  ignore line: [ignoring nonexistent directory "/usr/lib/gcc/x86_64-linux-gnu/9/include-fixed"]
  ignore line: [ignoring nonexistent directory "/usr/lib/gcc/x86_64-linux-gnu/9/../../../../x86_64-linux-gnu/include"]
  ignore line: [#include "..." search starts here:]
  ignore line: [#include <...> search starts here:]
  ignore line: [ /usr/include/c++/9]
  ignore line: [ /usr/include/x86_64-linux-gnu/c++/9]
  ignore line: [ /usr/include/c++/9/backward]
  ignore line: [ /usr/lib/gcc/x86_64-linux-gnu/9/include]
  ignore line: [ /usr/local/include]
  ignore line: [ /usr/include/x86_64-linux-gnu]
  ignore line: [ /usr/include]
  ignore line: [End of search list.]
  ignore line: [GNU C++14 (Ubuntu 9.4.0-1ubuntu1~20.04.2) version 9.4.0 (x86_64-linux-gnu)]
  ignore line: [	compiled by GNU C version 9.4.0  GMP version 6.2.0  MPFR version 4.0.2  MPC version 1.1.0  isl version isl-0.22.1-GMP]
  ignore line: []
  ignore line: [GGC heuristics: --param ggc-min-expand=100 --param ggc-min-heapsize=131072]
  ignore line: [Compiler executable checksum: 3d1eba838554fa2348dba760e4770469]
  ignore line: [COLLECT_GCC_OPTIONS='-v' '-o' 'CMakeFiles/cmTC_b22b3.dir/CMakeCXXCompilerABI.cpp.o' '-c' '-shared-libgcc' '-mtune=generic' '-march=x86-64']
  ignore line: [ as -v --64 -o CMakeFiles/cmTC_b22b3.dir/CMakeCXXCompilerABI.cpp.o /tmp/ccp6csto.s]
  ignore line: [GNU assembler version 2.34 (x86_64-linux-gnu) using BFD version (GNU Binutils for Ubuntu) 2.34]
  ignore line: [COMPILER_PATH=/usr/lib/gcc/x86_64-linux-gnu/9/:/usr/lib/gcc/x86_64-linux-gnu/9/:/usr/lib/gcc/x86_64-linux-gnu/:/usr/lib/gcc/x86_64-linux-gnu/9/:/usr/lib/gcc/x86_64-linux-gnu/]
  ignore line: [LIBRARY_PATH=/usr/lib/gcc/x86_64-linux-gnu/9/:/usr/lib/gcc/x86_64-linux-gnu/9/../../../x86_64-linux-gnu/:/usr/lib/gcc/x86_64-linux-gnu/9/../../../../lib/:/lib/x86_64-linux-gnu/:/lib/../lib/:/usr/lib/x86_64-linux-gnu/:/usr/lib/../lib/:/usr/lib/gcc/x86_64-linux-gnu/9/../../../:/lib/:/usr/lib/]
  ignore line: [COLLECT_GCC_OPTIONS='-v' '-o' 'CMakeFiles/cmTC_b22b3.dir/CMakeCXXCompilerABI.cpp.o' '-c' '-shared-libgcc' '-mtune=generic' '-march=x86-64']
  ignore line: [Linking CXX executable cmTC_b22b3]
  ignore line: [/usr/bin/cmake -E cmake_link_script CMakeFiles/cmTC_b22b3.dir/link.txt --verbose=1]
  ignore line: [/usr/bin/c++      -v CMakeFiles/cmTC_b22b3.dir/CMakeCXXCompilerABI.cpp.o  -o cmTC_b22b3 ]
  ignore line: [Using built-in specs.]
  ignore line: [COLLECT_GCC=/usr/bin/c++]
  ignore line: [COLLECT_LTO_WRAPPER=/usr/lib/gcc/x86_64-linux-gnu/9/lto-wrapper]
  ignore line: [OFFLOAD_TARGET_NAMES=nvptx-none:hsa]
  ignore line: [OFFLOAD_TARGET_DEFAULT=1]
  ignore line: [Target: x86_64-linux-gnu]
  ignore line: [Configured with: ../src/configure -v --with-pkgversion='Ubuntu 9.4.0-1ubuntu1~20.04.2' --with-bugurl=file:///usr/share/doc/gcc-9/README.Bugs --enable-languages=c ada c++ go brig d fortran objc obj-c++ gm2 --prefix=/usr --with-gcc-major-version-only --program-suffix=-9 --program-prefix=x86_64-linux-gnu- --enable-shared --enable-linker-build-id --libexecdir=/usr/lib --without-included-gettext --enable-threads=posix --libdir=/usr/lib --enable-nls --enable-clocale=gnu --enable-libstdcxx-debug --enable-libstdcxx-time=yes --with-default-libstdcxx-abi=new --enable-gnu-unique-object --disable-vtable-verify --enable-plugin --enable-default-pie --with-system-zlib --with-target-system-zlib=auto --enable-objc-gc=auto --enable-multiarch --disable-werror --with-arch-32=i686 --with-abi=m64 --with-multilib-list=m32 m64 mx32 --enable-multilib --with-tune=generic --enable-offload-targets=nvptx-none=/build/gcc-9-9QDOt0/gcc-9-9.4.0/debian/tmp-nvptx/usr hsa --without-cuda-driver --enable-checking=release --build=x86_64-linux-gnu --host=x86_64-linux-gnu --target=x86_64-linux-gnu]
  ignore line: [Thread model: posix]
  ignore line: [gcc version 9.4.0 (Ubuntu 9.4.0-1ubuntu1~20.04.2) ]
  ignore line: [COMPILER_PATH=/usr/lib/gcc/x86_64-linux-gnu/9/:/usr/lib/gcc/x86_64-linux-gnu/9/:/usr/lib/gcc/x86_64-linux-gnu/:/usr/lib/gcc/x86_64-linux-gnu/9/:/usr/lib/gcc/x86_64-linux-gnu/]
  ignore line: [LIBRARY_PATH=/usr/lib/gcc/x86_64-linux-gnu/9/:/usr/lib/gcc/x86_64-linux-gnu/9/../../../x86_64-linux-gnu/:/usr/lib/gcc/x86_64-linux-gnu/9/../../../../lib/:/lib/x86_64-linux-gnu/:/lib/../lib/:/usr/lib/x86_64-linux-gnu/:/usr/lib/../lib/:/usr/lib/gcc/x86_64-linux-gnu/9/../../../:/lib/:/usr/lib/]
  ignore line: [COLLECT_GCC_OPTIONS='-v' '-o' 'cmTC_b22b3' '-shared-libgcc' '-mtune=generic' '-march=x86-64']
  link line: [ /usr/lib/gcc/x86_64-linux-gnu/9/collect2 -plugin /usr/lib/gcc/x86_64-linux-gnu/9/liblto_plugin.so -plugin-opt=/usr/lib/gcc/x86_64-linux-gnu/9/lto-wrapper -plugin-opt=-fresolution=/tmp/cc4m64HJ.res -plugin-opt=-pass-through=-lgcc_s -plugin-opt=-pass-through=-lgcc -plugin-opt=-pass-through=-lc -plugin-opt=-pass-through=-lgcc_s -plugin-opt=-pass-through=-lgcc --build-id --eh-frame-hdr -m elf_x86_64 --hash-style=gnu --as-needed -dynamic-linker /lib64/ld-linux-x86-64.so.2 -pie -z now -z relro -o cmTC_b22b3 /usr/lib/gcc/x86_64-linux-gnu/9/../../../x86_64-linux-gnu/Scrt1.o /usr/lib/gcc/x86_64-linux-gnu/9/../../../x86_64-linux-gnu/crti.o /usr/lib/gcc/x86_64-linux-gnu/9/crtbeginS.o -L/usr/lib/gcc/x86_64-linux-gnu/9 -L/usr/lib/gcc/x86_64-linux-gnu/9/../../../x86_64-linux-gnu -L/usr/lib/gcc/x86_64-linux-gnu/9/../../../../lib -L/lib/x86_64-linux-gnu -L/lib/../lib -L/usr/lib/x86_64-linux-gnu -L/usr/lib/../lib -L/usr/lib/gcc/x86_64-linux-gnu/9/../../.. CMakeFiles/cmTC_b22b3.dir/CMakeCXXCompilerABI.cpp.o -lstdc++ -lm -lgcc_s -lgcc -lc -lgcc_s -lgcc /usr/lib/gcc/x86_64-linux-gnu/9/crtendS.o /usr/lib/gcc/x86_64-linux-gnu/9/../../../x86_64-linux-gnu/crtn.o]
    arg [/usr/lib/gcc/x86_64-linux-gnu/9/collect2] ==> ignore
    arg [-plugin] ==> ignore
    arg [/usr/lib/gcc/x86_64-linux-gnu/9/liblto_plugin.so] ==> ignore
    arg [-plugin-opt=/usr/lib/gcc/x86_64-linux-gnu/9/lto-wrapper] ==> ignore
    arg [-plugin-opt=-fresolution=/tmp/cc4m64HJ.res] ==> ignore
    arg [-plugin-opt=-pass-through=-lgcc_s] ==> ignore
    arg [-plugin-opt=-pass-through=-lgcc] ==> ignore
    arg [-plugin-opt=-pass-through=-lc] ==> ignore
    arg [-plugin-opt=-pass-through=-lgcc_s] ==> ignore
    arg [-plugin-opt=-pass-through=-lgcc] ==> ignore
    arg [--build-id] ==> ignore
    arg [--eh-frame-hdr] ==> ignore
    arg [-m] ==> ignore
    arg [elf_x86_64] ==> ignore
    arg [--hash-style=gnu] ==> ignore
    arg [--as-needed] ==> ignore
    arg [-dynamic-linker] ==> ignore
    arg [/lib64/ld-linux-x86-64.so.2] ==> ignore
    arg [-pie] ==> ignore
    arg [-znow] ==> ignore
    arg [-zrelro] ==> ignore
    arg [-o] ==> ignore
    arg [cmTC_b22b3] ==> ignore
    arg [/usr/lib/gcc/x86_64-linux-gnu/9/../../../x86_64-linux-gnu/Scrt1.o] ==> ignore
    arg [/usr/lib/gcc/x86_64-linux-gnu/9/../../../x86_64-linux-gnu/crti.o] ==> ignore
    arg [/usr/lib/gcc/x86_64-linux-gnu/9/crtbeginS.o] ==> ignore
    arg [-L/usr/lib/gcc/x86_64-linux-gnu/9] ==> dir [/usr/lib/gcc/x86_64-linux-gnu/9]
    arg [-L/usr/lib/gcc/x86_64-linux-gnu/9/../../../x86_64-linux-gnu] ==> dir [/usr/lib/gcc/x86_64-linux-gnu/9/../../../x86_64-linux-gnu]
    arg [-L/usr/lib/gcc/x86_64-linux-gnu/9/../../../../lib] ==> dir [/usr/lib/gcc/x86_64-linux-gnu/9/../../../../lib]
    arg [-L/lib/x86_64-linux-gnu] ==> dir [/lib/x86_64-linux-gnu]
    arg [-L/lib/../lib] ==> dir [/lib/../lib]
    arg [-L/usr/lib/x86_64-linux-gnu] ==> dir [/usr/lib/x86_64-linux-gnu]
    arg [-L/usr/lib/../lib] ==> dir [/usr/lib/../lib]
    arg [-L/usr/lib/gcc/x86_64-linux-gnu/9/../../..] ==> dir [/usr/lib/gcc/x86_64-linux-gnu/9/../../..]
    arg [CMakeFiles/cmTC_b22b3.dir/CMakeCXXCompilerABI.cpp.o] ==> ignore
    arg [-lstdc++] ==> lib [stdc++]
    arg [-lm] ==> lib [m]
    arg [-lgcc_s] ==> lib [gcc_s]
    arg [-lgcc] ==> lib [gcc]
    arg [-lc] ==> lib [c]
    arg [-lgcc_s] ==> lib [gcc_s]
    arg [-lgcc] ==> lib [gcc]
    arg [/usr/lib/gcc/x86_64-linux-gnu/9/crtendS.o] ==> ignore
    arg [/usr/lib/gcc/x86_64-linux-gnu/9/../../../x86_64-linux-gnu/crtn.o] ==> ignore
  collapse library dir [/usr/lib/gcc/x86_64-linux-gnu/9] ==> [/usr/lib/gcc/x86_64-linux-gnu/9]
  collapse library dir [/usr/lib/gcc/x86_64-linux-gnu/9/../../../x86_64-linux-gnu] ==> [/usr/lib/x86_64-linux-gnu]
  collapse library dir [/usr/lib/gcc/x86_64-linux-gnu/9/../../../../lib] ==> [/usr/lib]
  collapse library dir [/lib/x86_64-linux-gnu] ==> [/lib/x86_64-linux-gnu]
  collapse library dir [/lib/../lib] ==> [/lib]
  collapse library dir [/usr/lib/x86_64-linux-gnu] ==> [/usr/lib/x86_64-linux-gnu]
  collapse library dir [/usr/lib/../lib] ==> [/usr/lib]
  collapse library dir [/usr/lib/gcc/x86_64-linux-gnu/9/../../..] ==> [/usr/lib]
  implicit libs: [stdc++;m;gcc_s;gcc;c;gcc_s;gcc]
  implicit dirs: [/usr/lib/gcc/x86_64-linux-gnu/9;/usr/lib/x86_64-linux-gnu;/usr/lib;/lib/x86_64-linux-gnu;/lib]
  implicit fwks: []


Determining if the include file pthread.h exists passed with the following output:
Change Dir: /root/catkin_ws/newui_Greyform/build/CMakeFiles/CMakeTmp

Run Build Command(s):/usr/bin/make cmTC_c850a/fast && /usr/bin/make -f CMakeFiles/cmTC_c850a.dir/build.make CMakeFiles/cmTC_c850a.dir/build
make[1]: Entering directory '/root/catkin_ws/newui_Greyform/build/CMakeFiles/CMakeTmp'
Building C object CMakeFiles/cmTC_c850a.dir/CheckIncludeFile.c.o
/usr/bin/cc    -o CMakeFiles/cmTC_c850a.dir/CheckIncludeFile.c.o   -c /root/catkin_ws/newui_Greyform/build/CMakeFiles/CMakeTmp/CheckIncludeFile.c
Linking C executable cmTC_c850a
/usr/bin/cmake -E cmake_link_script CMakeFiles/cmTC_c850a.dir/link.txt --verbose=1
/usr/bin/cc      CMakeFiles/cmTC_c850a.dir/CheckIncludeFile.c.o  -o cmTC_c850a 
make[1]: Leaving directory '/root/catkin_ws/newui_Greyform/build/CMakeFiles/CMakeTmp'



Determining if the function pthread_create exists in the pthread passed with the following output:
Change Dir: /root/catkin_ws/newui_Greyform/build/CMakeFiles/CMakeTmp

Run Build Command(s):/usr/bin/make cmTC_f0cb0/fast && /usr/bin/make -f CMakeFiles/cmTC_f0cb0.dir/build.make CMakeFiles/cmTC_f0cb0.dir/build
make[1]: Entering directory '/root/catkin_ws/newui_Greyform/build/CMakeFiles/CMakeTmp'
Building C object CMakeFiles/cmTC_f0cb0.dir/CheckFunctionExists.c.o
/usr/bin/cc   -DCHECK_FUNCTION_EXISTS=pthread_create   -o CMakeFiles/cmTC_f0cb0.dir/CheckFunctionExists.c.o   -c /usr/share/cmake-3.16/Modules/CheckFunctionExists.c
Linking C executable cmTC_f0cb0
/usr/bin/cmake -E cmake_link_script CMakeFiles/cmTC_f0cb0.dir/link.txt --verbose=1
/usr/bin/cc  -DCHECK_FUNCTION_EXISTS=pthread_create    CMakeFiles/cmTC_f0cb0.dir/CheckFunctionExists.c.o  -o cmTC_f0cb0  -lpthread 
make[1]: Leaving directory '/root/catkin_ws/newui_Greyform/build/CMakeFiles/CMakeTmp'



The system is: Linux - 6.8.0-47-generic - x86_64
Compiling the C compiler identification source file "CMakeCCompilerId.c" succeeded.
Compiler: /usr/bin/cc 
Build flags: 
Id flags:  

The output was:
0


Compilation of the C compiler identification source "CMakeCCompilerId.c" produced "a.out"

The C compiler identification is GNU, found in "/root/catkin_ws/newui_Greyform/build/CMakeFiles/3.16.3/CompilerIdC/a.out"

Compiling the CXX compiler identification source file "CMakeCXXCompilerId.cpp" succeeded.
Compiler: /usr/bin/c++ 
Build flags: 
Id flags:  

The output was:
0


Compilation of the CXX compiler identification source "CMakeCXXCompilerId.cpp" produced "a.out"

The CXX compiler identification is GNU, found in "/root/catkin_ws/newui_Greyform/build/CMakeFiles/3.16.3/CompilerIdCXX/a.out"

Determining if the C compiler works passed with the following output:
Change Dir: /root/catkin_ws/newui_Greyform/build/CMakeFiles/CMakeTmp

Run Build Command(s):/usr/bin/make cmTC_0e7c2/fast && make[1]: Entering directory '/root/catkin_ws/newui_Greyform/build/CMakeFiles/CMakeTmp'
/usr/bin/make -f CMakeFiles/cmTC_0e7c2.dir/build.make CMakeFiles/cmTC_0e7c2.dir/build
make[2]: Entering directory '/root/catkin_ws/newui_Greyform/build/CMakeFiles/CMakeTmp'
Building C object CMakeFiles/cmTC_0e7c2.dir/testCCompiler.c.o
/usr/bin/cc    -o CMakeFiles/cmTC_0e7c2.dir/testCCompiler.c.o   -c /root/catkin_ws/newui_Greyform/build/CMakeFiles/CMakeTmp/testCCompiler.c
Linking C executable cmTC_0e7c2
/usr/bin/cmake -E cmake_link_script CMakeFiles/cmTC_0e7c2.dir/link.txt --verbose=1
/usr/bin/cc      CMakeFiles/cmTC_0e7c2.dir/testCCompiler.c.o  -o cmTC_0e7c2 
make[2]: Leaving directory '/root/catkin_ws/newui_Greyform/build/CMakeFiles/CMakeTmp'
make[1]: Leaving directory '/root/catkin_ws/newui_Greyform/build/CMakeFiles/CMakeTmp'



Detecting C compiler ABI info compiled with the following output:
Change Dir: /root/catkin_ws/newui_Greyform/build/CMakeFiles/CMakeTmp

Run Build Command(s):/usr/bin/make cmTC_fbd0f/fast && make[1]: Entering directory '/root/catkin_ws/newui_Greyform/build/CMakeFiles/CMakeTmp'
/usr/bin/make -f CMakeFiles/cmTC_fbd0f.dir/build.make CMakeFiles/cmTC_fbd0f.dir/build
make[2]: Entering directory '/root/catkin_ws/newui_Greyform/build/CMakeFiles/CMakeTmp'
Building C object CMakeFiles/cmTC_fbd0f.dir/CMakeCCompilerABI.c.o
/usr/bin/cc   -v -o CMakeFiles/cmTC_fbd0f.dir/CMakeCCompilerABI.c.o   -c /usr/share/cmake-3.16/Modules/CMakeCCompilerABI.c
Using built-in specs.
COLLECT_GCC=/usr/bin/cc
OFFLOAD_TARGET_NAMES=nvptx-none:hsa
OFFLOAD_TARGET_DEFAULT=1
Target: x86_64-linux-gnu
Configured with: ../src/configure -v --with-pkgversion='Ubuntu 9.4.0-1ubuntu1~20.04.2' --with-bugurl=file:///usr/share/doc/gcc-9/README.Bugs --enable-languages=c,ada,c++,go,brig,d,fortran,objc,obj-c++,gm2 --prefix=/usr --with-gcc-major-version-only --program-suffix=-9 --program-prefix=x86_64-linux-gnu- --enable-shared --enable-linker-build-id --libexecdir=/usr/lib --without-included-gettext --enable-threads=posix --libdir=/usr/lib --enable-nls --enable-clocale=gnu --enable-libstdcxx-debug --enable-libstdcxx-time=yes --with-default-libstdcxx-abi=new --enable-gnu-unique-object --disable-vtable-verify --enable-plugin --enable-default-pie --with-system-zlib --with-target-system-zlib=auto --enable-objc-gc=auto --enable-multiarch --disable-werror --with-arch-32=i686 --with-abi=m64 --with-multilib-list=m32,m64,mx32 --enable-multilib --with-tune=generic --enable-offload-targets=nvptx-none=/build/gcc-9-9QDOt0/gcc-9-9.4.0/debian/tmp-nvptx/usr,hsa --without-cuda-driver --enable-checking=release --build=x86_64-linux-gnu --host=x86_64-linux-gnu --target=x86_64-linux-gnu
Thread model: posix
gcc version 9.4.0 (Ubuntu 9.4.0-1ubuntu1~20.04.2) 
COLLECT_GCC_OPTIONS='-v' '-o' 'CMakeFiles/cmTC_fbd0f.dir/CMakeCCompilerABI.c.o' '-c' '-mtune=generic' '-march=x86-64'
 /usr/lib/gcc/x86_64-linux-gnu/9/cc1 -quiet -v -imultiarch x86_64-linux-gnu /usr/share/cmake-3.16/Modules/CMakeCCompilerABI.c -quiet -dumpbase CMakeCCompilerABI.c -mtune=generic -march=x86-64 -auxbase-strip CMakeFiles/cmTC_fbd0f.dir/CMakeCCompilerABI.c.o -version -fasynchronous-unwind-tables -fstack-protector-strong -Wformat -Wformat-security -fstack-clash-protection -fcf-protection -o /tmp/cc0IjrHZ.s
GNU C17 (Ubuntu 9.4.0-1ubuntu1~20.04.2) version 9.4.0 (x86_64-linux-gnu)
	compiled by GNU C version 9.4.0, GMP version 6.2.0, MPFR version 4.0.2, MPC version 1.1.0, isl version isl-0.22.1-GMP

GGC heuristics: --param ggc-min-expand=100 --param ggc-min-heapsize=131072
ignoring nonexistent directory "/usr/local/include/x86_64-linux-gnu"
ignoring nonexistent directory "/usr/lib/gcc/x86_64-linux-gnu/9/include-fixed"
ignoring nonexistent directory "/usr/lib/gcc/x86_64-linux-gnu/9/../../../../x86_64-linux-gnu/include"
#include "..." search starts here:
#include <...> search starts here:
 /usr/lib/gcc/x86_64-linux-gnu/9/include
 /usr/local/include
 /usr/include/x86_64-linux-gnu
 /usr/include
End of search list.
GNU C17 (Ubuntu 9.4.0-1ubuntu1~20.04.2) version 9.4.0 (x86_64-linux-gnu)
	compiled by GNU C version 9.4.0, GMP version 6.2.0, MPFR version 4.0.2, MPC version 1.1.0, isl version isl-0.22.1-GMP

GGC heuristics: --param ggc-min-expand=100 --param ggc-min-heapsize=131072
Compiler executable checksum: 01da938ff5dc2163489aa33cb3b747a7
COLLECT_GCC_OPTIONS='-v' '-o' 'CMakeFiles/cmTC_fbd0f.dir/CMakeCCompilerABI.c.o' '-c' '-mtune=generic' '-march=x86-64'
 as -v --64 -o CMakeFiles/cmTC_fbd0f.dir/CMakeCCompilerABI.c.o /tmp/cc0IjrHZ.s
GNU assembler version 2.34 (x86_64-linux-gnu) using BFD version (GNU Binutils for Ubuntu) 2.34
COMPILER_PATH=/usr/lib/gcc/x86_64-linux-gnu/9/:/usr/lib/gcc/x86_64-linux-gnu/9/:/usr/lib/gcc/x86_64-linux-gnu/:/usr/lib/gcc/x86_64-linux-gnu/9/:/usr/lib/gcc/x86_64-linux-gnu/
LIBRARY_PATH=/usr/lib/gcc/x86_64-linux-gnu/9/:/usr/lib/gcc/x86_64-linux-gnu/9/../../../x86_64-linux-gnu/:/usr/lib/gcc/x86_64-linux-gnu/9/../../../../lib/:/lib/x86_64-linux-gnu/:/lib/../lib/:/usr/lib/x86_64-linux-gnu/:/usr/lib/../lib/:/usr/lib/gcc/x86_64-linux-gnu/9/../../../:/lib/:/usr/lib/
COLLECT_GCC_OPTIONS='-v' '-o' 'CMakeFiles/cmTC_fbd0f.dir/CMakeCCompilerABI.c.o' '-c' '-mtune=generic' '-march=x86-64'
Linking C executable cmTC_fbd0f
/usr/bin/cmake -E cmake_link_script CMakeFiles/cmTC_fbd0f.dir/link.txt --verbose=1
/usr/bin/cc     -v CMakeFiles/cmTC_fbd0f.dir/CMakeCCompilerABI.c.o  -o cmTC_fbd0f 
Using built-in specs.
COLLECT_GCC=/usr/bin/cc
COLLECT_LTO_WRAPPER=/usr/lib/gcc/x86_64-linux-gnu/9/lto-wrapper
OFFLOAD_TARGET_NAMES=nvptx-none:hsa
OFFLOAD_TARGET_DEFAULT=1
Target: x86_64-linux-gnu
Configured with: ../src/configure -v --with-pkgversion='Ubuntu 9.4.0-1ubuntu1~20.04.2' --with-bugurl=file:///usr/share/doc/gcc-9/README.Bugs --enable-languages=c,ada,c++,go,brig,d,fortran,objc,obj-c++,gm2 --prefix=/usr --with-gcc-major-version-only --program-suffix=-9 --program-prefix=x86_64-linux-gnu- --enable-shared --enable-linker-build-id --libexecdir=/usr/lib --without-included-gettext --enable-threads=posix --libdir=/usr/lib --enable-nls --enable-clocale=gnu --enable-libstdcxx-debug --enable-libstdcxx-time=yes --with-default-libstdcxx-abi=new --enable-gnu-unique-object --disable-vtable-verify --enable-plugin --enable-default-pie --with-system-zlib --with-target-system-zlib=auto --enable-objc-gc=auto --enable-multiarch --disable-werror --with-arch-32=i686 --with-abi=m64 --with-multilib-list=m32,m64,mx32 --enable-multilib --with-tune=generic --enable-offload-targets=nvptx-none=/build/gcc-9-9QDOt0/gcc-9-9.4.0/debian/tmp-nvptx/usr,hsa --without-cuda-driver --enable-checking=release --build=x86_64-linux-gnu --host=x86_64-linux-gnu --target=x86_64-linux-gnu
Thread model: posix
gcc version 9.4.0 (Ubuntu 9.4.0-1ubuntu1~20.04.2) 
COMPILER_PATH=/usr/lib/gcc/x86_64-linux-gnu/9/:/usr/lib/gcc/x86_64-linux-gnu/9/:/usr/lib/gcc/x86_64-linux-gnu/:/usr/lib/gcc/x86_64-linux-gnu/9/:/usr/lib/gcc/x86_64-linux-gnu/
LIBRARY_PATH=/usr/lib/gcc/x86_64-linux-gnu/9/:/usr/lib/gcc/x86_64-linux-gnu/9/../../../x86_64-linux-gnu/:/usr/lib/gcc/x86_64-linux-gnu/9/../../../../lib/:/lib/x86_64-linux-gnu/:/lib/../lib/:/usr/lib/x86_64-linux-gnu/:/usr/lib/../lib/:/usr/lib/gcc/x86_64-linux-gnu/9/../../../:/lib/:/usr/lib/
COLLECT_GCC_OPTIONS='-v' '-o' 'cmTC_fbd0f' '-mtune=generic' '-march=x86-64'
 /usr/lib/gcc/x86_64-linux-gnu/9/collect2 -plugin /usr/lib/gcc/x86_64-linux-gnu/9/liblto_plugin.so -plugin-opt=/usr/lib/gcc/x86_64-linux-gnu/9/lto-wrapper -plugin-opt=-fresolution=/tmp/ccSH6mtS.res -plugin-opt=-pass-through=-lgcc -plugin-opt=-pass-through=-lgcc_s -plugin-opt=-pass-through=-lc -plugin-opt=-pass-through=-lgcc -plugin-opt=-pass-through=-lgcc_s --build-id --eh-frame-hdr -m elf_x86_64 --hash-style=gnu --as-needed -dynamic-linker /lib64/ld-linux-x86-64.so.2 -pie -z now -z relro -o cmTC_fbd0f /usr/lib/gcc/x86_64-linux-gnu/9/../../../x86_64-linux-gnu/Scrt1.o /usr/lib/gcc/x86_64-linux-gnu/9/../../../x86_64-linux-gnu/crti.o /usr/lib/gcc/x86_64-linux-gnu/9/crtbeginS.o -L/usr/lib/gcc/x86_64-linux-gnu/9 -L/usr/lib/gcc/x86_64-linux-gnu/9/../../../x86_64-linux-gnu -L/usr/lib/gcc/x86_64-linux-gnu/9/../../../../lib -L/lib/x86_64-linux-gnu -L/lib/../lib -L/usr/lib/x86_64-linux-gnu -L/usr/lib/../lib -L/usr/lib/gcc/x86_64-linux-gnu/9/../../.. CMakeFiles/cmTC_fbd0f.dir/CMakeCCompilerABI.c.o -lgcc --push-state --as-needed -lgcc_s --pop-state -lc -lgcc --push-state --as-needed -lgcc_s --pop-state /usr/lib/gcc/x86_64-linux-gnu/9/crtendS.o /usr/lib/gcc/x86_64-linux-gnu/9/../../../x86_64-linux-gnu/crtn.o
COLLECT_GCC_OPTIONS='-v' '-o' 'cmTC_fbd0f' '-mtune=generic' '-march=x86-64'
make[2]: Leaving directory '/root/catkin_ws/newui_Greyform/build/CMakeFiles/CMakeTmp'
make[1]: Leaving directory '/root/catkin_ws/newui_Greyform/build/CMakeFiles/CMakeTmp'



Parsed C implicit include dir info from above output: rv=done
  found start of include info
  found start of implicit include info
    add: [/usr/lib/gcc/x86_64-linux-gnu/9/include]
    add: [/usr/local/include]
    add: [/usr/include/x86_64-linux-gnu]
    add: [/usr/include]
  end of search list found
  collapse include dir [/usr/lib/gcc/x86_64-linux-gnu/9/include] ==> [/usr/lib/gcc/x86_64-linux-gnu/9/include]
  collapse include dir [/usr/local/include] ==> [/usr/local/include]
  collapse include dir [/usr/include/x86_64-linux-gnu] ==> [/usr/include/x86_64-linux-gnu]
  collapse include dir [/usr/include] ==> [/usr/include]
  implicit include dirs: [/usr/lib/gcc/x86_64-linux-gnu/9/include;/usr/local/include;/usr/include/x86_64-linux-gnu;/usr/include]


Parsed C implicit link information from above output:
  link line regex: [^( *|.*[/\])(ld|CMAKE_LINK_STARTFILE-NOTFOUND|([^/\]+-)?ld|collect2)[^/\]*( |$)]
  ignore line: [Change Dir: /root/catkin_ws/newui_Greyform/build/CMakeFiles/CMakeTmp]
  ignore line: []
  ignore line: [Run Build Command(s):/usr/bin/make cmTC_fbd0f/fast && make[1]: Entering directory '/root/catkin_ws/newui_Greyform/build/CMakeFiles/CMakeTmp']
  ignore line: [/usr/bin/make -f CMakeFiles/cmTC_fbd0f.dir/build.make CMakeFiles/cmTC_fbd0f.dir/build]
  ignore line: [make[2]: Entering directory '/root/catkin_ws/newui_Greyform/build/CMakeFiles/CMakeTmp']
  ignore line: [Building C object CMakeFiles/cmTC_fbd0f.dir/CMakeCCompilerABI.c.o]
  ignore line: [/usr/bin/cc   -v -o CMakeFiles/cmTC_fbd0f.dir/CMakeCCompilerABI.c.o   -c /usr/share/cmake-3.16/Modules/CMakeCCompilerABI.c]
  ignore line: [Using built-in specs.]
  ignore line: [COLLECT_GCC=/usr/bin/cc]
  ignore line: [OFFLOAD_TARGET_NAMES=nvptx-none:hsa]
  ignore line: [OFFLOAD_TARGET_DEFAULT=1]
  ignore line: [Target: x86_64-linux-gnu]
  ignore line: [Configured with: ../src/configure -v --with-pkgversion='Ubuntu 9.4.0-1ubuntu1~20.04.2' --with-bugurl=file:///usr/share/doc/gcc-9/README.Bugs --enable-languages=c ada c++ go brig d fortran objc obj-c++ gm2 --prefix=/usr --with-gcc-major-version-only --program-suffix=-9 --program-prefix=x86_64-linux-gnu- --enable-shared --enable-linker-build-id --libexecdir=/usr/lib --without-included-gettext --enable-threads=posix --libdir=/usr/lib --enable-nls --enable-clocale=gnu --enable-libstdcxx-debug --enable-libstdcxx-time=yes --with-default-libstdcxx-abi=new --enable-gnu-unique-object --disable-vtable-verify --enable-plugin --enable-default-pie --with-system-zlib --with-target-system-zlib=auto --enable-objc-gc=auto --enable-multiarch --disable-werror --with-arch-32=i686 --with-abi=m64 --with-multilib-list=m32 m64 mx32 --enable-multilib --with-tune=generic --enable-offload-targets=nvptx-none=/build/gcc-9-9QDOt0/gcc-9-9.4.0/debian/tmp-nvptx/usr hsa --without-cuda-driver --enable-checking=release --build=x86_64-linux-gnu --host=x86_64-linux-gnu --target=x86_64-linux-gnu]
  ignore line: [Thread model: posix]
  ignore line: [gcc version 9.4.0 (Ubuntu 9.4.0-1ubuntu1~20.04.2) ]
  ignore line: [COLLECT_GCC_OPTIONS='-v' '-o' 'CMakeFiles/cmTC_fbd0f.dir/CMakeCCompilerABI.c.o' '-c' '-mtune=generic' '-march=x86-64']
  ignore line: [ /usr/lib/gcc/x86_64-linux-gnu/9/cc1 -quiet -v -imultiarch x86_64-linux-gnu /usr/share/cmake-3.16/Modules/CMakeCCompilerABI.c -quiet -dumpbase CMakeCCompilerABI.c -mtune=generic -march=x86-64 -auxbase-strip CMakeFiles/cmTC_fbd0f.dir/CMakeCCompilerABI.c.o -version -fasynchronous-unwind-tables -fstack-protector-strong -Wformat -Wformat-security -fstack-clash-protection -fcf-protection -o /tmp/cc0IjrHZ.s]
  ignore line: [GNU C17 (Ubuntu 9.4.0-1ubuntu1~20.04.2) version 9.4.0 (x86_64-linux-gnu)]
  ignore line: [	compiled by GNU C version 9.4.0  GMP version 6.2.0  MPFR version 4.0.2  MPC version 1.1.0  isl version isl-0.22.1-GMP]
  ignore line: []
  ignore line: [GGC heuristics: --param ggc-min-expand=100 --param ggc-min-heapsize=131072]
  ignore line: [ignoring nonexistent directory "/usr/local/include/x86_64-linux-gnu"]
  ignore line: [ignoring nonexistent directory "/usr/lib/gcc/x86_64-linux-gnu/9/include-fixed"]
  ignore line: [ignoring nonexistent directory "/usr/lib/gcc/x86_64-linux-gnu/9/../../../../x86_64-linux-gnu/include"]
  ignore line: [#include "..." search starts here:]
  ignore line: [#include <...> search starts here:]
  ignore line: [ /usr/lib/gcc/x86_64-linux-gnu/9/include]
  ignore line: [ /usr/local/include]
  ignore line: [ /usr/include/x86_64-linux-gnu]
  ignore line: [ /usr/include]
  ignore line: [End of search list.]
  ignore line: [GNU C17 (Ubuntu 9.4.0-1ubuntu1~20.04.2) version 9.4.0 (x86_64-linux-gnu)]
  ignore line: [	compiled by GNU C version 9.4.0  GMP version 6.2.0  MPFR version 4.0.2  MPC version 1.1.0  isl version isl-0.22.1-GMP]
  ignore line: []
  ignore line: [GGC heuristics: --param ggc-min-expand=100 --param ggc-min-heapsize=131072]
  ignore line: [Compiler executable checksum: 01da938ff5dc2163489aa33cb3b747a7]
  ignore line: [COLLECT_GCC_OPTIONS='-v' '-o' 'CMakeFiles/cmTC_fbd0f.dir/CMakeCCompilerABI.c.o' '-c' '-mtune=generic' '-march=x86-64']
  ignore line: [ as -v --64 -o CMakeFiles/cmTC_fbd0f.dir/CMakeCCompilerABI.c.o /tmp/cc0IjrHZ.s]
  ignore line: [GNU assembler version 2.34 (x86_64-linux-gnu) using BFD version (GNU Binutils for Ubuntu) 2.34]
  ignore line: [COMPILER_PATH=/usr/lib/gcc/x86_64-linux-gnu/9/:/usr/lib/gcc/x86_64-linux-gnu/9/:/usr/lib/gcc/x86_64-linux-gnu/:/usr/lib/gcc/x86_64-linux-gnu/9/:/usr/lib/gcc/x86_64-linux-gnu/]
  ignore line: [LIBRARY_PATH=/usr/lib/gcc/x86_64-linux-gnu/9/:/usr/lib/gcc/x86_64-linux-gnu/9/../../../x86_64-linux-gnu/:/usr/lib/gcc/x86_64-linux-gnu/9/../../../../lib/:/lib/x86_64-linux-gnu/:/lib/../lib/:/usr/lib/x86_64-linux-gnu/:/usr/lib/../lib/:/usr/lib/gcc/x86_64-linux-gnu/9/../../../:/lib/:/usr/lib/]
  ignore line: [COLLECT_GCC_OPTIONS='-v' '-o' 'CMakeFiles/cmTC_fbd0f.dir/CMakeCCompilerABI.c.o' '-c' '-mtune=generic' '-march=x86-64']
  ignore line: [Linking C executable cmTC_fbd0f]
  ignore line: [/usr/bin/cmake -E cmake_link_script CMakeFiles/cmTC_fbd0f.dir/link.txt --verbose=1]
  ignore line: [/usr/bin/cc     -v CMakeFiles/cmTC_fbd0f.dir/CMakeCCompilerABI.c.o  -o cmTC_fbd0f ]
  ignore line: [Using built-in specs.]
  ignore line: [COLLECT_GCC=/usr/bin/cc]
  ignore line: [COLLECT_LTO_WRAPPER=/usr/lib/gcc/x86_64-linux-gnu/9/lto-wrapper]
  ignore line: [OFFLOAD_TARGET_NAMES=nvptx-none:hsa]
  ignore line: [OFFLOAD_TARGET_DEFAULT=1]
  ignore line: [Target: x86_64-linux-gnu]
  ignore line: [Configured with: ../src/configure -v --with-pkgversion='Ubuntu 9.4.0-1ubuntu1~20.04.2' --with-bugurl=file:///usr/share/doc/gcc-9/README.Bugs --enable-languages=c ada c++ go brig d fortran objc obj-c++ gm2 --prefix=/usr --with-gcc-major-version-only --program-suffix=-9 --program-prefix=x86_64-linux-gnu- --enable-shared --enable-linker-build-id --libexecdir=/usr/lib --without-included-gettext --enable-threads=posix --libdir=/usr/lib --enable-nls --enable-clocale=gnu --enable-libstdcxx-debug --enable-libstdcxx-time=yes --with-default-libstdcxx-abi=new --enable-gnu-unique-object --disable-vtable-verify --enable-plugin --enable-default-pie --with-system-zlib --with-target-system-zlib=auto --enable-objc-gc=auto --enable-multiarch --disable-werror --with-arch-32=i686 --with-abi=m64 --with-multilib-list=m32 m64 mx32 --enable-multilib --with-tune=generic --enable-offload-targets=nvptx-none=/build/gcc-9-9QDOt0/gcc-9-9.4.0/debian/tmp-nvptx/usr hsa --without-cuda-driver --enable-checking=release --build=x86_64-linux-gnu --host=x86_64-linux-gnu --target=x86_64-linux-gnu]
  ignore line: [Thread model: posix]
  ignore line: [gcc version 9.4.0 (Ubuntu 9.4.0-1ubuntu1~20.04.2) ]
  ignore line: [COMPILER_PATH=/usr/lib/gcc/x86_64-linux-gnu/9/:/usr/lib/gcc/x86_64-linux-gnu/9/:/usr/lib/gcc/x86_64-linux-gnu/:/usr/lib/gcc/x86_64-linux-gnu/9/:/usr/lib/gcc/x86_64-linux-gnu/]
  ignore line: [LIBRARY_PATH=/usr/lib/gcc/x86_64-linux-gnu/9/:/usr/lib/gcc/x86_64-linux-gnu/9/../../../x86_64-linux-gnu/:/usr/lib/gcc/x86_64-linux-gnu/9/../../../../lib/:/lib/x86_64-linux-gnu/:/lib/../lib/:/usr/lib/x86_64-linux-gnu/:/usr/lib/../lib/:/usr/lib/gcc/x86_64-linux-gnu/9/../../../:/lib/:/usr/lib/]
  ignore line: [COLLECT_GCC_OPTIONS='-v' '-o' 'cmTC_fbd0f' '-mtune=generic' '-march=x86-64']
  link line: [ /usr/lib/gcc/x86_64-linux-gnu/9/collect2 -plugin /usr/lib/gcc/x86_64-linux-gnu/9/liblto_plugin.so -plugin-opt=/usr/lib/gcc/x86_64-linux-gnu/9/lto-wrapper -plugin-opt=-fresolution=/tmp/ccSH6mtS.res -plugin-opt=-pass-through=-lgcc -plugin-opt=-pass-through=-lgcc_s -plugin-opt=-pass-through=-lc -plugin-opt=-pass-through=-lgcc -plugin-opt=-pass-through=-lgcc_s --build-id --eh-frame-hdr -m elf_x86_64 --hash-style=gnu --as-needed -dynamic-linker /lib64/ld-linux-x86-64.so.2 -pie -z now -z relro -o cmTC_fbd0f /usr/lib/gcc/x86_64-linux-gnu/9/../../../x86_64-linux-gnu/Scrt1.o /usr/lib/gcc/x86_64-linux-gnu/9/../../../x86_64-linux-gnu/crti.o /usr/lib/gcc/x86_64-linux-gnu/9/crtbeginS.o -L/usr/lib/gcc/x86_64-linux-gnu/9 -L/usr/lib/gcc/x86_64-linux-gnu/9/../../../x86_64-linux-gnu -L/usr/lib/gcc/x86_64-linux-gnu/9/../../../../lib -L/lib/x86_64-linux-gnu -L/lib/../lib -L/usr/lib/x86_64-linux-gnu -L/usr/lib/../lib -L/usr/lib/gcc/x86_64-linux-gnu/9/../../.. CMakeFiles/cmTC_fbd0f.dir/CMakeCCompilerABI.c.o -lgcc --push-state --as-needed -lgcc_s --pop-state -lc -lgcc --push-state --as-needed -lgcc_s --pop-state /usr/lib/gcc/x86_64-linux-gnu/9/crtendS.o /usr/lib/gcc/x86_64-linux-gnu/9/../../../x86_64-linux-gnu/crtn.o]
    arg [/usr/lib/gcc/x86_64-linux-gnu/9/collect2] ==> ignore
    arg [-plugin] ==> ignore
    arg [/usr/lib/gcc/x86_64-linux-gnu/9/liblto_plugin.so] ==> ignore
    arg [-plugin-opt=/usr/lib/gcc/x86_64-linux-gnu/9/lto-wrapper] ==> ignore
    arg [-plugin-opt=-fresolution=/tmp/ccSH6mtS.res] ==> ignore
    arg [-plugin-opt=-pass-through=-lgcc] ==> ignore
    arg [-plugin-opt=-pass-through=-lgcc_s] ==> ignore
    arg [-plugin-opt=-pass-through=-lc] ==> ignore
    arg [-plugin-opt=-pass-through=-lgcc] ==> ignore
    arg [-plugin-opt=-pass-through=-lgcc_s] ==> ignore
    arg [--build-id] ==> ignore
    arg [--eh-frame-hdr] ==> ignore
    arg [-m] ==> ignore
    arg [elf_x86_64] ==> ignore
    arg [--hash-style=gnu] ==> ignore
    arg [--as-needed] ==> ignore
    arg [-dynamic-linker] ==> ignore
    arg [/lib64/ld-linux-x86-64.so.2] ==> ignore
    arg [-pie] ==> ignore
    arg [-znow] ==> ignore
    arg [-zrelro] ==> ignore
    arg [-o] ==> ignore
    arg [cmTC_fbd0f] ==> ignore
    arg [/usr/lib/gcc/x86_64-linux-gnu/9/../../../x86_64-linux-gnu/Scrt1.o] ==> ignore
    arg [/usr/lib/gcc/x86_64-linux-gnu/9/../../../x86_64-linux-gnu/crti.o] ==> ignore
    arg [/usr/lib/gcc/x86_64-linux-gnu/9/crtbeginS.o] ==> ignore
    arg [-L/usr/lib/gcc/x86_64-linux-gnu/9] ==> dir [/usr/lib/gcc/x86_64-linux-gnu/9]
    arg [-L/usr/lib/gcc/x86_64-linux-gnu/9/../../../x86_64-linux-gnu] ==> dir [/usr/lib/gcc/x86_64-linux-gnu/9/../../../x86_64-linux-gnu]
    arg [-L/usr/lib/gcc/x86_64-linux-gnu/9/../../../../lib] ==> dir [/usr/lib/gcc/x86_64-linux-gnu/9/../../../../lib]
    arg [-L/lib/x86_64-linux-gnu] ==> dir [/lib/x86_64-linux-gnu]
    arg [-L/lib/../lib] ==> dir [/lib/../lib]
    arg [-L/usr/lib/x86_64-linux-gnu] ==> dir [/usr/lib/x86_64-linux-gnu]
    arg [-L/usr/lib/../lib] ==> dir [/usr/lib/../lib]
    arg [-L/usr/lib/gcc/x86_64-linux-gnu/9/../../..] ==> dir [/usr/lib/gcc/x86_64-linux-gnu/9/../../..]
    arg [CMakeFiles/cmTC_fbd0f.dir/CMakeCCompilerABI.c.o] ==> ignore
    arg [-lgcc] ==> lib [gcc]
    arg [--push-state] ==> ignore
    arg [--as-needed] ==> ignore
    arg [-lgcc_s] ==> lib [gcc_s]
    arg [--pop-state] ==> ignore
    arg [-lc] ==> lib [c]
    arg [-lgcc] ==> lib [gcc]
    arg [--push-state] ==> ignore
    arg [--as-needed] ==> ignore
    arg [-lgcc_s] ==> lib [gcc_s]
    arg [--pop-state] ==> ignore
    arg [/usr/lib/gcc/x86_64-linux-gnu/9/crtendS.o] ==> ignore
    arg [/usr/lib/gcc/x86_64-linux-gnu/9/../../../x86_64-linux-gnu/crtn.o] ==> ignore
  collapse library dir [/usr/lib/gcc/x86_64-linux-gnu/9] ==> [/usr/lib/gcc/x86_64-linux-gnu/9]
  collapse library dir [/usr/lib/gcc/x86_64-linux-gnu/9/../../../x86_64-linux-gnu] ==> [/usr/lib/x86_64-linux-gnu]
  collapse library dir [/usr/lib/gcc/x86_64-linux-gnu/9/../../../../lib] ==> [/usr/lib]
  collapse library dir [/lib/x86_64-linux-gnu] ==> [/lib/x86_64-linux-gnu]
  collapse library dir [/lib/../lib] ==> [/lib]
  collapse library dir [/usr/lib/x86_64-linux-gnu] ==> [/usr/lib/x86_64-linux-gnu]
  collapse library dir [/usr/lib/../lib] ==> [/usr/lib]
  collapse library dir [/usr/lib/gcc/x86_64-linux-gnu/9/../../..] ==> [/usr/lib]
  implicit libs: [gcc;gcc_s;c;gcc;gcc_s]
  implicit dirs: [/usr/lib/gcc/x86_64-linux-gnu/9;/usr/lib/x86_64-linux-gnu;/usr/lib;/lib/x86_64-linux-gnu;/lib]
  implicit fwks: []


Determining if the CXX compiler works passed with the following output:
Change Dir: /root/catkin_ws/newui_Greyform/build/CMakeFiles/CMakeTmp

Run Build Command(s):/usr/bin/make cmTC_c8682/fast && make[1]: Entering directory '/root/catkin_ws/newui_Greyform/build/CMakeFiles/CMakeTmp'
/usr/bin/make -f CMakeFiles/cmTC_c8682.dir/build.make CMakeFiles/cmTC_c8682.dir/build
make[2]: Entering directory '/root/catkin_ws/newui_Greyform/build/CMakeFiles/CMakeTmp'
Building CXX object CMakeFiles/cmTC_c8682.dir/testCXXCompiler.cxx.o
/usr/bin/c++     -o CMakeFiles/cmTC_c8682.dir/testCXXCompiler.cxx.o -c /root/catkin_ws/newui_Greyform/build/CMakeFiles/CMakeTmp/testCXXCompiler.cxx
Linking CXX executable cmTC_c8682
/usr/bin/cmake -E cmake_link_script CMakeFiles/cmTC_c8682.dir/link.txt --verbose=1
/usr/bin/c++       CMakeFiles/cmTC_c8682.dir/testCXXCompiler.cxx.o  -o cmTC_c8682 
make[2]: Leaving directory '/root/catkin_ws/newui_Greyform/build/CMakeFiles/CMakeTmp'
make[1]: Leaving directory '/root/catkin_ws/newui_Greyform/build/CMakeFiles/CMakeTmp'



Detecting CXX compiler ABI info compiled with the following output:
Change Dir: /root/catkin_ws/newui_Greyform/build/CMakeFiles/CMakeTmp

Run Build Command(s):/usr/bin/make cmTC_aaaaf/fast && make[1]: Entering directory '/root/catkin_ws/newui_Greyform/build/CMakeFiles/CMakeTmp'
/usr/bin/make -f CMakeFiles/cmTC_aaaaf.dir/build.make CMakeFiles/cmTC_aaaaf.dir/build
make[2]: Entering directory '/root/catkin_ws/newui_Greyform/build/CMakeFiles/CMakeTmp'
Building CXX object CMakeFiles/cmTC_aaaaf.dir/CMakeCXXCompilerABI.cpp.o
/usr/bin/c++    -v -o CMakeFiles/cmTC_aaaaf.dir/CMakeCXXCompilerABI.cpp.o -c /usr/share/cmake-3.16/Modules/CMakeCXXCompilerABI.cpp
Using built-in specs.
COLLECT_GCC=/usr/bin/c++
OFFLOAD_TARGET_NAMES=nvptx-none:hsa
OFFLOAD_TARGET_DEFAULT=1
Target: x86_64-linux-gnu
Configured with: ../src/configure -v --with-pkgversion='Ubuntu 9.4.0-1ubuntu1~20.04.2' --with-bugurl=file:///usr/share/doc/gcc-9/README.Bugs --enable-languages=c,ada,c++,go,brig,d,fortran,objc,obj-c++,gm2 --prefix=/usr --with-gcc-major-version-only --program-suffix=-9 --program-prefix=x86_64-linux-gnu- --enable-shared --enable-linker-build-id --libexecdir=/usr/lib --without-included-gettext --enable-threads=posix --libdir=/usr/lib --enable-nls --enable-clocale=gnu --enable-libstdcxx-debug --enable-libstdcxx-time=yes --with-default-libstdcxx-abi=new --enable-gnu-unique-object --disable-vtable-verify --enable-plugin --enable-default-pie --with-system-zlib --with-target-system-zlib=auto --enable-objc-gc=auto --enable-multiarch --disable-werror --with-arch-32=i686 --with-abi=m64 --with-multilib-list=m32,m64,mx32 --enable-multilib --with-tune=generic --enable-offload-targets=nvptx-none=/build/gcc-9-9QDOt0/gcc-9-9.4.0/debian/tmp-nvptx/usr,hsa --without-cuda-driver --enable-checking=release --build=x86_64-linux-gnu --host=x86_64-linux-gnu --target=x86_64-linux-gnu
Thread model: posix
gcc version 9.4.0 (Ubuntu 9.4.0-1ubuntu1~20.04.2) 
COLLECT_GCC_OPTIONS='-v' '-o' 'CMakeFiles/cmTC_aaaaf.dir/CMakeCXXCompilerABI.cpp.o' '-c' '-shared-libgcc' '-mtune=generic' '-march=x86-64'
 /usr/lib/gcc/x86_64-linux-gnu/9/cc1plus -quiet -v -imultiarch x86_64-linux-gnu -D_GNU_SOURCE /usr/share/cmake-3.16/Modules/CMakeCXXCompilerABI.cpp -quiet -dumpbase CMakeCXXCompilerABI.cpp -mtune=generic -march=x86-64 -auxbase-strip CMakeFiles/cmTC_aaaaf.dir/CMakeCXXCompilerABI.cpp.o -version -fasynchronous-unwind-tables -fstack-protector-strong -Wformat -Wformat-security -fstack-clash-protection -fcf-protection -o /tmp/ccYilxrP.s
GNU C++14 (Ubuntu 9.4.0-1ubuntu1~20.04.2) version 9.4.0 (x86_64-linux-gnu)
	compiled by GNU C version 9.4.0, GMP version 6.2.0, MPFR version 4.0.2, MPC version 1.1.0, isl version isl-0.22.1-GMP

GGC heuristics: --param ggc-min-expand=100 --param ggc-min-heapsize=131072
ignoring duplicate directory "/usr/include/x86_64-linux-gnu/c++/9"
ignoring nonexistent directory "/usr/local/include/x86_64-linux-gnu"
ignoring nonexistent directory "/usr/lib/gcc/x86_64-linux-gnu/9/include-fixed"
ignoring nonexistent directory "/usr/lib/gcc/x86_64-linux-gnu/9/../../../../x86_64-linux-gnu/include"
#include "..." search starts here:
#include <...> search starts here:
 /usr/include/c++/9
 /usr/include/x86_64-linux-gnu/c++/9
 /usr/include/c++/9/backward
 /usr/lib/gcc/x86_64-linux-gnu/9/include
 /usr/local/include
 /usr/include/x86_64-linux-gnu
 /usr/include
End of search list.
GNU C++14 (Ubuntu 9.4.0-1ubuntu1~20.04.2) version 9.4.0 (x86_64-linux-gnu)
	compiled by GNU C version 9.4.0, GMP version 6.2.0, MPFR version 4.0.2, MPC version 1.1.0, isl version isl-0.22.1-GMP

GGC heuristics: --param ggc-min-expand=100 --param ggc-min-heapsize=131072
Compiler executable checksum: 3d1eba838554fa2348dba760e4770469
COLLECT_GCC_OPTIONS='-v' '-o' 'CMakeFiles/cmTC_aaaaf.dir/CMakeCXXCompilerABI.cpp.o' '-c' '-shared-libgcc' '-mtune=generic' '-march=x86-64'
 as -v --64 -o CMakeFiles/cmTC_aaaaf.dir/CMakeCXXCompilerABI.cpp.o /tmp/ccYilxrP.s
GNU assembler version 2.34 (x86_64-linux-gnu) using BFD version (GNU Binutils for Ubuntu) 2.34
COMPILER_PATH=/usr/lib/gcc/x86_64-linux-gnu/9/:/usr/lib/gcc/x86_64-linux-gnu/9/:/usr/lib/gcc/x86_64-linux-gnu/:/usr/lib/gcc/x86_64-linux-gnu/9/:/usr/lib/gcc/x86_64-linux-gnu/
LIBRARY_PATH=/usr/lib/gcc/x86_64-linux-gnu/9/:/usr/lib/gcc/x86_64-linux-gnu/9/../../../x86_64-linux-gnu/:/usr/lib/gcc/x86_64-linux-gnu/9/../../../../lib/:/lib/x86_64-linux-gnu/:/lib/../lib/:/usr/lib/x86_64-linux-gnu/:/usr/lib/../lib/:/usr/lib/gcc/x86_64-linux-gnu/9/../../../:/lib/:/usr/lib/
COLLECT_GCC_OPTIONS='-v' '-o' 'CMakeFiles/cmTC_aaaaf.dir/CMakeCXXCompilerABI.cpp.o' '-c' '-shared-libgcc' '-mtune=generic' '-march=x86-64'
Linking CXX executable cmTC_aaaaf
/usr/bin/cmake -E cmake_link_script CMakeFiles/cmTC_aaaaf.dir/link.txt --verbose=1
/usr/bin/c++      -v CMakeFiles/cmTC_aaaaf.dir/CMakeCXXCompilerABI.cpp.o  -o cmTC_aaaaf 
Using built-in specs.
COLLECT_GCC=/usr/bin/c++
COLLECT_LTO_WRAPPER=/usr/lib/gcc/x86_64-linux-gnu/9/lto-wrapper
OFFLOAD_TARGET_NAMES=nvptx-none:hsa
OFFLOAD_TARGET_DEFAULT=1
Target: x86_64-linux-gnu
Configured with: ../src/configure -v --with-pkgversion='Ubuntu 9.4.0-1ubuntu1~20.04.2' --with-bugurl=file:///usr/share/doc/gcc-9/README.Bugs --enable-languages=c,ada,c++,go,brig,d,fortran,objc,obj-c++,gm2 --prefix=/usr --with-gcc-major-version-only --program-suffix=-9 --program-prefix=x86_64-linux-gnu- --enable-shared --enable-linker-build-id --libexecdir=/usr/lib --without-included-gettext --enable-threads=posix --libdir=/usr/lib --enable-nls --enable-clocale=gnu --enable-libstdcxx-debug --enable-libstdcxx-time=yes --with-default-libstdcxx-abi=new --enable-gnu-unique-object --disable-vtable-verify --enable-plugin --enable-default-pie --with-system-zlib --with-target-system-zlib=auto --enable-objc-gc=auto --enable-multiarch --disable-werror --with-arch-32=i686 --with-abi=m64 --with-multilib-list=m32,m64,mx32 --enable-multilib --with-tune=generic --enable-offload-targets=nvptx-none=/build/gcc-9-9QDOt0/gcc-9-9.4.0/debian/tmp-nvptx/usr,hsa --without-cuda-driver --enable-checking=release --build=x86_64-linux-gnu --host=x86_64-linux-gnu --target=x86_64-linux-gnu
Thread model: posix
gcc version 9.4.0 (Ubuntu 9.4.0-1ubuntu1~20.04.2) 
COMPILER_PATH=/usr/lib/gcc/x86_64-linux-gnu/9/:/usr/lib/gcc/x86_64-linux-gnu/9/:/usr/lib/gcc/x86_64-linux-gnu/:/usr/lib/gcc/x86_64-linux-gnu/9/:/usr/lib/gcc/x86_64-linux-gnu/
LIBRARY_PATH=/usr/lib/gcc/x86_64-linux-gnu/9/:/usr/lib/gcc/x86_64-linux-gnu/9/../../../x86_64-linux-gnu/:/usr/lib/gcc/x86_64-linux-gnu/9/../../../../lib/:/lib/x86_64-linux-gnu/:/lib/../lib/:/usr/lib/x86_64-linux-gnu/:/usr/lib/../lib/:/usr/lib/gcc/x86_64-linux-gnu/9/../../../:/lib/:/usr/lib/
COLLECT_GCC_OPTIONS='-v' '-o' 'cmTC_aaaaf' '-shared-libgcc' '-mtune=generic' '-march=x86-64'
 /usr/lib/gcc/x86_64-linux-gnu/9/collect2 -plugin /usr/lib/gcc/x86_64-linux-gnu/9/liblto_plugin.so -plugin-opt=/usr/lib/gcc/x86_64-linux-gnu/9/lto-wrapper -plugin-opt=-fresolution=/tmp/cc00ZQgz.res -plugin-opt=-pass-through=-lgcc_s -plugin-opt=-pass-through=-lgcc -plugin-opt=-pass-through=-lc -plugin-opt=-pass-through=-lgcc_s -plugin-opt=-pass-through=-lgcc --build-id --eh-frame-hdr -m elf_x86_64 --hash-style=gnu --as-needed -dynamic-linker /lib64/ld-linux-x86-64.so.2 -pie -z now -z relro -o cmTC_aaaaf /usr/lib/gcc/x86_64-linux-gnu/9/../../../x86_64-linux-gnu/Scrt1.o /usr/lib/gcc/x86_64-linux-gnu/9/../../../x86_64-linux-gnu/crti.o /usr/lib/gcc/x86_64-linux-gnu/9/crtbeginS.o -L/usr/lib/gcc/x86_64-linux-gnu/9 -L/usr/lib/gcc/x86_64-linux-gnu/9/../../../x86_64-linux-gnu -L/usr/lib/gcc/x86_64-linux-gnu/9/../../../../lib -L/lib/x86_64-linux-gnu -L/lib/../lib -L/usr/lib/x86_64-linux-gnu -L/usr/lib/../lib -L/usr/lib/gcc/x86_64-linux-gnu/9/../../.. CMakeFiles/cmTC_aaaaf.dir/CMakeCXXCompilerABI.cpp.o -lstdc++ -lm -lgcc_s -lgcc -lc -lgcc_s -lgcc /usr/lib/gcc/x86_64-linux-gnu/9/crtendS.o /usr/lib/gcc/x86_64-linux-gnu/9/../../../x86_64-linux-gnu/crtn.o
COLLECT_GCC_OPTIONS='-v' '-o' 'cmTC_aaaaf' '-shared-libgcc' '-mtune=generic' '-march=x86-64'
make[2]: Leaving directory '/root/catkin_ws/newui_Greyform/build/CMakeFiles/CMakeTmp'
make[1]: Leaving directory '/root/catkin_ws/newui_Greyform/build/CMakeFiles/CMakeTmp'



Parsed CXX implicit include dir info from above output: rv=done
  found start of include info
  found start of implicit include info
    add: [/usr/include/c++/9]
    add: [/usr/include/x86_64-linux-gnu/c++/9]
    add: [/usr/include/c++/9/backward]
    add: [/usr/lib/gcc/x86_64-linux-gnu/9/include]
    add: [/usr/local/include]
    add: [/usr/include/x86_64-linux-gnu]
    add: [/usr/include]
  end of search list found
  collapse include dir [/usr/include/c++/9] ==> [/usr/include/c++/9]
  collapse include dir [/usr/include/x86_64-linux-gnu/c++/9] ==> [/usr/include/x86_64-linux-gnu/c++/9]
  collapse include dir [/usr/include/c++/9/backward] ==> [/usr/include/c++/9/backward]
  collapse include dir [/usr/lib/gcc/x86_64-linux-gnu/9/include] ==> [/usr/lib/gcc/x86_64-linux-gnu/9/include]
  collapse include dir [/usr/local/include] ==> [/usr/local/include]
  collapse include dir [/usr/include/x86_64-linux-gnu] ==> [/usr/include/x86_64-linux-gnu]
  collapse include dir [/usr/include] ==> [/usr/include]
  implicit include dirs: [/usr/include/c++/9;/usr/include/x86_64-linux-gnu/c++/9;/usr/include/c++/9/backward;/usr/lib/gcc/x86_64-linux-gnu/9/include;/usr/local/include;/usr/include/x86_64-linux-gnu;/usr/include]


Parsed CXX implicit link information from above output:
  link line regex: [^( *|.*[/\])(ld|CMAKE_LINK_STARTFILE-NOTFOUND|([^/\]+-)?ld|collect2)[^/\]*( |$)]
  ignore line: [Change Dir: /root/catkin_ws/newui_Greyform/build/CMakeFiles/CMakeTmp]
  ignore line: []
  ignore line: [Run Build Command(s):/usr/bin/make cmTC_aaaaf/fast && make[1]: Entering directory '/root/catkin_ws/newui_Greyform/build/CMakeFiles/CMakeTmp']
  ignore line: [/usr/bin/make -f CMakeFiles/cmTC_aaaaf.dir/build.make CMakeFiles/cmTC_aaaaf.dir/build]
  ignore line: [make[2]: Entering directory '/root/catkin_ws/newui_Greyform/build/CMakeFiles/CMakeTmp']
  ignore line: [Building CXX object CMakeFiles/cmTC_aaaaf.dir/CMakeCXXCompilerABI.cpp.o]
  ignore line: [/usr/bin/c++    -v -o CMakeFiles/cmTC_aaaaf.dir/CMakeCXXCompilerABI.cpp.o -c /usr/share/cmake-3.16/Modules/CMakeCXXCompilerABI.cpp]
  ignore line: [Using built-in specs.]
  ignore line: [COLLECT_GCC=/usr/bin/c++]
  ignore line: [OFFLOAD_TARGET_NAMES=nvptx-none:hsa]
  ignore line: [OFFLOAD_TARGET_DEFAULT=1]
  ignore line: [Target: x86_64-linux-gnu]
  ignore line: [Configured with: ../src/configure -v --with-pkgversion='Ubuntu 9.4.0-1ubuntu1~20.04.2' --with-bugurl=file:///usr/share/doc/gcc-9/README.Bugs --enable-languages=c ada c++ go brig d fortran objc obj-c++ gm2 --prefix=/usr --with-gcc-major-version-only --program-suffix=-9 --program-prefix=x86_64-linux-gnu- --enable-shared --enable-linker-build-id --libexecdir=/usr/lib --without-included-gettext --enable-threads=posix --libdir=/usr/lib --enable-nls --enable-clocale=gnu --enable-libstdcxx-debug --enable-libstdcxx-time=yes --with-default-libstdcxx-abi=new --enable-gnu-unique-object --disable-vtable-verify --enable-plugin --enable-default-pie --with-system-zlib --with-target-system-zlib=auto --enable-objc-gc=auto --enable-multiarch --disable-werror --with-arch-32=i686 --with-abi=m64 --with-multilib-list=m32 m64 mx32 --enable-multilib --with-tune=generic --enable-offload-targets=nvptx-none=/build/gcc-9-9QDOt0/gcc-9-9.4.0/debian/tmp-nvptx/usr hsa --without-cuda-driver --enable-checking=release --build=x86_64-linux-gnu --host=x86_64-linux-gnu --target=x86_64-linux-gnu]
  ignore line: [Thread model: posix]
  ignore line: [gcc version 9.4.0 (Ubuntu 9.4.0-1ubuntu1~20.04.2) ]
  ignore line: [COLLECT_GCC_OPTIONS='-v' '-o' 'CMakeFiles/cmTC_aaaaf.dir/CMakeCXXCompilerABI.cpp.o' '-c' '-shared-libgcc' '-mtune=generic' '-march=x86-64']
  ignore line: [ /usr/lib/gcc/x86_64-linux-gnu/9/cc1plus -quiet -v -imultiarch x86_64-linux-gnu -D_GNU_SOURCE /usr/share/cmake-3.16/Modules/CMakeCXXCompilerABI.cpp -quiet -dumpbase CMakeCXXCompilerABI.cpp -mtune=generic -march=x86-64 -auxbase-strip CMakeFiles/cmTC_aaaaf.dir/CMakeCXXCompilerABI.cpp.o -version -fasynchronous-unwind-tables -fstack-protector-strong -Wformat -Wformat-security -fstack-clash-protection -fcf-protection -o /tmp/ccYilxrP.s]
  ignore line: [GNU C++14 (Ubuntu 9.4.0-1ubuntu1~20.04.2) version 9.4.0 (x86_64-linux-gnu)]
  ignore line: [	compiled by GNU C version 9.4.0  GMP version 6.2.0  MPFR version 4.0.2  MPC version 1.1.0  isl version isl-0.22.1-GMP]
  ignore line: []
  ignore line: [GGC heuristics: --param ggc-min-expand=100 --param ggc-min-heapsize=131072]
  ignore line: [ignoring duplicate directory "/usr/include/x86_64-linux-gnu/c++/9"]
  ignore line: [ignoring nonexistent directory "/usr/local/include/x86_64-linux-gnu"]
  ignore line: [ignoring nonexistent directory "/usr/lib/gcc/x86_64-linux-gnu/9/include-fixed"]
  ignore line: [ignoring nonexistent directory "/usr/lib/gcc/x86_64-linux-gnu/9/../../../../x86_64-linux-gnu/include"]
  ignore line: [#include "..." search starts here:]
  ignore line: [#include <...> search starts here:]
  ignore line: [ /usr/include/c++/9]
  ignore line: [ /usr/include/x86_64-linux-gnu/c++/9]
  ignore line: [ /usr/include/c++/9/backward]
  ignore line: [ /usr/lib/gcc/x86_64-linux-gnu/9/include]
  ignore line: [ /usr/local/include]
  ignore line: [ /usr/include/x86_64-linux-gnu]
  ignore line: [ /usr/include]
  ignore line: [End of search list.]
  ignore line: [GNU C++14 (Ubuntu 9.4.0-1ubuntu1~20.04.2) version 9.4.0 (x86_64-linux-gnu)]
  ignore line: [	compiled by GNU C version 9.4.0  GMP version 6.2.0  MPFR version 4.0.2  MPC version 1.1.0  isl version isl-0.22.1-GMP]
  ignore line: []
  ignore line: [GGC heuristics: --param ggc-min-expand=100 --param ggc-min-heapsize=131072]
  ignore line: [Compiler executable checksum: 3d1eba838554fa2348dba760e4770469]
  ignore line: [COLLECT_GCC_OPTIONS='-v' '-o' 'CMakeFiles/cmTC_aaaaf.dir/CMakeCXXCompilerABI.cpp.o' '-c' '-shared-libgcc' '-mtune=generic' '-march=x86-64']
  ignore line: [ as -v --64 -o CMakeFiles/cmTC_aaaaf.dir/CMakeCXXCompilerABI.cpp.o /tmp/ccYilxrP.s]
  ignore line: [GNU assembler version 2.34 (x86_64-linux-gnu) using BFD version (GNU Binutils for Ubuntu) 2.34]
  ignore line: [COMPILER_PATH=/usr/lib/gcc/x86_64-linux-gnu/9/:/usr/lib/gcc/x86_64-linux-gnu/9/:/usr/lib/gcc/x86_64-linux-gnu/:/usr/lib/gcc/x86_64-linux-gnu/9/:/usr/lib/gcc/x86_64-linux-gnu/]
  ignore line: [LIBRARY_PATH=/usr/lib/gcc/x86_64-linux-gnu/9/:/usr/lib/gcc/x86_64-linux-gnu/9/../../../x86_64-linux-gnu/:/usr/lib/gcc/x86_64-linux-gnu/9/../../../../lib/:/lib/x86_64-linux-gnu/:/lib/../lib/:/usr/lib/x86_64-linux-gnu/:/usr/lib/../lib/:/usr/lib/gcc/x86_64-linux-gnu/9/../../../:/lib/:/usr/lib/]
  ignore line: [COLLECT_GCC_OPTIONS='-v' '-o' 'CMakeFiles/cmTC_aaaaf.dir/CMakeCXXCompilerABI.cpp.o' '-c' '-shared-libgcc' '-mtune=generic' '-march=x86-64']
  ignore line: [Linking CXX executable cmTC_aaaaf]
  ignore line: [/usr/bin/cmake -E cmake_link_script CMakeFiles/cmTC_aaaaf.dir/link.txt --verbose=1]
  ignore line: [/usr/bin/c++      -v CMakeFiles/cmTC_aaaaf.dir/CMakeCXXCompilerABI.cpp.o  -o cmTC_aaaaf ]
  ignore line: [Using built-in specs.]
  ignore line: [COLLECT_GCC=/usr/bin/c++]
  ignore line: [COLLECT_LTO_WRAPPER=/usr/lib/gcc/x86_64-linux-gnu/9/lto-wrapper]
  ignore line: [OFFLOAD_TARGET_NAMES=nvptx-none:hsa]
  ignore line: [OFFLOAD_TARGET_DEFAULT=1]
  ignore line: [Target: x86_64-linux-gnu]
  ignore line: [Configured with: ../src/configure -v --with-pkgversion='Ubuntu 9.4.0-1ubuntu1~20.04.2' --with-bugurl=file:///usr/share/doc/gcc-9/README.Bugs --enable-languages=c ada c++ go brig d fortran objc obj-c++ gm2 --prefix=/usr --with-gcc-major-version-only --program-suffix=-9 --program-prefix=x86_64-linux-gnu- --enable-shared --enable-linker-build-id --libexecdir=/usr/lib --without-included-gettext --enable-threads=posix --libdir=/usr/lib --enable-nls --enable-clocale=gnu --enable-libstdcxx-debug --enable-libstdcxx-time=yes --with-default-libstdcxx-abi=new --enable-gnu-unique-object --disable-vtable-verify --enable-plugin --enable-default-pie --with-system-zlib --with-target-system-zlib=auto --enable-objc-gc=auto --enable-multiarch --disable-werror --with-arch-32=i686 --with-abi=m64 --with-multilib-list=m32 m64 mx32 --enable-multilib --with-tune=generic --enable-offload-targets=nvptx-none=/build/gcc-9-9QDOt0/gcc-9-9.4.0/debian/tmp-nvptx/usr hsa --without-cuda-driver --enable-checking=release --build=x86_64-linux-gnu --host=x86_64-linux-gnu --target=x86_64-linux-gnu]
  ignore line: [Thread model: posix]
  ignore line: [gcc version 9.4.0 (Ubuntu 9.4.0-1ubuntu1~20.04.2) ]
  ignore line: [COMPILER_PATH=/usr/lib/gcc/x86_64-linux-gnu/9/:/usr/lib/gcc/x86_64-linux-gnu/9/:/usr/lib/gcc/x86_64-linux-gnu/:/usr/lib/gcc/x86_64-linux-gnu/9/:/usr/lib/gcc/x86_64-linux-gnu/]
  ignore line: [LIBRARY_PATH=/usr/lib/gcc/x86_64-linux-gnu/9/:/usr/lib/gcc/x86_64-linux-gnu/9/../../../x86_64-linux-gnu/:/usr/lib/gcc/x86_64-linux-gnu/9/../../../../lib/:/lib/x86_64-linux-gnu/:/lib/../lib/:/usr/lib/x86_64-linux-gnu/:/usr/lib/../lib/:/usr/lib/gcc/x86_64-linux-gnu/9/../../../:/lib/:/usr/lib/]
  ignore line: [COLLECT_GCC_OPTIONS='-v' '-o' 'cmTC_aaaaf' '-shared-libgcc' '-mtune=generic' '-march=x86-64']
  link line: [ /usr/lib/gcc/x86_64-linux-gnu/9/collect2 -plugin /usr/lib/gcc/x86_64-linux-gnu/9/liblto_plugin.so -plugin-opt=/usr/lib/gcc/x86_64-linux-gnu/9/lto-wrapper -plugin-opt=-fresolution=/tmp/cc00ZQgz.res -plugin-opt=-pass-through=-lgcc_s -plugin-opt=-pass-through=-lgcc -plugin-opt=-pass-through=-lc -plugin-opt=-pass-through=-lgcc_s -plugin-opt=-pass-through=-lgcc --build-id --eh-frame-hdr -m elf_x86_64 --hash-style=gnu --as-needed -dynamic-linker /lib64/ld-linux-x86-64.so.2 -pie -z now -z relro -o cmTC_aaaaf /usr/lib/gcc/x86_64-linux-gnu/9/../../../x86_64-linux-gnu/Scrt1.o /usr/lib/gcc/x86_64-linux-gnu/9/../../../x86_64-linux-gnu/crti.o /usr/lib/gcc/x86_64-linux-gnu/9/crtbeginS.o -L/usr/lib/gcc/x86_64-linux-gnu/9 -L/usr/lib/gcc/x86_64-linux-gnu/9/../../../x86_64-linux-gnu -L/usr/lib/gcc/x86_64-linux-gnu/9/../../../../lib -L/lib/x86_64-linux-gnu -L/lib/../lib -L/usr/lib/x86_64-linux-gnu -L/usr/lib/../lib -L/usr/lib/gcc/x86_64-linux-gnu/9/../../.. CMakeFiles/cmTC_aaaaf.dir/CMakeCXXCompilerABI.cpp.o -lstdc++ -lm -lgcc_s -lgcc -lc -lgcc_s -lgcc /usr/lib/gcc/x86_64-linux-gnu/9/crtendS.o /usr/lib/gcc/x86_64-linux-gnu/9/../../../x86_64-linux-gnu/crtn.o]
    arg [/usr/lib/gcc/x86_64-linux-gnu/9/collect2] ==> ignore
    arg [-plugin] ==> ignore
    arg [/usr/lib/gcc/x86_64-linux-gnu/9/liblto_plugin.so] ==> ignore
    arg [-plugin-opt=/usr/lib/gcc/x86_64-linux-gnu/9/lto-wrapper] ==> ignore
    arg [-plugin-opt=-fresolution=/tmp/cc00ZQgz.res] ==> ignore
    arg [-plugin-opt=-pass-through=-lgcc_s] ==> ignore
    arg [-plugin-opt=-pass-through=-lgcc] ==> ignore
    arg [-plugin-opt=-pass-through=-lc] ==> ignore
    arg [-plugin-opt=-pass-through=-lgcc_s] ==> ignore
    arg [-plugin-opt=-pass-through=-lgcc] ==> ignore
    arg [--build-id] ==> ignore
    arg [--eh-frame-hdr] ==> ignore
    arg [-m] ==> ignore
    arg [elf_x86_64] ==> ignore
    arg [--hash-style=gnu] ==> ignore
    arg [--as-needed] ==> ignore
    arg [-dynamic-linker] ==> ignore
    arg [/lib64/ld-linux-x86-64.so.2] ==> ignore
    arg [-pie] ==> ignore
    arg [-znow] ==> ignore
    arg [-zrelro] ==> ignore
    arg [-o] ==> ignore
    arg [cmTC_aaaaf] ==> ignore
    arg [/usr/lib/gcc/x86_64-linux-gnu/9/../../../x86_64-linux-gnu/Scrt1.o] ==> ignore
    arg [/usr/lib/gcc/x86_64-linux-gnu/9/../../../x86_64-linux-gnu/crti.o] ==> ignore
    arg [/usr/lib/gcc/x86_64-linux-gnu/9/crtbeginS.o] ==> ignore
    arg [-L/usr/lib/gcc/x86_64-linux-gnu/9] ==> dir [/usr/lib/gcc/x86_64-linux-gnu/9]
    arg [-L/usr/lib/gcc/x86_64-linux-gnu/9/../../../x86_64-linux-gnu] ==> dir [/usr/lib/gcc/x86_64-linux-gnu/9/../../../x86_64-linux-gnu]
    arg [-L/usr/lib/gcc/x86_64-linux-gnu/9/../../../../lib] ==> dir [/usr/lib/gcc/x86_64-linux-gnu/9/../../../../lib]
    arg [-L/lib/x86_64-linux-gnu] ==> dir [/lib/x86_64-linux-gnu]
    arg [-L/lib/../lib] ==> dir [/lib/../lib]
    arg [-L/usr/lib/x86_64-linux-gnu] ==> dir [/usr/lib/x86_64-linux-gnu]
    arg [-L/usr/lib/../lib] ==> dir [/usr/lib/../lib]
    arg [-L/usr/lib/gcc/x86_64-linux-gnu/9/../../..] ==> dir [/usr/lib/gcc/x86_64-linux-gnu/9/../../..]
    arg [CMakeFiles/cmTC_aaaaf.dir/CMakeCXXCompilerABI.cpp.o] ==> ignore
    arg [-lstdc++] ==> lib [stdc++]
    arg [-lm] ==> lib [m]
    arg [-lgcc_s] ==> lib [gcc_s]
    arg [-lgcc] ==> lib [gcc]
    arg [-lc] ==> lib [c]
    arg [-lgcc_s] ==> lib [gcc_s]
    arg [-lgcc] ==> lib [gcc]
    arg [/usr/lib/gcc/x86_64-linux-gnu/9/crtendS.o] ==> ignore
    arg [/usr/lib/gcc/x86_64-linux-gnu/9/../../../x86_64-linux-gnu/crtn.o] ==> ignore
  collapse library dir [/usr/lib/gcc/x86_64-linux-gnu/9] ==> [/usr/lib/gcc/x86_64-linux-gnu/9]
  collapse library dir [/usr/lib/gcc/x86_64-linux-gnu/9/../../../x86_64-linux-gnu] ==> [/usr/lib/x86_64-linux-gnu]
  collapse library dir [/usr/lib/gcc/x86_64-linux-gnu/9/../../../../lib] ==> [/usr/lib]
  collapse library dir [/lib/x86_64-linux-gnu] ==> [/lib/x86_64-linux-gnu]
  collapse library dir [/lib/../lib] ==> [/lib]
  collapse library dir [/usr/lib/x86_64-linux-gnu] ==> [/usr/lib/x86_64-linux-gnu]
  collapse library dir [/usr/lib/../lib] ==> [/usr/lib]
  collapse library dir [/usr/lib/gcc/x86_64-linux-gnu/9/../../..] ==> [/usr/lib]
  implicit libs: [stdc++;m;gcc_s;gcc;c;gcc_s;gcc]
  implicit dirs: [/usr/lib/gcc/x86_64-linux-gnu/9;/usr/lib/x86_64-linux-gnu;/usr/lib;/lib/x86_64-linux-gnu;/lib]
  implicit fwks: []


Determining if the include file pthread.h exists passed with the following output:
Change Dir: /root/catkin_ws/newui_Greyform/build/CMakeFiles/CMakeTmp

Run Build Command(s):/usr/bin/make cmTC_4e536/fast && make[1]: Entering directory '/root/catkin_ws/newui_Greyform/build/CMakeFiles/CMakeTmp'
/usr/bin/make -f CMakeFiles/cmTC_4e536.dir/build.make CMakeFiles/cmTC_4e536.dir/build
make[2]: Entering directory '/root/catkin_ws/newui_Greyform/build/CMakeFiles/CMakeTmp'
Building C object CMakeFiles/cmTC_4e536.dir/CheckIncludeFile.c.o
/usr/bin/cc    -o CMakeFiles/cmTC_4e536.dir/CheckIncludeFile.c.o   -c /root/catkin_ws/newui_Greyform/build/CMakeFiles/CMakeTmp/CheckIncludeFile.c
Linking C executable cmTC_4e536
/usr/bin/cmake -E cmake_link_script CMakeFiles/cmTC_4e536.dir/link.txt --verbose=1
/usr/bin/cc      CMakeFiles/cmTC_4e536.dir/CheckIncludeFile.c.o  -o cmTC_4e536 
make[2]: Leaving directory '/root/catkin_ws/newui_Greyform/build/CMakeFiles/CMakeTmp'
make[1]: Leaving directory '/root/catkin_ws/newui_Greyform/build/CMakeFiles/CMakeTmp'



Determining if the function pthread_create exists in the pthread passed with the following output:
Change Dir: /root/catkin_ws/newui_Greyform/build/CMakeFiles/CMakeTmp

Run Build Command(s):/usr/bin/make cmTC_64d56/fast && make[1]: Entering directory '/root/catkin_ws/newui_Greyform/build/CMakeFiles/CMakeTmp'
/usr/bin/make -f CMakeFiles/cmTC_64d56.dir/build.make CMakeFiles/cmTC_64d56.dir/build
make[2]: Entering directory '/root/catkin_ws/newui_Greyform/build/CMakeFiles/CMakeTmp'
Building C object CMakeFiles/cmTC_64d56.dir/CheckFunctionExists.c.o
/usr/bin/cc   -DCHECK_FUNCTION_EXISTS=pthread_create   -o CMakeFiles/cmTC_64d56.dir/CheckFunctionExists.c.o   -c /usr/share/cmake-3.16/Modules/CheckFunctionExists.c
Linking C executable cmTC_64d56
/usr/bin/cmake -E cmake_link_script CMakeFiles/cmTC_64d56.dir/link.txt --verbose=1
/usr/bin/cc  -DCHECK_FUNCTION_EXISTS=pthread_create    CMakeFiles/cmTC_64d56.dir/CheckFunctionExists.c.o  -o cmTC_64d56  -lpthread 
make[2]: Leaving directory '/root/catkin_ws/newui_Greyform/build/CMakeFiles/CMakeTmp'
make[1]: Leaving directory '/root/catkin_ws/newui_Greyform/build/CMakeFiles/CMakeTmp'



The system is: Linux - 6.8.0-47-generic - x86_64
Compiling the C compiler identification source file "CMakeCCompilerId.c" succeeded.
Compiler: /usr/bin/cc 
Build flags: 
Id flags:  

The output was:
0


Compilation of the C compiler identification source "CMakeCCompilerId.c" produced "a.out"

The C compiler identification is GNU, found in "/root/catkin_ws/newui_Greyform/build/CMakeFiles/3.16.3/CompilerIdC/a.out"

Compiling the CXX compiler identification source file "CMakeCXXCompilerId.cpp" succeeded.
Compiler: /usr/bin/c++ 
Build flags: 
Id flags:  

The output was:
0


Compilation of the CXX compiler identification source "CMakeCXXCompilerId.cpp" produced "a.out"

The CXX compiler identification is GNU, found in "/root/catkin_ws/newui_Greyform/build/CMakeFiles/3.16.3/CompilerIdCXX/a.out"

Determining if the C compiler works passed with the following output:
Change Dir: /root/catkin_ws/newui_Greyform/build/CMakeFiles/CMakeTmp

Run Build Command(s):/usr/bin/make cmTC_cec3f/fast && /usr/bin/make -f CMakeFiles/cmTC_cec3f.dir/build.make CMakeFiles/cmTC_cec3f.dir/build
make[1]: Entering directory '/root/catkin_ws/newui_Greyform/build/CMakeFiles/CMakeTmp'
Building C object CMakeFiles/cmTC_cec3f.dir/testCCompiler.c.o
/usr/bin/cc    -o CMakeFiles/cmTC_cec3f.dir/testCCompiler.c.o   -c /root/catkin_ws/newui_Greyform/build/CMakeFiles/CMakeTmp/testCCompiler.c
Linking C executable cmTC_cec3f
/usr/bin/cmake -E cmake_link_script CMakeFiles/cmTC_cec3f.dir/link.txt --verbose=1
/usr/bin/cc      CMakeFiles/cmTC_cec3f.dir/testCCompiler.c.o  -o cmTC_cec3f 
make[1]: Leaving directory '/root/catkin_ws/newui_Greyform/build/CMakeFiles/CMakeTmp'



Detecting C compiler ABI info compiled with the following output:
Change Dir: /root/catkin_ws/newui_Greyform/build/CMakeFiles/CMakeTmp

Run Build Command(s):/usr/bin/make cmTC_c3b45/fast && /usr/bin/make -f CMakeFiles/cmTC_c3b45.dir/build.make CMakeFiles/cmTC_c3b45.dir/build
make[1]: Entering directory '/root/catkin_ws/newui_Greyform/build/CMakeFiles/CMakeTmp'
Building C object CMakeFiles/cmTC_c3b45.dir/CMakeCCompilerABI.c.o
/usr/bin/cc   -v -o CMakeFiles/cmTC_c3b45.dir/CMakeCCompilerABI.c.o   -c /usr/share/cmake-3.16/Modules/CMakeCCompilerABI.c
Using built-in specs.
COLLECT_GCC=/usr/bin/cc
OFFLOAD_TARGET_NAMES=nvptx-none:hsa
OFFLOAD_TARGET_DEFAULT=1
Target: x86_64-linux-gnu
Configured with: ../src/configure -v --with-pkgversion='Ubuntu 9.4.0-1ubuntu1~20.04.2' --with-bugurl=file:///usr/share/doc/gcc-9/README.Bugs --enable-languages=c,ada,c++,go,brig,d,fortran,objc,obj-c++,gm2 --prefix=/usr --with-gcc-major-version-only --program-suffix=-9 --program-prefix=x86_64-linux-gnu- --enable-shared --enable-linker-build-id --libexecdir=/usr/lib --without-included-gettext --enable-threads=posix --libdir=/usr/lib --enable-nls --enable-clocale=gnu --enable-libstdcxx-debug --enable-libstdcxx-time=yes --with-default-libstdcxx-abi=new --enable-gnu-unique-object --disable-vtable-verify --enable-plugin --enable-default-pie --with-system-zlib --with-target-system-zlib=auto --enable-objc-gc=auto --enable-multiarch --disable-werror --with-arch-32=i686 --with-abi=m64 --with-multilib-list=m32,m64,mx32 --enable-multilib --with-tune=generic --enable-offload-targets=nvptx-none=/build/gcc-9-9QDOt0/gcc-9-9.4.0/debian/tmp-nvptx/usr,hsa --without-cuda-driver --enable-checking=release --build=x86_64-linux-gnu --host=x86_64-linux-gnu --target=x86_64-linux-gnu
Thread model: posix
gcc version 9.4.0 (Ubuntu 9.4.0-1ubuntu1~20.04.2) 
COLLECT_GCC_OPTIONS='-v' '-o' 'CMakeFiles/cmTC_c3b45.dir/CMakeCCompilerABI.c.o' '-c' '-mtune=generic' '-march=x86-64'
 /usr/lib/gcc/x86_64-linux-gnu/9/cc1 -quiet -v -imultiarch x86_64-linux-gnu /usr/share/cmake-3.16/Modules/CMakeCCompilerABI.c -quiet -dumpbase CMakeCCompilerABI.c -mtune=generic -march=x86-64 -auxbase-strip CMakeFiles/cmTC_c3b45.dir/CMakeCCompilerABI.c.o -version -fasynchronous-unwind-tables -fstack-protector-strong -Wformat -Wformat-security -fstack-clash-protection -fcf-protection -o /tmp/cc0Wtiih.s
GNU C17 (Ubuntu 9.4.0-1ubuntu1~20.04.2) version 9.4.0 (x86_64-linux-gnu)
	compiled by GNU C version 9.4.0, GMP version 6.2.0, MPFR version 4.0.2, MPC version 1.1.0, isl version isl-0.22.1-GMP

GGC heuristics: --param ggc-min-expand=100 --param ggc-min-heapsize=131072
ignoring nonexistent directory "/usr/local/include/x86_64-linux-gnu"
ignoring nonexistent directory "/usr/lib/gcc/x86_64-linux-gnu/9/include-fixed"
ignoring nonexistent directory "/usr/lib/gcc/x86_64-linux-gnu/9/../../../../x86_64-linux-gnu/include"
#include "..." search starts here:
#include <...> search starts here:
 /usr/lib/gcc/x86_64-linux-gnu/9/include
 /usr/local/include
 /usr/include/x86_64-linux-gnu
 /usr/include
End of search list.
GNU C17 (Ubuntu 9.4.0-1ubuntu1~20.04.2) version 9.4.0 (x86_64-linux-gnu)
	compiled by GNU C version 9.4.0, GMP version 6.2.0, MPFR version 4.0.2, MPC version 1.1.0, isl version isl-0.22.1-GMP

GGC heuristics: --param ggc-min-expand=100 --param ggc-min-heapsize=131072
Compiler executable checksum: 01da938ff5dc2163489aa33cb3b747a7
COLLECT_GCC_OPTIONS='-v' '-o' 'CMakeFiles/cmTC_c3b45.dir/CMakeCCompilerABI.c.o' '-c' '-mtune=generic' '-march=x86-64'
 as -v --64 -o CMakeFiles/cmTC_c3b45.dir/CMakeCCompilerABI.c.o /tmp/cc0Wtiih.s
GNU assembler version 2.34 (x86_64-linux-gnu) using BFD version (GNU Binutils for Ubuntu) 2.34
COMPILER_PATH=/usr/lib/gcc/x86_64-linux-gnu/9/:/usr/lib/gcc/x86_64-linux-gnu/9/:/usr/lib/gcc/x86_64-linux-gnu/:/usr/lib/gcc/x86_64-linux-gnu/9/:/usr/lib/gcc/x86_64-linux-gnu/
LIBRARY_PATH=/usr/lib/gcc/x86_64-linux-gnu/9/:/usr/lib/gcc/x86_64-linux-gnu/9/../../../x86_64-linux-gnu/:/usr/lib/gcc/x86_64-linux-gnu/9/../../../../lib/:/lib/x86_64-linux-gnu/:/lib/../lib/:/usr/lib/x86_64-linux-gnu/:/usr/lib/../lib/:/usr/lib/gcc/x86_64-linux-gnu/9/../../../:/lib/:/usr/lib/
COLLECT_GCC_OPTIONS='-v' '-o' 'CMakeFiles/cmTC_c3b45.dir/CMakeCCompilerABI.c.o' '-c' '-mtune=generic' '-march=x86-64'
Linking C executable cmTC_c3b45
/usr/bin/cmake -E cmake_link_script CMakeFiles/cmTC_c3b45.dir/link.txt --verbose=1
/usr/bin/cc     -v CMakeFiles/cmTC_c3b45.dir/CMakeCCompilerABI.c.o  -o cmTC_c3b45 
Using built-in specs.
COLLECT_GCC=/usr/bin/cc
COLLECT_LTO_WRAPPER=/usr/lib/gcc/x86_64-linux-gnu/9/lto-wrapper
OFFLOAD_TARGET_NAMES=nvptx-none:hsa
OFFLOAD_TARGET_DEFAULT=1
Target: x86_64-linux-gnu
Configured with: ../src/configure -v --with-pkgversion='Ubuntu 9.4.0-1ubuntu1~20.04.2' --with-bugurl=file:///usr/share/doc/gcc-9/README.Bugs --enable-languages=c,ada,c++,go,brig,d,fortran,objc,obj-c++,gm2 --prefix=/usr --with-gcc-major-version-only --program-suffix=-9 --program-prefix=x86_64-linux-gnu- --enable-shared --enable-linker-build-id --libexecdir=/usr/lib --without-included-gettext --enable-threads=posix --libdir=/usr/lib --enable-nls --enable-clocale=gnu --enable-libstdcxx-debug --enable-libstdcxx-time=yes --with-default-libstdcxx-abi=new --enable-gnu-unique-object --disable-vtable-verify --enable-plugin --enable-default-pie --with-system-zlib --with-target-system-zlib=auto --enable-objc-gc=auto --enable-multiarch --disable-werror --with-arch-32=i686 --with-abi=m64 --with-multilib-list=m32,m64,mx32 --enable-multilib --with-tune=generic --enable-offload-targets=nvptx-none=/build/gcc-9-9QDOt0/gcc-9-9.4.0/debian/tmp-nvptx/usr,hsa --without-cuda-driver --enable-checking=release --build=x86_64-linux-gnu --host=x86_64-linux-gnu --target=x86_64-linux-gnu
Thread model: posix
gcc version 9.4.0 (Ubuntu 9.4.0-1ubuntu1~20.04.2) 
COMPILER_PATH=/usr/lib/gcc/x86_64-linux-gnu/9/:/usr/lib/gcc/x86_64-linux-gnu/9/:/usr/lib/gcc/x86_64-linux-gnu/:/usr/lib/gcc/x86_64-linux-gnu/9/:/usr/lib/gcc/x86_64-linux-gnu/
LIBRARY_PATH=/usr/lib/gcc/x86_64-linux-gnu/9/:/usr/lib/gcc/x86_64-linux-gnu/9/../../../x86_64-linux-gnu/:/usr/lib/gcc/x86_64-linux-gnu/9/../../../../lib/:/lib/x86_64-linux-gnu/:/lib/../lib/:/usr/lib/x86_64-linux-gnu/:/usr/lib/../lib/:/usr/lib/gcc/x86_64-linux-gnu/9/../../../:/lib/:/usr/lib/
COLLECT_GCC_OPTIONS='-v' '-o' 'cmTC_c3b45' '-mtune=generic' '-march=x86-64'
 /usr/lib/gcc/x86_64-linux-gnu/9/collect2 -plugin /usr/lib/gcc/x86_64-linux-gnu/9/liblto_plugin.so -plugin-opt=/usr/lib/gcc/x86_64-linux-gnu/9/lto-wrapper -plugin-opt=-fresolution=/tmp/ccOfEw1H.res -plugin-opt=-pass-through=-lgcc -plugin-opt=-pass-through=-lgcc_s -plugin-opt=-pass-through=-lc -plugin-opt=-pass-through=-lgcc -plugin-opt=-pass-through=-lgcc_s --build-id --eh-frame-hdr -m elf_x86_64 --hash-style=gnu --as-needed -dynamic-linker /lib64/ld-linux-x86-64.so.2 -pie -z now -z relro -o cmTC_c3b45 /usr/lib/gcc/x86_64-linux-gnu/9/../../../x86_64-linux-gnu/Scrt1.o /usr/lib/gcc/x86_64-linux-gnu/9/../../../x86_64-linux-gnu/crti.o /usr/lib/gcc/x86_64-linux-gnu/9/crtbeginS.o -L/usr/lib/gcc/x86_64-linux-gnu/9 -L/usr/lib/gcc/x86_64-linux-gnu/9/../../../x86_64-linux-gnu -L/usr/lib/gcc/x86_64-linux-gnu/9/../../../../lib -L/lib/x86_64-linux-gnu -L/lib/../lib -L/usr/lib/x86_64-linux-gnu -L/usr/lib/../lib -L/usr/lib/gcc/x86_64-linux-gnu/9/../../.. CMakeFiles/cmTC_c3b45.dir/CMakeCCompilerABI.c.o -lgcc --push-state --as-needed -lgcc_s --pop-state -lc -lgcc --push-state --as-needed -lgcc_s --pop-state /usr/lib/gcc/x86_64-linux-gnu/9/crtendS.o /usr/lib/gcc/x86_64-linux-gnu/9/../../../x86_64-linux-gnu/crtn.o
COLLECT_GCC_OPTIONS='-v' '-o' 'cmTC_c3b45' '-mtune=generic' '-march=x86-64'
make[1]: Leaving directory '/root/catkin_ws/newui_Greyform/build/CMakeFiles/CMakeTmp'



Parsed C implicit include dir info from above output: rv=done
  found start of include info
  found start of implicit include info
    add: [/usr/lib/gcc/x86_64-linux-gnu/9/include]
    add: [/usr/local/include]
    add: [/usr/include/x86_64-linux-gnu]
    add: [/usr/include]
  end of search list found
  collapse include dir [/usr/lib/gcc/x86_64-linux-gnu/9/include] ==> [/usr/lib/gcc/x86_64-linux-gnu/9/include]
  collapse include dir [/usr/local/include] ==> [/usr/local/include]
  collapse include dir [/usr/include/x86_64-linux-gnu] ==> [/usr/include/x86_64-linux-gnu]
  collapse include dir [/usr/include] ==> [/usr/include]
  implicit include dirs: [/usr/lib/gcc/x86_64-linux-gnu/9/include;/usr/local/include;/usr/include/x86_64-linux-gnu;/usr/include]


Parsed C implicit link information from above output:
  link line regex: [^( *|.*[/\])(ld|CMAKE_LINK_STARTFILE-NOTFOUND|([^/\]+-)?ld|collect2)[^/\]*( |$)]
  ignore line: [Change Dir: /root/catkin_ws/newui_Greyform/build/CMakeFiles/CMakeTmp]
  ignore line: []
  ignore line: [Run Build Command(s):/usr/bin/make cmTC_c3b45/fast && /usr/bin/make -f CMakeFiles/cmTC_c3b45.dir/build.make CMakeFiles/cmTC_c3b45.dir/build]
  ignore line: [make[1]: Entering directory '/root/catkin_ws/newui_Greyform/build/CMakeFiles/CMakeTmp']
  ignore line: [Building C object CMakeFiles/cmTC_c3b45.dir/CMakeCCompilerABI.c.o]
  ignore line: [/usr/bin/cc   -v -o CMakeFiles/cmTC_c3b45.dir/CMakeCCompilerABI.c.o   -c /usr/share/cmake-3.16/Modules/CMakeCCompilerABI.c]
  ignore line: [Using built-in specs.]
  ignore line: [COLLECT_GCC=/usr/bin/cc]
  ignore line: [OFFLOAD_TARGET_NAMES=nvptx-none:hsa]
  ignore line: [OFFLOAD_TARGET_DEFAULT=1]
  ignore line: [Target: x86_64-linux-gnu]
  ignore line: [Configured with: ../src/configure -v --with-pkgversion='Ubuntu 9.4.0-1ubuntu1~20.04.2' --with-bugurl=file:///usr/share/doc/gcc-9/README.Bugs --enable-languages=c ada c++ go brig d fortran objc obj-c++ gm2 --prefix=/usr --with-gcc-major-version-only --program-suffix=-9 --program-prefix=x86_64-linux-gnu- --enable-shared --enable-linker-build-id --libexecdir=/usr/lib --without-included-gettext --enable-threads=posix --libdir=/usr/lib --enable-nls --enable-clocale=gnu --enable-libstdcxx-debug --enable-libstdcxx-time=yes --with-default-libstdcxx-abi=new --enable-gnu-unique-object --disable-vtable-verify --enable-plugin --enable-default-pie --with-system-zlib --with-target-system-zlib=auto --enable-objc-gc=auto --enable-multiarch --disable-werror --with-arch-32=i686 --with-abi=m64 --with-multilib-list=m32 m64 mx32 --enable-multilib --with-tune=generic --enable-offload-targets=nvptx-none=/build/gcc-9-9QDOt0/gcc-9-9.4.0/debian/tmp-nvptx/usr hsa --without-cuda-driver --enable-checking=release --build=x86_64-linux-gnu --host=x86_64-linux-gnu --target=x86_64-linux-gnu]
  ignore line: [Thread model: posix]
  ignore line: [gcc version 9.4.0 (Ubuntu 9.4.0-1ubuntu1~20.04.2) ]
  ignore line: [COLLECT_GCC_OPTIONS='-v' '-o' 'CMakeFiles/cmTC_c3b45.dir/CMakeCCompilerABI.c.o' '-c' '-mtune=generic' '-march=x86-64']
  ignore line: [ /usr/lib/gcc/x86_64-linux-gnu/9/cc1 -quiet -v -imultiarch x86_64-linux-gnu /usr/share/cmake-3.16/Modules/CMakeCCompilerABI.c -quiet -dumpbase CMakeCCompilerABI.c -mtune=generic -march=x86-64 -auxbase-strip CMakeFiles/cmTC_c3b45.dir/CMakeCCompilerABI.c.o -version -fasynchronous-unwind-tables -fstack-protector-strong -Wformat -Wformat-security -fstack-clash-protection -fcf-protection -o /tmp/cc0Wtiih.s]
  ignore line: [GNU C17 (Ubuntu 9.4.0-1ubuntu1~20.04.2) version 9.4.0 (x86_64-linux-gnu)]
  ignore line: [	compiled by GNU C version 9.4.0  GMP version 6.2.0  MPFR version 4.0.2  MPC version 1.1.0  isl version isl-0.22.1-GMP]
  ignore line: []
  ignore line: [GGC heuristics: --param ggc-min-expand=100 --param ggc-min-heapsize=131072]
  ignore line: [ignoring nonexistent directory "/usr/local/include/x86_64-linux-gnu"]
  ignore line: [ignoring nonexistent directory "/usr/lib/gcc/x86_64-linux-gnu/9/include-fixed"]
  ignore line: [ignoring nonexistent directory "/usr/lib/gcc/x86_64-linux-gnu/9/../../../../x86_64-linux-gnu/include"]
  ignore line: [#include "..." search starts here:]
  ignore line: [#include <...> search starts here:]
  ignore line: [ /usr/lib/gcc/x86_64-linux-gnu/9/include]
  ignore line: [ /usr/local/include]
  ignore line: [ /usr/include/x86_64-linux-gnu]
  ignore line: [ /usr/include]
  ignore line: [End of search list.]
  ignore line: [GNU C17 (Ubuntu 9.4.0-1ubuntu1~20.04.2) version 9.4.0 (x86_64-linux-gnu)]
  ignore line: [	compiled by GNU C version 9.4.0  GMP version 6.2.0  MPFR version 4.0.2  MPC version 1.1.0  isl version isl-0.22.1-GMP]
  ignore line: []
  ignore line: [GGC heuristics: --param ggc-min-expand=100 --param ggc-min-heapsize=131072]
  ignore line: [Compiler executable checksum: 01da938ff5dc2163489aa33cb3b747a7]
  ignore line: [COLLECT_GCC_OPTIONS='-v' '-o' 'CMakeFiles/cmTC_c3b45.dir/CMakeCCompilerABI.c.o' '-c' '-mtune=generic' '-march=x86-64']
  ignore line: [ as -v --64 -o CMakeFiles/cmTC_c3b45.dir/CMakeCCompilerABI.c.o /tmp/cc0Wtiih.s]
  ignore line: [GNU assembler version 2.34 (x86_64-linux-gnu) using BFD version (GNU Binutils for Ubuntu) 2.34]
  ignore line: [COMPILER_PATH=/usr/lib/gcc/x86_64-linux-gnu/9/:/usr/lib/gcc/x86_64-linux-gnu/9/:/usr/lib/gcc/x86_64-linux-gnu/:/usr/lib/gcc/x86_64-linux-gnu/9/:/usr/lib/gcc/x86_64-linux-gnu/]
  ignore line: [LIBRARY_PATH=/usr/lib/gcc/x86_64-linux-gnu/9/:/usr/lib/gcc/x86_64-linux-gnu/9/../../../x86_64-linux-gnu/:/usr/lib/gcc/x86_64-linux-gnu/9/../../../../lib/:/lib/x86_64-linux-gnu/:/lib/../lib/:/usr/lib/x86_64-linux-gnu/:/usr/lib/../lib/:/usr/lib/gcc/x86_64-linux-gnu/9/../../../:/lib/:/usr/lib/]
  ignore line: [COLLECT_GCC_OPTIONS='-v' '-o' 'CMakeFiles/cmTC_c3b45.dir/CMakeCCompilerABI.c.o' '-c' '-mtune=generic' '-march=x86-64']
  ignore line: [Linking C executable cmTC_c3b45]
  ignore line: [/usr/bin/cmake -E cmake_link_script CMakeFiles/cmTC_c3b45.dir/link.txt --verbose=1]
  ignore line: [/usr/bin/cc     -v CMakeFiles/cmTC_c3b45.dir/CMakeCCompilerABI.c.o  -o cmTC_c3b45 ]
  ignore line: [Using built-in specs.]
  ignore line: [COLLECT_GCC=/usr/bin/cc]
  ignore line: [COLLECT_LTO_WRAPPER=/usr/lib/gcc/x86_64-linux-gnu/9/lto-wrapper]
  ignore line: [OFFLOAD_TARGET_NAMES=nvptx-none:hsa]
  ignore line: [OFFLOAD_TARGET_DEFAULT=1]
  ignore line: [Target: x86_64-linux-gnu]
  ignore line: [Configured with: ../src/configure -v --with-pkgversion='Ubuntu 9.4.0-1ubuntu1~20.04.2' --with-bugurl=file:///usr/share/doc/gcc-9/README.Bugs --enable-languages=c ada c++ go brig d fortran objc obj-c++ gm2 --prefix=/usr --with-gcc-major-version-only --program-suffix=-9 --program-prefix=x86_64-linux-gnu- --enable-shared --enable-linker-build-id --libexecdir=/usr/lib --without-included-gettext --enable-threads=posix --libdir=/usr/lib --enable-nls --enable-clocale=gnu --enable-libstdcxx-debug --enable-libstdcxx-time=yes --with-default-libstdcxx-abi=new --enable-gnu-unique-object --disable-vtable-verify --enable-plugin --enable-default-pie --with-system-zlib --with-target-system-zlib=auto --enable-objc-gc=auto --enable-multiarch --disable-werror --with-arch-32=i686 --with-abi=m64 --with-multilib-list=m32 m64 mx32 --enable-multilib --with-tune=generic --enable-offload-targets=nvptx-none=/build/gcc-9-9QDOt0/gcc-9-9.4.0/debian/tmp-nvptx/usr hsa --without-cuda-driver --enable-checking=release --build=x86_64-linux-gnu --host=x86_64-linux-gnu --target=x86_64-linux-gnu]
  ignore line: [Thread model: posix]
  ignore line: [gcc version 9.4.0 (Ubuntu 9.4.0-1ubuntu1~20.04.2) ]
  ignore line: [COMPILER_PATH=/usr/lib/gcc/x86_64-linux-gnu/9/:/usr/lib/gcc/x86_64-linux-gnu/9/:/usr/lib/gcc/x86_64-linux-gnu/:/usr/lib/gcc/x86_64-linux-gnu/9/:/usr/lib/gcc/x86_64-linux-gnu/]
  ignore line: [LIBRARY_PATH=/usr/lib/gcc/x86_64-linux-gnu/9/:/usr/lib/gcc/x86_64-linux-gnu/9/../../../x86_64-linux-gnu/:/usr/lib/gcc/x86_64-linux-gnu/9/../../../../lib/:/lib/x86_64-linux-gnu/:/lib/../lib/:/usr/lib/x86_64-linux-gnu/:/usr/lib/../lib/:/usr/lib/gcc/x86_64-linux-gnu/9/../../../:/lib/:/usr/lib/]
  ignore line: [COLLECT_GCC_OPTIONS='-v' '-o' 'cmTC_c3b45' '-mtune=generic' '-march=x86-64']
  link line: [ /usr/lib/gcc/x86_64-linux-gnu/9/collect2 -plugin /usr/lib/gcc/x86_64-linux-gnu/9/liblto_plugin.so -plugin-opt=/usr/lib/gcc/x86_64-linux-gnu/9/lto-wrapper -plugin-opt=-fresolution=/tmp/ccOfEw1H.res -plugin-opt=-pass-through=-lgcc -plugin-opt=-pass-through=-lgcc_s -plugin-opt=-pass-through=-lc -plugin-opt=-pass-through=-lgcc -plugin-opt=-pass-through=-lgcc_s --build-id --eh-frame-hdr -m elf_x86_64 --hash-style=gnu --as-needed -dynamic-linker /lib64/ld-linux-x86-64.so.2 -pie -z now -z relro -o cmTC_c3b45 /usr/lib/gcc/x86_64-linux-gnu/9/../../../x86_64-linux-gnu/Scrt1.o /usr/lib/gcc/x86_64-linux-gnu/9/../../../x86_64-linux-gnu/crti.o /usr/lib/gcc/x86_64-linux-gnu/9/crtbeginS.o -L/usr/lib/gcc/x86_64-linux-gnu/9 -L/usr/lib/gcc/x86_64-linux-gnu/9/../../../x86_64-linux-gnu -L/usr/lib/gcc/x86_64-linux-gnu/9/../../../../lib -L/lib/x86_64-linux-gnu -L/lib/../lib -L/usr/lib/x86_64-linux-gnu -L/usr/lib/../lib -L/usr/lib/gcc/x86_64-linux-gnu/9/../../.. CMakeFiles/cmTC_c3b45.dir/CMakeCCompilerABI.c.o -lgcc --push-state --as-needed -lgcc_s --pop-state -lc -lgcc --push-state --as-needed -lgcc_s --pop-state /usr/lib/gcc/x86_64-linux-gnu/9/crtendS.o /usr/lib/gcc/x86_64-linux-gnu/9/../../../x86_64-linux-gnu/crtn.o]
    arg [/usr/lib/gcc/x86_64-linux-gnu/9/collect2] ==> ignore
    arg [-plugin] ==> ignore
    arg [/usr/lib/gcc/x86_64-linux-gnu/9/liblto_plugin.so] ==> ignore
    arg [-plugin-opt=/usr/lib/gcc/x86_64-linux-gnu/9/lto-wrapper] ==> ignore
    arg [-plugin-opt=-fresolution=/tmp/ccOfEw1H.res] ==> ignore
    arg [-plugin-opt=-pass-through=-lgcc] ==> ignore
    arg [-plugin-opt=-pass-through=-lgcc_s] ==> ignore
    arg [-plugin-opt=-pass-through=-lc] ==> ignore
    arg [-plugin-opt=-pass-through=-lgcc] ==> ignore
    arg [-plugin-opt=-pass-through=-lgcc_s] ==> ignore
    arg [--build-id] ==> ignore
    arg [--eh-frame-hdr] ==> ignore
    arg [-m] ==> ignore
    arg [elf_x86_64] ==> ignore
    arg [--hash-style=gnu] ==> ignore
    arg [--as-needed] ==> ignore
    arg [-dynamic-linker] ==> ignore
    arg [/lib64/ld-linux-x86-64.so.2] ==> ignore
    arg [-pie] ==> ignore
    arg [-znow] ==> ignore
    arg [-zrelro] ==> ignore
    arg [-o] ==> ignore
    arg [cmTC_c3b45] ==> ignore
    arg [/usr/lib/gcc/x86_64-linux-gnu/9/../../../x86_64-linux-gnu/Scrt1.o] ==> ignore
    arg [/usr/lib/gcc/x86_64-linux-gnu/9/../../../x86_64-linux-gnu/crti.o] ==> ignore
    arg [/usr/lib/gcc/x86_64-linux-gnu/9/crtbeginS.o] ==> ignore
    arg [-L/usr/lib/gcc/x86_64-linux-gnu/9] ==> dir [/usr/lib/gcc/x86_64-linux-gnu/9]
    arg [-L/usr/lib/gcc/x86_64-linux-gnu/9/../../../x86_64-linux-gnu] ==> dir [/usr/lib/gcc/x86_64-linux-gnu/9/../../../x86_64-linux-gnu]
    arg [-L/usr/lib/gcc/x86_64-linux-gnu/9/../../../../lib] ==> dir [/usr/lib/gcc/x86_64-linux-gnu/9/../../../../lib]
    arg [-L/lib/x86_64-linux-gnu] ==> dir [/lib/x86_64-linux-gnu]
    arg [-L/lib/../lib] ==> dir [/lib/../lib]
    arg [-L/usr/lib/x86_64-linux-gnu] ==> dir [/usr/lib/x86_64-linux-gnu]
    arg [-L/usr/lib/../lib] ==> dir [/usr/lib/../lib]
    arg [-L/usr/lib/gcc/x86_64-linux-gnu/9/../../..] ==> dir [/usr/lib/gcc/x86_64-linux-gnu/9/../../..]
    arg [CMakeFiles/cmTC_c3b45.dir/CMakeCCompilerABI.c.o] ==> ignore
    arg [-lgcc] ==> lib [gcc]
    arg [--push-state] ==> ignore
    arg [--as-needed] ==> ignore
    arg [-lgcc_s] ==> lib [gcc_s]
    arg [--pop-state] ==> ignore
    arg [-lc] ==> lib [c]
    arg [-lgcc] ==> lib [gcc]
    arg [--push-state] ==> ignore
    arg [--as-needed] ==> ignore
    arg [-lgcc_s] ==> lib [gcc_s]
    arg [--pop-state] ==> ignore
    arg [/usr/lib/gcc/x86_64-linux-gnu/9/crtendS.o] ==> ignore
    arg [/usr/lib/gcc/x86_64-linux-gnu/9/../../../x86_64-linux-gnu/crtn.o] ==> ignore
  collapse library dir [/usr/lib/gcc/x86_64-linux-gnu/9] ==> [/usr/lib/gcc/x86_64-linux-gnu/9]
  collapse library dir [/usr/lib/gcc/x86_64-linux-gnu/9/../../../x86_64-linux-gnu] ==> [/usr/lib/x86_64-linux-gnu]
  collapse library dir [/usr/lib/gcc/x86_64-linux-gnu/9/../../../../lib] ==> [/usr/lib]
  collapse library dir [/lib/x86_64-linux-gnu] ==> [/lib/x86_64-linux-gnu]
  collapse library dir [/lib/../lib] ==> [/lib]
  collapse library dir [/usr/lib/x86_64-linux-gnu] ==> [/usr/lib/x86_64-linux-gnu]
  collapse library dir [/usr/lib/../lib] ==> [/usr/lib]
  collapse library dir [/usr/lib/gcc/x86_64-linux-gnu/9/../../..] ==> [/usr/lib]
  implicit libs: [gcc;gcc_s;c;gcc;gcc_s]
  implicit dirs: [/usr/lib/gcc/x86_64-linux-gnu/9;/usr/lib/x86_64-linux-gnu;/usr/lib;/lib/x86_64-linux-gnu;/lib]
  implicit fwks: []


Determining if the CXX compiler works passed with the following output:
Change Dir: /root/catkin_ws/newui_Greyform/build/CMakeFiles/CMakeTmp

Run Build Command(s):/usr/bin/make cmTC_cd332/fast && /usr/bin/make -f CMakeFiles/cmTC_cd332.dir/build.make CMakeFiles/cmTC_cd332.dir/build
make[1]: Entering directory '/root/catkin_ws/newui_Greyform/build/CMakeFiles/CMakeTmp'
Building CXX object CMakeFiles/cmTC_cd332.dir/testCXXCompiler.cxx.o
/usr/bin/c++     -o CMakeFiles/cmTC_cd332.dir/testCXXCompiler.cxx.o -c /root/catkin_ws/newui_Greyform/build/CMakeFiles/CMakeTmp/testCXXCompiler.cxx
Linking CXX executable cmTC_cd332
/usr/bin/cmake -E cmake_link_script CMakeFiles/cmTC_cd332.dir/link.txt --verbose=1
/usr/bin/c++       CMakeFiles/cmTC_cd332.dir/testCXXCompiler.cxx.o  -o cmTC_cd332 
make[1]: Leaving directory '/root/catkin_ws/newui_Greyform/build/CMakeFiles/CMakeTmp'



Detecting CXX compiler ABI info compiled with the following output:
Change Dir: /root/catkin_ws/newui_Greyform/build/CMakeFiles/CMakeTmp

Run Build Command(s):/usr/bin/make cmTC_0abc0/fast && /usr/bin/make -f CMakeFiles/cmTC_0abc0.dir/build.make CMakeFiles/cmTC_0abc0.dir/build
make[1]: Entering directory '/root/catkin_ws/newui_Greyform/build/CMakeFiles/CMakeTmp'
Building CXX object CMakeFiles/cmTC_0abc0.dir/CMakeCXXCompilerABI.cpp.o
/usr/bin/c++    -v -o CMakeFiles/cmTC_0abc0.dir/CMakeCXXCompilerABI.cpp.o -c /usr/share/cmake-3.16/Modules/CMakeCXXCompilerABI.cpp
Using built-in specs.
COLLECT_GCC=/usr/bin/c++
OFFLOAD_TARGET_NAMES=nvptx-none:hsa
OFFLOAD_TARGET_DEFAULT=1
Target: x86_64-linux-gnu
Configured with: ../src/configure -v --with-pkgversion='Ubuntu 9.4.0-1ubuntu1~20.04.2' --with-bugurl=file:///usr/share/doc/gcc-9/README.Bugs --enable-languages=c,ada,c++,go,brig,d,fortran,objc,obj-c++,gm2 --prefix=/usr --with-gcc-major-version-only --program-suffix=-9 --program-prefix=x86_64-linux-gnu- --enable-shared --enable-linker-build-id --libexecdir=/usr/lib --without-included-gettext --enable-threads=posix --libdir=/usr/lib --enable-nls --enable-clocale=gnu --enable-libstdcxx-debug --enable-libstdcxx-time=yes --with-default-libstdcxx-abi=new --enable-gnu-unique-object --disable-vtable-verify --enable-plugin --enable-default-pie --with-system-zlib --with-target-system-zlib=auto --enable-objc-gc=auto --enable-multiarch --disable-werror --with-arch-32=i686 --with-abi=m64 --with-multilib-list=m32,m64,mx32 --enable-multilib --with-tune=generic --enable-offload-targets=nvptx-none=/build/gcc-9-9QDOt0/gcc-9-9.4.0/debian/tmp-nvptx/usr,hsa --without-cuda-driver --enable-checking=release --build=x86_64-linux-gnu --host=x86_64-linux-gnu --target=x86_64-linux-gnu
Thread model: posix
gcc version 9.4.0 (Ubuntu 9.4.0-1ubuntu1~20.04.2) 
COLLECT_GCC_OPTIONS='-v' '-o' 'CMakeFiles/cmTC_0abc0.dir/CMakeCXXCompilerABI.cpp.o' '-c' '-shared-libgcc' '-mtune=generic' '-march=x86-64'
 /usr/lib/gcc/x86_64-linux-gnu/9/cc1plus -quiet -v -imultiarch x86_64-linux-gnu -D_GNU_SOURCE /usr/share/cmake-3.16/Modules/CMakeCXXCompilerABI.cpp -quiet -dumpbase CMakeCXXCompilerABI.cpp -mtune=generic -march=x86-64 -auxbase-strip CMakeFiles/cmTC_0abc0.dir/CMakeCXXCompilerABI.cpp.o -version -fasynchronous-unwind-tables -fstack-protector-strong -Wformat -Wformat-security -fstack-clash-protection -fcf-protection -o /tmp/cceRMHrr.s
GNU C++14 (Ubuntu 9.4.0-1ubuntu1~20.04.2) version 9.4.0 (x86_64-linux-gnu)
	compiled by GNU C version 9.4.0, GMP version 6.2.0, MPFR version 4.0.2, MPC version 1.1.0, isl version isl-0.22.1-GMP

GGC heuristics: --param ggc-min-expand=100 --param ggc-min-heapsize=131072
ignoring duplicate directory "/usr/include/x86_64-linux-gnu/c++/9"
ignoring nonexistent directory "/usr/local/include/x86_64-linux-gnu"
ignoring nonexistent directory "/usr/lib/gcc/x86_64-linux-gnu/9/include-fixed"
ignoring nonexistent directory "/usr/lib/gcc/x86_64-linux-gnu/9/../../../../x86_64-linux-gnu/include"
#include "..." search starts here:
#include <...> search starts here:
 /usr/include/c++/9
 /usr/include/x86_64-linux-gnu/c++/9
 /usr/include/c++/9/backward
 /usr/lib/gcc/x86_64-linux-gnu/9/include
 /usr/local/include
 /usr/include/x86_64-linux-gnu
 /usr/include
End of search list.
GNU C++14 (Ubuntu 9.4.0-1ubuntu1~20.04.2) version 9.4.0 (x86_64-linux-gnu)
	compiled by GNU C version 9.4.0, GMP version 6.2.0, MPFR version 4.0.2, MPC version 1.1.0, isl version isl-0.22.1-GMP

GGC heuristics: --param ggc-min-expand=100 --param ggc-min-heapsize=131072
Compiler executable checksum: 3d1eba838554fa2348dba760e4770469
COLLECT_GCC_OPTIONS='-v' '-o' 'CMakeFiles/cmTC_0abc0.dir/CMakeCXXCompilerABI.cpp.o' '-c' '-shared-libgcc' '-mtune=generic' '-march=x86-64'
 as -v --64 -o CMakeFiles/cmTC_0abc0.dir/CMakeCXXCompilerABI.cpp.o /tmp/cceRMHrr.s
GNU assembler version 2.34 (x86_64-linux-gnu) using BFD version (GNU Binutils for Ubuntu) 2.34
COMPILER_PATH=/usr/lib/gcc/x86_64-linux-gnu/9/:/usr/lib/gcc/x86_64-linux-gnu/9/:/usr/lib/gcc/x86_64-linux-gnu/:/usr/lib/gcc/x86_64-linux-gnu/9/:/usr/lib/gcc/x86_64-linux-gnu/
LIBRARY_PATH=/usr/lib/gcc/x86_64-linux-gnu/9/:/usr/lib/gcc/x86_64-linux-gnu/9/../../../x86_64-linux-gnu/:/usr/lib/gcc/x86_64-linux-gnu/9/../../../../lib/:/lib/x86_64-linux-gnu/:/lib/../lib/:/usr/lib/x86_64-linux-gnu/:/usr/lib/../lib/:/usr/lib/gcc/x86_64-linux-gnu/9/../../../:/lib/:/usr/lib/
COLLECT_GCC_OPTIONS='-v' '-o' 'CMakeFiles/cmTC_0abc0.dir/CMakeCXXCompilerABI.cpp.o' '-c' '-shared-libgcc' '-mtune=generic' '-march=x86-64'
Linking CXX executable cmTC_0abc0
/usr/bin/cmake -E cmake_link_script CMakeFiles/cmTC_0abc0.dir/link.txt --verbose=1
/usr/bin/c++      -v CMakeFiles/cmTC_0abc0.dir/CMakeCXXCompilerABI.cpp.o  -o cmTC_0abc0 
Using built-in specs.
COLLECT_GCC=/usr/bin/c++
COLLECT_LTO_WRAPPER=/usr/lib/gcc/x86_64-linux-gnu/9/lto-wrapper
OFFLOAD_TARGET_NAMES=nvptx-none:hsa
OFFLOAD_TARGET_DEFAULT=1
Target: x86_64-linux-gnu
Configured with: ../src/configure -v --with-pkgversion='Ubuntu 9.4.0-1ubuntu1~20.04.2' --with-bugurl=file:///usr/share/doc/gcc-9/README.Bugs --enable-languages=c,ada,c++,go,brig,d,fortran,objc,obj-c++,gm2 --prefix=/usr --with-gcc-major-version-only --program-suffix=-9 --program-prefix=x86_64-linux-gnu- --enable-shared --enable-linker-build-id --libexecdir=/usr/lib --without-included-gettext --enable-threads=posix --libdir=/usr/lib --enable-nls --enable-clocale=gnu --enable-libstdcxx-debug --enable-libstdcxx-time=yes --with-default-libstdcxx-abi=new --enable-gnu-unique-object --disable-vtable-verify --enable-plugin --enable-default-pie --with-system-zlib --with-target-system-zlib=auto --enable-objc-gc=auto --enable-multiarch --disable-werror --with-arch-32=i686 --with-abi=m64 --with-multilib-list=m32,m64,mx32 --enable-multilib --with-tune=generic --enable-offload-targets=nvptx-none=/build/gcc-9-9QDOt0/gcc-9-9.4.0/debian/tmp-nvptx/usr,hsa --without-cuda-driver --enable-checking=release --build=x86_64-linux-gnu --host=x86_64-linux-gnu --target=x86_64-linux-gnu
Thread model: posix
gcc version 9.4.0 (Ubuntu 9.4.0-1ubuntu1~20.04.2) 
COMPILER_PATH=/usr/lib/gcc/x86_64-linux-gnu/9/:/usr/lib/gcc/x86_64-linux-gnu/9/:/usr/lib/gcc/x86_64-linux-gnu/:/usr/lib/gcc/x86_64-linux-gnu/9/:/usr/lib/gcc/x86_64-linux-gnu/
LIBRARY_PATH=/usr/lib/gcc/x86_64-linux-gnu/9/:/usr/lib/gcc/x86_64-linux-gnu/9/../../../x86_64-linux-gnu/:/usr/lib/gcc/x86_64-linux-gnu/9/../../../../lib/:/lib/x86_64-linux-gnu/:/lib/../lib/:/usr/lib/x86_64-linux-gnu/:/usr/lib/../lib/:/usr/lib/gcc/x86_64-linux-gnu/9/../../../:/lib/:/usr/lib/
COLLECT_GCC_OPTIONS='-v' '-o' 'cmTC_0abc0' '-shared-libgcc' '-mtune=generic' '-march=x86-64'
 /usr/lib/gcc/x86_64-linux-gnu/9/collect2 -plugin /usr/lib/gcc/x86_64-linux-gnu/9/liblto_plugin.so -plugin-opt=/usr/lib/gcc/x86_64-linux-gnu/9/lto-wrapper -plugin-opt=-fresolution=/tmp/ccHZwp9r.res -plugin-opt=-pass-through=-lgcc_s -plugin-opt=-pass-through=-lgcc -plugin-opt=-pass-through=-lc -plugin-opt=-pass-through=-lgcc_s -plugin-opt=-pass-through=-lgcc --build-id --eh-frame-hdr -m elf_x86_64 --hash-style=gnu --as-needed -dynamic-linker /lib64/ld-linux-x86-64.so.2 -pie -z now -z relro -o cmTC_0abc0 /usr/lib/gcc/x86_64-linux-gnu/9/../../../x86_64-linux-gnu/Scrt1.o /usr/lib/gcc/x86_64-linux-gnu/9/../../../x86_64-linux-gnu/crti.o /usr/lib/gcc/x86_64-linux-gnu/9/crtbeginS.o -L/usr/lib/gcc/x86_64-linux-gnu/9 -L/usr/lib/gcc/x86_64-linux-gnu/9/../../../x86_64-linux-gnu -L/usr/lib/gcc/x86_64-linux-gnu/9/../../../../lib -L/lib/x86_64-linux-gnu -L/lib/../lib -L/usr/lib/x86_64-linux-gnu -L/usr/lib/../lib -L/usr/lib/gcc/x86_64-linux-gnu/9/../../.. CMakeFiles/cmTC_0abc0.dir/CMakeCXXCompilerABI.cpp.o -lstdc++ -lm -lgcc_s -lgcc -lc -lgcc_s -lgcc /usr/lib/gcc/x86_64-linux-gnu/9/crtendS.o /usr/lib/gcc/x86_64-linux-gnu/9/../../../x86_64-linux-gnu/crtn.o
COLLECT_GCC_OPTIONS='-v' '-o' 'cmTC_0abc0' '-shared-libgcc' '-mtune=generic' '-march=x86-64'
make[1]: Leaving directory '/root/catkin_ws/newui_Greyform/build/CMakeFiles/CMakeTmp'



Parsed CXX implicit include dir info from above output: rv=done
  found start of include info
  found start of implicit include info
    add: [/usr/include/c++/9]
    add: [/usr/include/x86_64-linux-gnu/c++/9]
    add: [/usr/include/c++/9/backward]
    add: [/usr/lib/gcc/x86_64-linux-gnu/9/include]
    add: [/usr/local/include]
    add: [/usr/include/x86_64-linux-gnu]
    add: [/usr/include]
  end of search list found
  collapse include dir [/usr/include/c++/9] ==> [/usr/include/c++/9]
  collapse include dir [/usr/include/x86_64-linux-gnu/c++/9] ==> [/usr/include/x86_64-linux-gnu/c++/9]
  collapse include dir [/usr/include/c++/9/backward] ==> [/usr/include/c++/9/backward]
  collapse include dir [/usr/lib/gcc/x86_64-linux-gnu/9/include] ==> [/usr/lib/gcc/x86_64-linux-gnu/9/include]
  collapse include dir [/usr/local/include] ==> [/usr/local/include]
  collapse include dir [/usr/include/x86_64-linux-gnu] ==> [/usr/include/x86_64-linux-gnu]
  collapse include dir [/usr/include] ==> [/usr/include]
  implicit include dirs: [/usr/include/c++/9;/usr/include/x86_64-linux-gnu/c++/9;/usr/include/c++/9/backward;/usr/lib/gcc/x86_64-linux-gnu/9/include;/usr/local/include;/usr/include/x86_64-linux-gnu;/usr/include]


Parsed CXX implicit link information from above output:
  link line regex: [^( *|.*[/\])(ld|CMAKE_LINK_STARTFILE-NOTFOUND|([^/\]+-)?ld|collect2)[^/\]*( |$)]
  ignore line: [Change Dir: /root/catkin_ws/newui_Greyform/build/CMakeFiles/CMakeTmp]
  ignore line: []
  ignore line: [Run Build Command(s):/usr/bin/make cmTC_0abc0/fast && /usr/bin/make -f CMakeFiles/cmTC_0abc0.dir/build.make CMakeFiles/cmTC_0abc0.dir/build]
  ignore line: [make[1]: Entering directory '/root/catkin_ws/newui_Greyform/build/CMakeFiles/CMakeTmp']
  ignore line: [Building CXX object CMakeFiles/cmTC_0abc0.dir/CMakeCXXCompilerABI.cpp.o]
  ignore line: [/usr/bin/c++    -v -o CMakeFiles/cmTC_0abc0.dir/CMakeCXXCompilerABI.cpp.o -c /usr/share/cmake-3.16/Modules/CMakeCXXCompilerABI.cpp]
  ignore line: [Using built-in specs.]
  ignore line: [COLLECT_GCC=/usr/bin/c++]
  ignore line: [OFFLOAD_TARGET_NAMES=nvptx-none:hsa]
  ignore line: [OFFLOAD_TARGET_DEFAULT=1]
  ignore line: [Target: x86_64-linux-gnu]
  ignore line: [Configured with: ../src/configure -v --with-pkgversion='Ubuntu 9.4.0-1ubuntu1~20.04.2' --with-bugurl=file:///usr/share/doc/gcc-9/README.Bugs --enable-languages=c ada c++ go brig d fortran objc obj-c++ gm2 --prefix=/usr --with-gcc-major-version-only --program-suffix=-9 --program-prefix=x86_64-linux-gnu- --enable-shared --enable-linker-build-id --libexecdir=/usr/lib --without-included-gettext --enable-threads=posix --libdir=/usr/lib --enable-nls --enable-clocale=gnu --enable-libstdcxx-debug --enable-libstdcxx-time=yes --with-default-libstdcxx-abi=new --enable-gnu-unique-object --disable-vtable-verify --enable-plugin --enable-default-pie --with-system-zlib --with-target-system-zlib=auto --enable-objc-gc=auto --enable-multiarch --disable-werror --with-arch-32=i686 --with-abi=m64 --with-multilib-list=m32 m64 mx32 --enable-multilib --with-tune=generic --enable-offload-targets=nvptx-none=/build/gcc-9-9QDOt0/gcc-9-9.4.0/debian/tmp-nvptx/usr hsa --without-cuda-driver --enable-checking=release --build=x86_64-linux-gnu --host=x86_64-linux-gnu --target=x86_64-linux-gnu]
  ignore line: [Thread model: posix]
  ignore line: [gcc version 9.4.0 (Ubuntu 9.4.0-1ubuntu1~20.04.2) ]
  ignore line: [COLLECT_GCC_OPTIONS='-v' '-o' 'CMakeFiles/cmTC_0abc0.dir/CMakeCXXCompilerABI.cpp.o' '-c' '-shared-libgcc' '-mtune=generic' '-march=x86-64']
  ignore line: [ /usr/lib/gcc/x86_64-linux-gnu/9/cc1plus -quiet -v -imultiarch x86_64-linux-gnu -D_GNU_SOURCE /usr/share/cmake-3.16/Modules/CMakeCXXCompilerABI.cpp -quiet -dumpbase CMakeCXXCompilerABI.cpp -mtune=generic -march=x86-64 -auxbase-strip CMakeFiles/cmTC_0abc0.dir/CMakeCXXCompilerABI.cpp.o -version -fasynchronous-unwind-tables -fstack-protector-strong -Wformat -Wformat-security -fstack-clash-protection -fcf-protection -o /tmp/cceRMHrr.s]
  ignore line: [GNU C++14 (Ubuntu 9.4.0-1ubuntu1~20.04.2) version 9.4.0 (x86_64-linux-gnu)]
  ignore line: [	compiled by GNU C version 9.4.0  GMP version 6.2.0  MPFR version 4.0.2  MPC version 1.1.0  isl version isl-0.22.1-GMP]
  ignore line: []
  ignore line: [GGC heuristics: --param ggc-min-expand=100 --param ggc-min-heapsize=131072]
  ignore line: [ignoring duplicate directory "/usr/include/x86_64-linux-gnu/c++/9"]
  ignore line: [ignoring nonexistent directory "/usr/local/include/x86_64-linux-gnu"]
  ignore line: [ignoring nonexistent directory "/usr/lib/gcc/x86_64-linux-gnu/9/include-fixed"]
  ignore line: [ignoring nonexistent directory "/usr/lib/gcc/x86_64-linux-gnu/9/../../../../x86_64-linux-gnu/include"]
  ignore line: [#include "..." search starts here:]
  ignore line: [#include <...> search starts here:]
  ignore line: [ /usr/include/c++/9]
  ignore line: [ /usr/include/x86_64-linux-gnu/c++/9]
  ignore line: [ /usr/include/c++/9/backward]
  ignore line: [ /usr/lib/gcc/x86_64-linux-gnu/9/include]
  ignore line: [ /usr/local/include]
  ignore line: [ /usr/include/x86_64-linux-gnu]
  ignore line: [ /usr/include]
  ignore line: [End of search list.]
  ignore line: [GNU C++14 (Ubuntu 9.4.0-1ubuntu1~20.04.2) version 9.4.0 (x86_64-linux-gnu)]
  ignore line: [	compiled by GNU C version 9.4.0  GMP version 6.2.0  MPFR version 4.0.2  MPC version 1.1.0  isl version isl-0.22.1-GMP]
  ignore line: []
  ignore line: [GGC heuristics: --param ggc-min-expand=100 --param ggc-min-heapsize=131072]
  ignore line: [Compiler executable checksum: 3d1eba838554fa2348dba760e4770469]
  ignore line: [COLLECT_GCC_OPTIONS='-v' '-o' 'CMakeFiles/cmTC_0abc0.dir/CMakeCXXCompilerABI.cpp.o' '-c' '-shared-libgcc' '-mtune=generic' '-march=x86-64']
  ignore line: [ as -v --64 -o CMakeFiles/cmTC_0abc0.dir/CMakeCXXCompilerABI.cpp.o /tmp/cceRMHrr.s]
  ignore line: [GNU assembler version 2.34 (x86_64-linux-gnu) using BFD version (GNU Binutils for Ubuntu) 2.34]
  ignore line: [COMPILER_PATH=/usr/lib/gcc/x86_64-linux-gnu/9/:/usr/lib/gcc/x86_64-linux-gnu/9/:/usr/lib/gcc/x86_64-linux-gnu/:/usr/lib/gcc/x86_64-linux-gnu/9/:/usr/lib/gcc/x86_64-linux-gnu/]
  ignore line: [LIBRARY_PATH=/usr/lib/gcc/x86_64-linux-gnu/9/:/usr/lib/gcc/x86_64-linux-gnu/9/../../../x86_64-linux-gnu/:/usr/lib/gcc/x86_64-linux-gnu/9/../../../../lib/:/lib/x86_64-linux-gnu/:/lib/../lib/:/usr/lib/x86_64-linux-gnu/:/usr/lib/../lib/:/usr/lib/gcc/x86_64-linux-gnu/9/../../../:/lib/:/usr/lib/]
  ignore line: [COLLECT_GCC_OPTIONS='-v' '-o' 'CMakeFiles/cmTC_0abc0.dir/CMakeCXXCompilerABI.cpp.o' '-c' '-shared-libgcc' '-mtune=generic' '-march=x86-64']
  ignore line: [Linking CXX executable cmTC_0abc0]
  ignore line: [/usr/bin/cmake -E cmake_link_script CMakeFiles/cmTC_0abc0.dir/link.txt --verbose=1]
  ignore line: [/usr/bin/c++      -v CMakeFiles/cmTC_0abc0.dir/CMakeCXXCompilerABI.cpp.o  -o cmTC_0abc0 ]
  ignore line: [Using built-in specs.]
  ignore line: [COLLECT_GCC=/usr/bin/c++]
  ignore line: [COLLECT_LTO_WRAPPER=/usr/lib/gcc/x86_64-linux-gnu/9/lto-wrapper]
  ignore line: [OFFLOAD_TARGET_NAMES=nvptx-none:hsa]
  ignore line: [OFFLOAD_TARGET_DEFAULT=1]
  ignore line: [Target: x86_64-linux-gnu]
  ignore line: [Configured with: ../src/configure -v --with-pkgversion='Ubuntu 9.4.0-1ubuntu1~20.04.2' --with-bugurl=file:///usr/share/doc/gcc-9/README.Bugs --enable-languages=c ada c++ go brig d fortran objc obj-c++ gm2 --prefix=/usr --with-gcc-major-version-only --program-suffix=-9 --program-prefix=x86_64-linux-gnu- --enable-shared --enable-linker-build-id --libexecdir=/usr/lib --without-included-gettext --enable-threads=posix --libdir=/usr/lib --enable-nls --enable-clocale=gnu --enable-libstdcxx-debug --enable-libstdcxx-time=yes --with-default-libstdcxx-abi=new --enable-gnu-unique-object --disable-vtable-verify --enable-plugin --enable-default-pie --with-system-zlib --with-target-system-zlib=auto --enable-objc-gc=auto --enable-multiarch --disable-werror --with-arch-32=i686 --with-abi=m64 --with-multilib-list=m32 m64 mx32 --enable-multilib --with-tune=generic --enable-offload-targets=nvptx-none=/build/gcc-9-9QDOt0/gcc-9-9.4.0/debian/tmp-nvptx/usr hsa --without-cuda-driver --enable-checking=release --build=x86_64-linux-gnu --host=x86_64-linux-gnu --target=x86_64-linux-gnu]
  ignore line: [Thread model: posix]
  ignore line: [gcc version 9.4.0 (Ubuntu 9.4.0-1ubuntu1~20.04.2) ]
  ignore line: [COMPILER_PATH=/usr/lib/gcc/x86_64-linux-gnu/9/:/usr/lib/gcc/x86_64-linux-gnu/9/:/usr/lib/gcc/x86_64-linux-gnu/:/usr/lib/gcc/x86_64-linux-gnu/9/:/usr/lib/gcc/x86_64-linux-gnu/]
  ignore line: [LIBRARY_PATH=/usr/lib/gcc/x86_64-linux-gnu/9/:/usr/lib/gcc/x86_64-linux-gnu/9/../../../x86_64-linux-gnu/:/usr/lib/gcc/x86_64-linux-gnu/9/../../../../lib/:/lib/x86_64-linux-gnu/:/lib/../lib/:/usr/lib/x86_64-linux-gnu/:/usr/lib/../lib/:/usr/lib/gcc/x86_64-linux-gnu/9/../../../:/lib/:/usr/lib/]
  ignore line: [COLLECT_GCC_OPTIONS='-v' '-o' 'cmTC_0abc0' '-shared-libgcc' '-mtune=generic' '-march=x86-64']
  link line: [ /usr/lib/gcc/x86_64-linux-gnu/9/collect2 -plugin /usr/lib/gcc/x86_64-linux-gnu/9/liblto_plugin.so -plugin-opt=/usr/lib/gcc/x86_64-linux-gnu/9/lto-wrapper -plugin-opt=-fresolution=/tmp/ccHZwp9r.res -plugin-opt=-pass-through=-lgcc_s -plugin-opt=-pass-through=-lgcc -plugin-opt=-pass-through=-lc -plugin-opt=-pass-through=-lgcc_s -plugin-opt=-pass-through=-lgcc --build-id --eh-frame-hdr -m elf_x86_64 --hash-style=gnu --as-needed -dynamic-linker /lib64/ld-linux-x86-64.so.2 -pie -z now -z relro -o cmTC_0abc0 /usr/lib/gcc/x86_64-linux-gnu/9/../../../x86_64-linux-gnu/Scrt1.o /usr/lib/gcc/x86_64-linux-gnu/9/../../../x86_64-linux-gnu/crti.o /usr/lib/gcc/x86_64-linux-gnu/9/crtbeginS.o -L/usr/lib/gcc/x86_64-linux-gnu/9 -L/usr/lib/gcc/x86_64-linux-gnu/9/../../../x86_64-linux-gnu -L/usr/lib/gcc/x86_64-linux-gnu/9/../../../../lib -L/lib/x86_64-linux-gnu -L/lib/../lib -L/usr/lib/x86_64-linux-gnu -L/usr/lib/../lib -L/usr/lib/gcc/x86_64-linux-gnu/9/../../.. CMakeFiles/cmTC_0abc0.dir/CMakeCXXCompilerABI.cpp.o -lstdc++ -lm -lgcc_s -lgcc -lc -lgcc_s -lgcc /usr/lib/gcc/x86_64-linux-gnu/9/crtendS.o /usr/lib/gcc/x86_64-linux-gnu/9/../../../x86_64-linux-gnu/crtn.o]
    arg [/usr/lib/gcc/x86_64-linux-gnu/9/collect2] ==> ignore
    arg [-plugin] ==> ignore
    arg [/usr/lib/gcc/x86_64-linux-gnu/9/liblto_plugin.so] ==> ignore
    arg [-plugin-opt=/usr/lib/gcc/x86_64-linux-gnu/9/lto-wrapper] ==> ignore
    arg [-plugin-opt=-fresolution=/tmp/ccHZwp9r.res] ==> ignore
    arg [-plugin-opt=-pass-through=-lgcc_s] ==> ignore
    arg [-plugin-opt=-pass-through=-lgcc] ==> ignore
    arg [-plugin-opt=-pass-through=-lc] ==> ignore
    arg [-plugin-opt=-pass-through=-lgcc_s] ==> ignore
    arg [-plugin-opt=-pass-through=-lgcc] ==> ignore
    arg [--build-id] ==> ignore
    arg [--eh-frame-hdr] ==> ignore
    arg [-m] ==> ignore
    arg [elf_x86_64] ==> ignore
    arg [--hash-style=gnu] ==> ignore
    arg [--as-needed] ==> ignore
    arg [-dynamic-linker] ==> ignore
    arg [/lib64/ld-linux-x86-64.so.2] ==> ignore
    arg [-pie] ==> ignore
    arg [-znow] ==> ignore
    arg [-zrelro] ==> ignore
    arg [-o] ==> ignore
    arg [cmTC_0abc0] ==> ignore
    arg [/usr/lib/gcc/x86_64-linux-gnu/9/../../../x86_64-linux-gnu/Scrt1.o] ==> ignore
    arg [/usr/lib/gcc/x86_64-linux-gnu/9/../../../x86_64-linux-gnu/crti.o] ==> ignore
    arg [/usr/lib/gcc/x86_64-linux-gnu/9/crtbeginS.o] ==> ignore
    arg [-L/usr/lib/gcc/x86_64-linux-gnu/9] ==> dir [/usr/lib/gcc/x86_64-linux-gnu/9]
    arg [-L/usr/lib/gcc/x86_64-linux-gnu/9/../../../x86_64-linux-gnu] ==> dir [/usr/lib/gcc/x86_64-linux-gnu/9/../../../x86_64-linux-gnu]
    arg [-L/usr/lib/gcc/x86_64-linux-gnu/9/../../../../lib] ==> dir [/usr/lib/gcc/x86_64-linux-gnu/9/../../../../lib]
    arg [-L/lib/x86_64-linux-gnu] ==> dir [/lib/x86_64-linux-gnu]
    arg [-L/lib/../lib] ==> dir [/lib/../lib]
    arg [-L/usr/lib/x86_64-linux-gnu] ==> dir [/usr/lib/x86_64-linux-gnu]
    arg [-L/usr/lib/../lib] ==> dir [/usr/lib/../lib]
    arg [-L/usr/lib/gcc/x86_64-linux-gnu/9/../../..] ==> dir [/usr/lib/gcc/x86_64-linux-gnu/9/../../..]
    arg [CMakeFiles/cmTC_0abc0.dir/CMakeCXXCompilerABI.cpp.o] ==> ignore
    arg [-lstdc++] ==> lib [stdc++]
    arg [-lm] ==> lib [m]
    arg [-lgcc_s] ==> lib [gcc_s]
    arg [-lgcc] ==> lib [gcc]
    arg [-lc] ==> lib [c]
    arg [-lgcc_s] ==> lib [gcc_s]
    arg [-lgcc] ==> lib [gcc]
    arg [/usr/lib/gcc/x86_64-linux-gnu/9/crtendS.o] ==> ignore
    arg [/usr/lib/gcc/x86_64-linux-gnu/9/../../../x86_64-linux-gnu/crtn.o] ==> ignore
  collapse library dir [/usr/lib/gcc/x86_64-linux-gnu/9] ==> [/usr/lib/gcc/x86_64-linux-gnu/9]
  collapse library dir [/usr/lib/gcc/x86_64-linux-gnu/9/../../../x86_64-linux-gnu] ==> [/usr/lib/x86_64-linux-gnu]
  collapse library dir [/usr/lib/gcc/x86_64-linux-gnu/9/../../../../lib] ==> [/usr/lib]
  collapse library dir [/lib/x86_64-linux-gnu] ==> [/lib/x86_64-linux-gnu]
  collapse library dir [/lib/../lib] ==> [/lib]
  collapse library dir [/usr/lib/x86_64-linux-gnu] ==> [/usr/lib/x86_64-linux-gnu]
  collapse library dir [/usr/lib/../lib] ==> [/usr/lib]
  collapse library dir [/usr/lib/gcc/x86_64-linux-gnu/9/../../..] ==> [/usr/lib]
  implicit libs: [stdc++;m;gcc_s;gcc;c;gcc_s;gcc]
  implicit dirs: [/usr/lib/gcc/x86_64-linux-gnu/9;/usr/lib/x86_64-linux-gnu;/usr/lib;/lib/x86_64-linux-gnu;/lib]
  implicit fwks: []


Determining if the include file pthread.h exists passed with the following output:
Change Dir: /root/catkin_ws/newui_Greyform/build/CMakeFiles/CMakeTmp

Run Build Command(s):/usr/bin/make cmTC_88191/fast && /usr/bin/make -f CMakeFiles/cmTC_88191.dir/build.make CMakeFiles/cmTC_88191.dir/build
make[1]: Entering directory '/root/catkin_ws/newui_Greyform/build/CMakeFiles/CMakeTmp'
Building C object CMakeFiles/cmTC_88191.dir/CheckIncludeFile.c.o
/usr/bin/cc    -o CMakeFiles/cmTC_88191.dir/CheckIncludeFile.c.o   -c /root/catkin_ws/newui_Greyform/build/CMakeFiles/CMakeTmp/CheckIncludeFile.c
Linking C executable cmTC_88191
/usr/bin/cmake -E cmake_link_script CMakeFiles/cmTC_88191.dir/link.txt --verbose=1
/usr/bin/cc      CMakeFiles/cmTC_88191.dir/CheckIncludeFile.c.o  -o cmTC_88191 
make[1]: Leaving directory '/root/catkin_ws/newui_Greyform/build/CMakeFiles/CMakeTmp'



Determining if the function pthread_create exists in the pthread passed with the following output:
Change Dir: /root/catkin_ws/newui_Greyform/build/CMakeFiles/CMakeTmp

Run Build Command(s):/usr/bin/make cmTC_8a01a/fast && /usr/bin/make -f CMakeFiles/cmTC_8a01a.dir/build.make CMakeFiles/cmTC_8a01a.dir/build
make[1]: Entering directory '/root/catkin_ws/newui_Greyform/build/CMakeFiles/CMakeTmp'
Building C object CMakeFiles/cmTC_8a01a.dir/CheckFunctionExists.c.o
/usr/bin/cc   -DCHECK_FUNCTION_EXISTS=pthread_create   -o CMakeFiles/cmTC_8a01a.dir/CheckFunctionExists.c.o   -c /usr/share/cmake-3.16/Modules/CheckFunctionExists.c
Linking C executable cmTC_8a01a
/usr/bin/cmake -E cmake_link_script CMakeFiles/cmTC_8a01a.dir/link.txt --verbose=1
/usr/bin/cc  -DCHECK_FUNCTION_EXISTS=pthread_create    CMakeFiles/cmTC_8a01a.dir/CheckFunctionExists.c.o  -o cmTC_8a01a  -lpthread 
make[1]: Leaving directory '/root/catkin_ws/newui_Greyform/build/CMakeFiles/CMakeTmp'



