[0.000000] (-) TimerEvent: {}
[0.003470] (my-test-package) JobQueued: {'identifier': 'my-test-package', 'dependencies': OrderedDict()}
[0.003982] (my_package) JobQueued: {'identifier': 'my_package', 'dependencies': OrderedDict()}
[0.004184] (my_robot_wallinterfaces) JobQueued: {'identifier': 'my_robot_wallinterfaces', 'dependencies': OrderedDict()}
[0.009563] (talker_listener) JobQueued: {'identifier': 'talker_listener', 'dependencies': OrderedDict([('my_robot_wallinterfaces', '/home/ubuntu/ros2_ws/src/Greyform-linux/Python_Application/install/my_robot_wallinterfaces')])}
[0.021327] (my_robot_wallinterfaces) JobStarted: {'identifier': 'my_robot_wallinterfaces'}
[0.099560] (-) TimerEvent: {}
[0.151173] (my-test-package) JobStarted: {'identifier': 'my-test-package'}
[0.176861] (my_package) JobStarted: {'identifier': 'my_package'}
[0.199374] (my_robot_wallinterfaces) JobProgress: {'identifier': 'my_robot_wallinterfaces', 'progress': 'cmake'}
[0.199869] (-) TimerEvent: {}
[0.242048] (my_robot_wallinterfaces) JobProgress: {'identifier': 'my_robot_wallinterfaces', 'progress': 'build'}
[0.242251] (my_robot_wallinterfaces) Command: {'cmd': ['/usr/bin/cmake', '--build', '/home/ubuntu/ros2_ws/src/Greyform-linux/Python_Application/build/my_robot_wallinterfaces', '--', '-j8', '-l8'], 'cwd': '/home/ubuntu/ros2_ws/src/Greyform-linux/Python_Application/build/my_robot_wallinterfaces', 'env': OrderedDict([('GJS_DEBUG_TOPICS', 'JS ERROR;JS LOG'), ('LESSOPEN', '| /usr/bin/lesspipe %s'), ('USER', 'ubuntu'), ('LC_TIME', 'id_ID.UTF-8'), ('FONTCONFIG_PATH', '/etc/fonts'), ('GIO_MODULE_DIR', '/home/ubuntu/snap/code/common/.cache/gio-modules'), ('XDG_SESSION_TYPE', 'x11'), ('GIT_ASKPASS', '/snap/code/191/usr/share/code/resources/app/extensions/git/dist/askpass.sh'), ('GTK_EXE_PREFIX_VSCODE_SNAP_ORIG', ''), ('GDK_BACKEND_VSCODE_SNAP_ORIG', ''), ('SHLVL', '1'), ('LD_LIBRARY_PATH', '/opt/ros/humble/opt/rviz_ogre_vendor/lib:/opt/ros/humble/lib/x86_64-linux-gnu:/opt/ros/humble/lib'), ('HOME', '/home/ubuntu'), ('CHROME_DESKTOP', 'code.desktop'), ('LOCPATH_VSCODE_SNAP_ORIG', ''), ('TERM_PROGRAM_VERSION', '1.99.3'), ('DESKTOP_SESSION', 'ubuntu-xorg'), ('GTK_PATH', '/snap/code/191/usr/lib/x86_64-linux-gnu/gtk-3.0'), ('XDG_DATA_HOME_VSCODE_SNAP_ORIG', ''), ('GTK_IM_MODULE_FILE', '/home/ubuntu/snap/code/common/.cache/immodules/immodules.cache'), ('GIO_LAUNCHED_DESKTOP_FILE', '/var/lib/snapd/desktop/applications/code_code.desktop'), ('ROS_PYTHON_VERSION', '3'), ('GNOME_SHELL_SESSION_MODE', 'ubuntu'), ('GTK_MODULES', 'gail:atk-bridge'), ('GSETTINGS_SCHEMA_DIR_VSCODE_SNAP_ORIG', ''), ('VSCODE_GIT_ASKPASS_MAIN', '/snap/code/191/usr/share/code/resources/app/extensions/git/dist/askpass-main.js'), ('LC_MONETARY', 'id_ID.UTF-8'), ('VSCODE_GIT_ASKPASS_NODE', '/snap/code/191/usr/share/code/code'), ('MANAGERPID', '1731'), ('PYDEVD_DISABLE_FILE_VALIDATION', '1'), ('SYSTEMD_EXEC_PID', '3525'), ('BUNDLED_DEBUGPY_PATH', '/home/ubuntu/.vscode/extensions/ms-python.debugpy-2025.6.0-linux-x64/bundled/libs/debugpy'), ('DBUS_SESSION_BUS_ADDRESS', 'unix:path=/run/user/1000/bus'), ('COLORTERM', 'truecolor'), ('GIO_LAUNCHED_DESKTOP_FILE_PID', '4542'), ('IM_CONFIG_PHASE', '1'), ('ROS_DISTRO', 'humble'), ('GTK_IM_MODULE', 'ibus'), ('LOGNAME', 'ubuntu'), ('JOURNAL_STREAM', '8:38474'), ('_', '/usr/bin/colcon'), ('ROS_VERSION', '2'), ('XDG_CONFIG_DIRS_VSCODE_SNAP_ORIG', '/etc/xdg/xdg-ubuntu-xorg:/etc/xdg'), ('XDG_SESSION_CLASS', 'user'), ('XDG_DATA_DIRS_VSCODE_SNAP_ORIG', '/usr/share/ubuntu-xorg:/usr/share/gnome:/home/ubuntu/.local/share/flatpak/exports/share:/var/lib/flatpak/exports/share:/usr/local/share/:/usr/share/:/var/lib/snapd/desktop'), ('USERNAME', 'ubuntu'), ('TERM', 'xterm-256color'), ('GNOME_DESKTOP_SESSION_ID', 'this-is-deprecated'), ('ROS_LOCALHOST_ONLY', '0'), ('WINDOWPATH', '2'), ('PATH', '/home/ubuntu/.local/bin:/opt/ros/humble/bin:/home/ubuntu/.local/bin:/usr/local/sbin:/usr/local/bin:/usr/sbin:/usr/bin:/sbin:/bin:/usr/games:/usr/local/games:/snap/bin:/snap/bin:/home/ubuntu/.vscode/extensions/ms-python.debugpy-2025.6.0-linux-x64/bundled/scripts/noConfigScripts'), ('SESSION_MANAGER', 'local/ubuntu-virtual-machine:@/tmp/.ICE-unix/3497,unix/ubuntu-virtual-machine:/tmp/.ICE-unix/3497'), ('GTK_EXE_PREFIX', '/snap/code/191/usr'), ('INVOCATION_ID', '307219eafcb14cf0a1dced76858fc39a'), ('XDG_MENU_PREFIX', 'gnome-'), ('LC_ADDRESS', 'id_ID.UTF-8'), ('BAMF_DESKTOP_FILE_HINT', '/var/lib/snapd/desktop/applications/code_code.desktop'), ('XDG_RUNTIME_DIR', '/run/user/1000'), ('GDK_BACKEND', 'x11'), ('DISPLAY', ':0'), ('LOCPATH', '/snap/code/191/usr/lib/locale'), ('VSCODE_DEBUGPY_ADAPTER_ENDPOINTS', '/home/ubuntu/.vscode/extensions/ms-python.debugpy-2025.6.0-linux-x64/.noConfigDebugAdapterEndpoints/endpoint-5c4e4c73dc4993ee.txt'), ('LANG', 'en_US.UTF-8'), ('XDG_CURRENT_DESKTOP', 'Unity'), ('LC_TELEPHONE', 'id_ID.UTF-8'), ('GIO_MODULE_DIR_VSCODE_SNAP_ORIG', ''), ('XDG_DATA_HOME', '/home/ubuntu/snap/code/191/.local/share'), ('XMODIFIERS', '@im=ibus'), ('XDG_SESSION_DESKTOP', 'ubuntu-xorg'), ('XAUTHORITY', '/run/user/1000/gdm/Xauthority'), ('LS_COLORS', 'rs=0:di=01;34:ln=01;36:mh=00:pi=40;33:so=01;35:do=01;35:bd=40;33;01:cd=40;33;01:or=40;31;01:mi=00:su=37;41:sg=30;43:ca=30;41:tw=30;42:ow=34;42:st=37;44:ex=01;32:*.tar=01;31:*.tgz=01;31:*.arc=01;31:*.arj=01;31:*.taz=01;31:*.lha=01;31:*.lz4=01;31:*.lzh=01;31:*.lzma=01;31:*.tlz=01;31:*.txz=01;31:*.tzo=01;31:*.t7z=01;31:*.zip=01;31:*.z=01;31:*.dz=01;31:*.gz=01;31:*.lrz=01;31:*.lz=01;31:*.lzo=01;31:*.xz=01;31:*.zst=01;31:*.tzst=01;31:*.bz2=01;31:*.bz=01;31:*.tbz=01;31:*.tbz2=01;31:*.tz=01;31:*.deb=01;31:*.rpm=01;31:*.jar=01;31:*.war=01;31:*.ear=01;31:*.sar=01;31:*.rar=01;31:*.alz=01;31:*.ace=01;31:*.zoo=01;31:*.cpio=01;31:*.7z=01;31:*.rz=01;31:*.cab=01;31:*.wim=01;31:*.swm=01;31:*.dwm=01;31:*.esd=01;31:*.jpg=01;35:*.jpeg=01;35:*.mjpg=01;35:*.mjpeg=01;35:*.gif=01;35:*.bmp=01;35:*.pbm=01;35:*.pgm=01;35:*.ppm=01;35:*.tga=01;35:*.xbm=01;35:*.xpm=01;35:*.tif=01;35:*.tiff=01;35:*.png=01;35:*.svg=01;35:*.svgz=01;35:*.mng=01;35:*.pcx=01;35:*.mov=01;35:*.mpg=01;35:*.mpeg=01;35:*.m2v=01;35:*.mkv=01;35:*.webm=01;35:*.webp=01;35:*.ogm=01;35:*.mp4=01;35:*.m4v=01;35:*.mp4v=01;35:*.vob=01;35:*.qt=01;35:*.nuv=01;35:*.wmv=01;35:*.asf=01;35:*.rm=01;35:*.rmvb=01;35:*.flc=01;35:*.avi=01;35:*.fli=01;35:*.flv=01;35:*.gl=01;35:*.dl=01;35:*.xcf=01;35:*.xwd=01;35:*.yuv=01;35:*.cgm=01;35:*.emf=01;35:*.ogv=01;35:*.ogx=01;35:*.aac=00;36:*.au=00;36:*.flac=00;36:*.m4a=00;36:*.mid=00;36:*.midi=00;36:*.mka=00;36:*.mp3=00;36:*.mpc=00;36:*.ogg=00;36:*.ra=00;36:*.wav=00;36:*.oga=00;36:*.opus=00;36:*.spx=00;36:*.xspf=00;36:'), ('VSCODE_GIT_IPC_HANDLE', '/run/user/1000/vscode-git-93ae0fd6cc.sock'), ('TERM_PROGRAM', 'vscode'), ('SSH_AGENT_LAUNCHER', 'gnome-keyring'), ('SSH_AUTH_SOCK', '/run/user/1000/keyring/ssh'), ('GSETTINGS_SCHEMA_DIR', '/home/ubuntu/snap/code/191/.local/share/glib-2.0/schemas'), ('AMENT_PREFIX_PATH', '/opt/ros/humble'), ('ORIGINAL_XDG_CURRENT_DESKTOP', 'ubuntu:GNOME'), ('SHELL', '/bin/bash'), ('LC_NAME', 'id_ID.UTF-8'), ('QT_ACCESSIBILITY', '1'), ('GDMSESSION', 'ubuntu-xorg'), ('LESSCLOSE', '/usr/bin/lesspipe %s %s'), ('GTK_PATH_VSCODE_SNAP_ORIG', ''), ('FONTCONFIG_FILE', '/etc/fonts/fonts.conf'), ('GTK_IM_MODULE_FILE_VSCODE_SNAP_ORIG', ''), ('LC_MEASUREMENT', 'id_ID.UTF-8'), ('GPG_AGENT_INFO', '/run/user/1000/gnupg/S.gpg-agent:0:1'), ('GJS_DEBUG_OUTPUT', 'stderr'), ('LC_IDENTIFICATION', 'id_ID.UTF-8'), ('VSCODE_GIT_ASKPASS_EXTRA_ARGS', ''), ('QT_IM_MODULE', 'ibus'), ('PWD', '/home/ubuntu/ros2_ws/src/Greyform-linux/Python_Application/build/my_robot_wallinterfaces'), ('QT_QPA_PLATFORM', 'xcb'), ('LC_ALL', 'en_US.UTF-8'), ('XDG_CONFIG_DIRS', '/etc/xdg/xdg-ubuntu-xorg:/etc/xdg'), ('XDG_DATA_DIRS', '/home/ubuntu/snap/code/191/.local/share/flatpak/exports/share:/home/ubuntu/snap/code/191/.local/share:/home/ubuntu/snap/code/191:/snap/code/191/usr/share:/usr/share/ubuntu-xorg:/usr/share/gnome:/home/ubuntu/.local/share/flatpak/exports/share:/var/lib/flatpak/exports/share:/usr/local/share/:/usr/share/:/var/lib/snapd/desktop'), ('PYTHONPATH', '/opt/ros/humble/lib/python3.10/site-packages:/opt/ros/humble/local/lib/python3.10/dist-packages'), ('LC_NUMERIC', 'id_ID.UTF-8'), ('LC_PAPER', 'id_ID.UTF-8'), ('COLCON', '1'), ('CMAKE_PREFIX_PATH', '/opt/ros/humble')]), 'shell': False}
[0.304093] (-) TimerEvent: {}
[0.408804] (-) TimerEvent: {}
[0.510530] (-) TimerEvent: {}
[0.613716] (-) TimerEvent: {}
[0.715975] (-) TimerEvent: {}
[0.817593] (-) TimerEvent: {}
[0.921549] (-) TimerEvent: {}
[1.026358] (-) TimerEvent: {}
[1.127390] (-) TimerEvent: {}
[1.228203] (-) TimerEvent: {}
[1.329290] (-) TimerEvent: {}
[1.433513] (-) TimerEvent: {}
[1.535793] (-) TimerEvent: {}
[1.636419] (-) TimerEvent: {}
[1.738893] (-) TimerEvent: {}
[1.841850] (-) TimerEvent: {}
[1.943691] (-) TimerEvent: {}
[2.044426] (-) TimerEvent: {}
[2.146229] (-) TimerEvent: {}
[2.247571] (-) TimerEvent: {}
[2.348939] (-) TimerEvent: {}
[2.399995] (my_robot_wallinterfaces) StdoutLine: {'line': b'[  2%] Built target my_robot_wallinterfaces__cpp\n'}
[2.400550] (my_robot_wallinterfaces) StdoutLine: {'line': b'[  2%] Built target ament_cmake_python_copy_my_robot_wallinterfaces\n'}
[2.400840] (my_robot_wallinterfaces) StdoutLine: {'line': b'[ 12%] Built target my_robot_wallinterfaces__rosidl_typesupport_cpp\n'}
[2.410902] (my_package) JobProgress: {'identifier': 'my_package', 'progress': 'cmake'}
[2.442634] (my_package) JobProgress: {'identifier': 'my_package', 'progress': 'build'}
[2.442813] (my_package) Command: {'cmd': ['/usr/bin/cmake', '--build', '/home/ubuntu/ros2_ws/src/Greyform-linux/Python_Application/build/my_package', '--', '-j8', '-l8'], 'cwd': '/home/ubuntu/ros2_ws/src/Greyform-linux/Python_Application/build/my_package', 'env': OrderedDict([('GJS_DEBUG_TOPICS', 'JS ERROR;JS LOG'), ('LESSOPEN', '| /usr/bin/lesspipe %s'), ('USER', 'ubuntu'), ('LC_TIME', 'id_ID.UTF-8'), ('FONTCONFIG_PATH', '/etc/fonts'), ('GIO_MODULE_DIR', '/home/ubuntu/snap/code/common/.cache/gio-modules'), ('XDG_SESSION_TYPE', 'x11'), ('GIT_ASKPASS', '/snap/code/191/usr/share/code/resources/app/extensions/git/dist/askpass.sh'), ('GTK_EXE_PREFIX_VSCODE_SNAP_ORIG', ''), ('GDK_BACKEND_VSCODE_SNAP_ORIG', ''), ('SHLVL', '1'), ('LD_LIBRARY_PATH', '/opt/ros/humble/opt/rviz_ogre_vendor/lib:/opt/ros/humble/lib/x86_64-linux-gnu:/opt/ros/humble/lib'), ('HOME', '/home/ubuntu'), ('CHROME_DESKTOP', 'code.desktop'), ('LOCPATH_VSCODE_SNAP_ORIG', ''), ('TERM_PROGRAM_VERSION', '1.99.3'), ('DESKTOP_SESSION', 'ubuntu-xorg'), ('GTK_PATH', '/snap/code/191/usr/lib/x86_64-linux-gnu/gtk-3.0'), ('XDG_DATA_HOME_VSCODE_SNAP_ORIG', ''), ('GTK_IM_MODULE_FILE', '/home/ubuntu/snap/code/common/.cache/immodules/immodules.cache'), ('GIO_LAUNCHED_DESKTOP_FILE', '/var/lib/snapd/desktop/applications/code_code.desktop'), ('ROS_PYTHON_VERSION', '3'), ('GNOME_SHELL_SESSION_MODE', 'ubuntu'), ('GTK_MODULES', 'gail:atk-bridge'), ('GSETTINGS_SCHEMA_DIR_VSCODE_SNAP_ORIG', ''), ('VSCODE_GIT_ASKPASS_MAIN', '/snap/code/191/usr/share/code/resources/app/extensions/git/dist/askpass-main.js'), ('LC_MONETARY', 'id_ID.UTF-8'), ('VSCODE_GIT_ASKPASS_NODE', '/snap/code/191/usr/share/code/code'), ('MANAGERPID', '1731'), ('PYDEVD_DISABLE_FILE_VALIDATION', '1'), ('SYSTEMD_EXEC_PID', '3525'), ('BUNDLED_DEBUGPY_PATH', '/home/ubuntu/.vscode/extensions/ms-python.debugpy-2025.6.0-linux-x64/bundled/libs/debugpy'), ('DBUS_SESSION_BUS_ADDRESS', 'unix:path=/run/user/1000/bus'), ('COLORTERM', 'truecolor'), ('GIO_LAUNCHED_DESKTOP_FILE_PID', '4542'), ('IM_CONFIG_PHASE', '1'), ('ROS_DISTRO', 'humble'), ('GTK_IM_MODULE', 'ibus'), ('LOGNAME', 'ubuntu'), ('JOURNAL_STREAM', '8:38474'), ('_', '/usr/bin/colcon'), ('ROS_VERSION', '2'), ('XDG_CONFIG_DIRS_VSCODE_SNAP_ORIG', '/etc/xdg/xdg-ubuntu-xorg:/etc/xdg'), ('XDG_SESSION_CLASS', 'user'), ('XDG_DATA_DIRS_VSCODE_SNAP_ORIG', '/usr/share/ubuntu-xorg:/usr/share/gnome:/home/ubuntu/.local/share/flatpak/exports/share:/var/lib/flatpak/exports/share:/usr/local/share/:/usr/share/:/var/lib/snapd/desktop'), ('USERNAME', 'ubuntu'), ('TERM', 'xterm-256color'), ('GNOME_DESKTOP_SESSION_ID', 'this-is-deprecated'), ('ROS_LOCALHOST_ONLY', '0'), ('WINDOWPATH', '2'), ('PATH', '/home/ubuntu/.local/bin:/opt/ros/humble/bin:/home/ubuntu/.local/bin:/usr/local/sbin:/usr/local/bin:/usr/sbin:/usr/bin:/sbin:/bin:/usr/games:/usr/local/games:/snap/bin:/snap/bin:/home/ubuntu/.vscode/extensions/ms-python.debugpy-2025.6.0-linux-x64/bundled/scripts/noConfigScripts'), ('SESSION_MANAGER', 'local/ubuntu-virtual-machine:@/tmp/.ICE-unix/3497,unix/ubuntu-virtual-machine:/tmp/.ICE-unix/3497'), ('GTK_EXE_PREFIX', '/snap/code/191/usr'), ('INVOCATION_ID', '307219eafcb14cf0a1dced76858fc39a'), ('XDG_MENU_PREFIX', 'gnome-'), ('LC_ADDRESS', 'id_ID.UTF-8'), ('BAMF_DESKTOP_FILE_HINT', '/var/lib/snapd/desktop/applications/code_code.desktop'), ('XDG_RUNTIME_DIR', '/run/user/1000'), ('GDK_BACKEND', 'x11'), ('DISPLAY', ':0'), ('LOCPATH', '/snap/code/191/usr/lib/locale'), ('VSCODE_DEBUGPY_ADAPTER_ENDPOINTS', '/home/ubuntu/.vscode/extensions/ms-python.debugpy-2025.6.0-linux-x64/.noConfigDebugAdapterEndpoints/endpoint-5c4e4c73dc4993ee.txt'), ('LANG', 'en_US.UTF-8'), ('XDG_CURRENT_DESKTOP', 'Unity'), ('LC_TELEPHONE', 'id_ID.UTF-8'), ('GIO_MODULE_DIR_VSCODE_SNAP_ORIG', ''), ('XDG_DATA_HOME', '/home/ubuntu/snap/code/191/.local/share'), ('XMODIFIERS', '@im=ibus'), ('XDG_SESSION_DESKTOP', 'ubuntu-xorg'), ('XAUTHORITY', '/run/user/1000/gdm/Xauthority'), ('LS_COLORS', 'rs=0:di=01;34:ln=01;36:mh=00:pi=40;33:so=01;35:do=01;35:bd=40;33;01:cd=40;33;01:or=40;31;01:mi=00:su=37;41:sg=30;43:ca=30;41:tw=30;42:ow=34;42:st=37;44:ex=01;32:*.tar=01;31:*.tgz=01;31:*.arc=01;31:*.arj=01;31:*.taz=01;31:*.lha=01;31:*.lz4=01;31:*.lzh=01;31:*.lzma=01;31:*.tlz=01;31:*.txz=01;31:*.tzo=01;31:*.t7z=01;31:*.zip=01;31:*.z=01;31:*.dz=01;31:*.gz=01;31:*.lrz=01;31:*.lz=01;31:*.lzo=01;31:*.xz=01;31:*.zst=01;31:*.tzst=01;31:*.bz2=01;31:*.bz=01;31:*.tbz=01;31:*.tbz2=01;31:*.tz=01;31:*.deb=01;31:*.rpm=01;31:*.jar=01;31:*.war=01;31:*.ear=01;31:*.sar=01;31:*.rar=01;31:*.alz=01;31:*.ace=01;31:*.zoo=01;31:*.cpio=01;31:*.7z=01;31:*.rz=01;31:*.cab=01;31:*.wim=01;31:*.swm=01;31:*.dwm=01;31:*.esd=01;31:*.jpg=01;35:*.jpeg=01;35:*.mjpg=01;35:*.mjpeg=01;35:*.gif=01;35:*.bmp=01;35:*.pbm=01;35:*.pgm=01;35:*.ppm=01;35:*.tga=01;35:*.xbm=01;35:*.xpm=01;35:*.tif=01;35:*.tiff=01;35:*.png=01;35:*.svg=01;35:*.svgz=01;35:*.mng=01;35:*.pcx=01;35:*.mov=01;35:*.mpg=01;35:*.mpeg=01;35:*.m2v=01;35:*.mkv=01;35:*.webm=01;35:*.webp=01;35:*.ogm=01;35:*.mp4=01;35:*.m4v=01;35:*.mp4v=01;35:*.vob=01;35:*.qt=01;35:*.nuv=01;35:*.wmv=01;35:*.asf=01;35:*.rm=01;35:*.rmvb=01;35:*.flc=01;35:*.avi=01;35:*.fli=01;35:*.flv=01;35:*.gl=01;35:*.dl=01;35:*.xcf=01;35:*.xwd=01;35:*.yuv=01;35:*.cgm=01;35:*.emf=01;35:*.ogv=01;35:*.ogx=01;35:*.aac=00;36:*.au=00;36:*.flac=00;36:*.m4a=00;36:*.mid=00;36:*.midi=00;36:*.mka=00;36:*.mp3=00;36:*.mpc=00;36:*.ogg=00;36:*.ra=00;36:*.wav=00;36:*.oga=00;36:*.opus=00;36:*.spx=00;36:*.xspf=00;36:'), ('VSCODE_GIT_IPC_HANDLE', '/run/user/1000/vscode-git-93ae0fd6cc.sock'), ('TERM_PROGRAM', 'vscode'), ('SSH_AGENT_LAUNCHER', 'gnome-keyring'), ('SSH_AUTH_SOCK', '/run/user/1000/keyring/ssh'), ('GSETTINGS_SCHEMA_DIR', '/home/ubuntu/snap/code/191/.local/share/glib-2.0/schemas'), ('AMENT_PREFIX_PATH', '/opt/ros/humble'), ('ORIGINAL_XDG_CURRENT_DESKTOP', 'ubuntu:GNOME'), ('SHELL', '/bin/bash'), ('LC_NAME', 'id_ID.UTF-8'), ('QT_ACCESSIBILITY', '1'), ('GDMSESSION', 'ubuntu-xorg'), ('LESSCLOSE', '/usr/bin/lesspipe %s %s'), ('GTK_PATH_VSCODE_SNAP_ORIG', ''), ('FONTCONFIG_FILE', '/etc/fonts/fonts.conf'), ('GTK_IM_MODULE_FILE_VSCODE_SNAP_ORIG', ''), ('LC_MEASUREMENT', 'id_ID.UTF-8'), ('GPG_AGENT_INFO', '/run/user/1000/gnupg/S.gpg-agent:0:1'), ('GJS_DEBUG_OUTPUT', 'stderr'), ('LC_IDENTIFICATION', 'id_ID.UTF-8'), ('VSCODE_GIT_ASKPASS_EXTRA_ARGS', ''), ('QT_IM_MODULE', 'ibus'), ('PWD', '/home/ubuntu/ros2_ws/src/Greyform-linux/Python_Application/build/my_package'), ('QT_QPA_PLATFORM', 'xcb'), ('LC_ALL', 'en_US.UTF-8'), ('XDG_CONFIG_DIRS', '/etc/xdg/xdg-ubuntu-xorg:/etc/xdg'), ('XDG_DATA_DIRS', '/home/ubuntu/snap/code/191/.local/share/flatpak/exports/share:/home/ubuntu/snap/code/191/.local/share:/home/ubuntu/snap/code/191:/snap/code/191/usr/share:/usr/share/ubuntu-xorg:/usr/share/gnome:/home/ubuntu/.local/share/flatpak/exports/share:/var/lib/flatpak/exports/share:/usr/local/share/:/usr/share/:/var/lib/snapd/desktop'), ('PYTHONPATH', '/opt/ros/humble/lib/python3.10/site-packages:/opt/ros/humble/local/lib/python3.10/dist-packages'), ('LC_NUMERIC', 'id_ID.UTF-8'), ('LC_PAPER', 'id_ID.UTF-8'), ('COLCON', '1'), ('CMAKE_PREFIX_PATH', '/opt/ros/humble')]), 'shell': False}
[2.450401] (-) TimerEvent: {}
[2.553023] (-) TimerEvent: {}
[2.659695] (-) TimerEvent: {}
[2.760483] (-) TimerEvent: {}
[2.840267] (my_package) CommandEnded: {'returncode': 0}
[2.852504] (my_package) JobProgress: {'identifier': 'my_package', 'progress': 'install'}
[2.860754] (-) TimerEvent: {}
[2.931026] (my_package) Command: {'cmd': ['/usr/bin/cmake', '--install', '/home/ubuntu/ros2_ws/src/Greyform-linux/Python_Application/build/my_package'], 'cwd': '/home/ubuntu/ros2_ws/src/Greyform-linux/Python_Application/build/my_package', 'env': OrderedDict([('GJS_DEBUG_TOPICS', 'JS ERROR;JS LOG'), ('LESSOPEN', '| /usr/bin/lesspipe %s'), ('USER', 'ubuntu'), ('LC_TIME', 'id_ID.UTF-8'), ('FONTCONFIG_PATH', '/etc/fonts'), ('GIO_MODULE_DIR', '/home/ubuntu/snap/code/common/.cache/gio-modules'), ('XDG_SESSION_TYPE', 'x11'), ('GIT_ASKPASS', '/snap/code/191/usr/share/code/resources/app/extensions/git/dist/askpass.sh'), ('GTK_EXE_PREFIX_VSCODE_SNAP_ORIG', ''), ('GDK_BACKEND_VSCODE_SNAP_ORIG', ''), ('SHLVL', '1'), ('LD_LIBRARY_PATH', '/opt/ros/humble/opt/rviz_ogre_vendor/lib:/opt/ros/humble/lib/x86_64-linux-gnu:/opt/ros/humble/lib'), ('HOME', '/home/ubuntu'), ('CHROME_DESKTOP', 'code.desktop'), ('LOCPATH_VSCODE_SNAP_ORIG', ''), ('TERM_PROGRAM_VERSION', '1.99.3'), ('DESKTOP_SESSION', 'ubuntu-xorg'), ('GTK_PATH', '/snap/code/191/usr/lib/x86_64-linux-gnu/gtk-3.0'), ('XDG_DATA_HOME_VSCODE_SNAP_ORIG', ''), ('GTK_IM_MODULE_FILE', '/home/ubuntu/snap/code/common/.cache/immodules/immodules.cache'), ('GIO_LAUNCHED_DESKTOP_FILE', '/var/lib/snapd/desktop/applications/code_code.desktop'), ('ROS_PYTHON_VERSION', '3'), ('GNOME_SHELL_SESSION_MODE', 'ubuntu'), ('GTK_MODULES', 'gail:atk-bridge'), ('GSETTINGS_SCHEMA_DIR_VSCODE_SNAP_ORIG', ''), ('VSCODE_GIT_ASKPASS_MAIN', '/snap/code/191/usr/share/code/resources/app/extensions/git/dist/askpass-main.js'), ('LC_MONETARY', 'id_ID.UTF-8'), ('VSCODE_GIT_ASKPASS_NODE', '/snap/code/191/usr/share/code/code'), ('MANAGERPID', '1731'), ('PYDEVD_DISABLE_FILE_VALIDATION', '1'), ('SYSTEMD_EXEC_PID', '3525'), ('BUNDLED_DEBUGPY_PATH', '/home/ubuntu/.vscode/extensions/ms-python.debugpy-2025.6.0-linux-x64/bundled/libs/debugpy'), ('DBUS_SESSION_BUS_ADDRESS', 'unix:path=/run/user/1000/bus'), ('COLORTERM', 'truecolor'), ('GIO_LAUNCHED_DESKTOP_FILE_PID', '4542'), ('IM_CONFIG_PHASE', '1'), ('ROS_DISTRO', 'humble'), ('GTK_IM_MODULE', 'ibus'), ('LOGNAME', 'ubuntu'), ('JOURNAL_STREAM', '8:38474'), ('_', '/usr/bin/colcon'), ('ROS_VERSION', '2'), ('XDG_CONFIG_DIRS_VSCODE_SNAP_ORIG', '/etc/xdg/xdg-ubuntu-xorg:/etc/xdg'), ('XDG_SESSION_CLASS', 'user'), ('XDG_DATA_DIRS_VSCODE_SNAP_ORIG', '/usr/share/ubuntu-xorg:/usr/share/gnome:/home/ubuntu/.local/share/flatpak/exports/share:/var/lib/flatpak/exports/share:/usr/local/share/:/usr/share/:/var/lib/snapd/desktop'), ('USERNAME', 'ubuntu'), ('TERM', 'xterm-256color'), ('GNOME_DESKTOP_SESSION_ID', 'this-is-deprecated'), ('ROS_LOCALHOST_ONLY', '0'), ('WINDOWPATH', '2'), ('PATH', '/home/ubuntu/.local/bin:/opt/ros/humble/bin:/home/ubuntu/.local/bin:/usr/local/sbin:/usr/local/bin:/usr/sbin:/usr/bin:/sbin:/bin:/usr/games:/usr/local/games:/snap/bin:/snap/bin:/home/ubuntu/.vscode/extensions/ms-python.debugpy-2025.6.0-linux-x64/bundled/scripts/noConfigScripts'), ('SESSION_MANAGER', 'local/ubuntu-virtual-machine:@/tmp/.ICE-unix/3497,unix/ubuntu-virtual-machine:/tmp/.ICE-unix/3497'), ('GTK_EXE_PREFIX', '/snap/code/191/usr'), ('INVOCATION_ID', '307219eafcb14cf0a1dced76858fc39a'), ('XDG_MENU_PREFIX', 'gnome-'), ('LC_ADDRESS', 'id_ID.UTF-8'), ('BAMF_DESKTOP_FILE_HINT', '/var/lib/snapd/desktop/applications/code_code.desktop'), ('XDG_RUNTIME_DIR', '/run/user/1000'), ('GDK_BACKEND', 'x11'), ('DISPLAY', ':0'), ('LOCPATH', '/snap/code/191/usr/lib/locale'), ('VSCODE_DEBUGPY_ADAPTER_ENDPOINTS', '/home/ubuntu/.vscode/extensions/ms-python.debugpy-2025.6.0-linux-x64/.noConfigDebugAdapterEndpoints/endpoint-5c4e4c73dc4993ee.txt'), ('LANG', 'en_US.UTF-8'), ('XDG_CURRENT_DESKTOP', 'Unity'), ('LC_TELEPHONE', 'id_ID.UTF-8'), ('GIO_MODULE_DIR_VSCODE_SNAP_ORIG', ''), ('XDG_DATA_HOME', '/home/ubuntu/snap/code/191/.local/share'), ('XMODIFIERS', '@im=ibus'), ('XDG_SESSION_DESKTOP', 'ubuntu-xorg'), ('XAUTHORITY', '/run/user/1000/gdm/Xauthority'), ('LS_COLORS', 'rs=0:di=01;34:ln=01;36:mh=00:pi=40;33:so=01;35:do=01;35:bd=40;33;01:cd=40;33;01:or=40;31;01:mi=00:su=37;41:sg=30;43:ca=30;41:tw=30;42:ow=34;42:st=37;44:ex=01;32:*.tar=01;31:*.tgz=01;31:*.arc=01;31:*.arj=01;31:*.taz=01;31:*.lha=01;31:*.lz4=01;31:*.lzh=01;31:*.lzma=01;31:*.tlz=01;31:*.txz=01;31:*.tzo=01;31:*.t7z=01;31:*.zip=01;31:*.z=01;31:*.dz=01;31:*.gz=01;31:*.lrz=01;31:*.lz=01;31:*.lzo=01;31:*.xz=01;31:*.zst=01;31:*.tzst=01;31:*.bz2=01;31:*.bz=01;31:*.tbz=01;31:*.tbz2=01;31:*.tz=01;31:*.deb=01;31:*.rpm=01;31:*.jar=01;31:*.war=01;31:*.ear=01;31:*.sar=01;31:*.rar=01;31:*.alz=01;31:*.ace=01;31:*.zoo=01;31:*.cpio=01;31:*.7z=01;31:*.rz=01;31:*.cab=01;31:*.wim=01;31:*.swm=01;31:*.dwm=01;31:*.esd=01;31:*.jpg=01;35:*.jpeg=01;35:*.mjpg=01;35:*.mjpeg=01;35:*.gif=01;35:*.bmp=01;35:*.pbm=01;35:*.pgm=01;35:*.ppm=01;35:*.tga=01;35:*.xbm=01;35:*.xpm=01;35:*.tif=01;35:*.tiff=01;35:*.png=01;35:*.svg=01;35:*.svgz=01;35:*.mng=01;35:*.pcx=01;35:*.mov=01;35:*.mpg=01;35:*.mpeg=01;35:*.m2v=01;35:*.mkv=01;35:*.webm=01;35:*.webp=01;35:*.ogm=01;35:*.mp4=01;35:*.m4v=01;35:*.mp4v=01;35:*.vob=01;35:*.qt=01;35:*.nuv=01;35:*.wmv=01;35:*.asf=01;35:*.rm=01;35:*.rmvb=01;35:*.flc=01;35:*.avi=01;35:*.fli=01;35:*.flv=01;35:*.gl=01;35:*.dl=01;35:*.xcf=01;35:*.xwd=01;35:*.yuv=01;35:*.cgm=01;35:*.emf=01;35:*.ogv=01;35:*.ogx=01;35:*.aac=00;36:*.au=00;36:*.flac=00;36:*.m4a=00;36:*.mid=00;36:*.midi=00;36:*.mka=00;36:*.mp3=00;36:*.mpc=00;36:*.ogg=00;36:*.ra=00;36:*.wav=00;36:*.oga=00;36:*.opus=00;36:*.spx=00;36:*.xspf=00;36:'), ('VSCODE_GIT_IPC_HANDLE', '/run/user/1000/vscode-git-93ae0fd6cc.sock'), ('TERM_PROGRAM', 'vscode'), ('SSH_AGENT_LAUNCHER', 'gnome-keyring'), ('SSH_AUTH_SOCK', '/run/user/1000/keyring/ssh'), ('GSETTINGS_SCHEMA_DIR', '/home/ubuntu/snap/code/191/.local/share/glib-2.0/schemas'), ('AMENT_PREFIX_PATH', '/opt/ros/humble'), ('ORIGINAL_XDG_CURRENT_DESKTOP', 'ubuntu:GNOME'), ('SHELL', '/bin/bash'), ('LC_NAME', 'id_ID.UTF-8'), ('QT_ACCESSIBILITY', '1'), ('GDMSESSION', 'ubuntu-xorg'), ('LESSCLOSE', '/usr/bin/lesspipe %s %s'), ('GTK_PATH_VSCODE_SNAP_ORIG', ''), ('FONTCONFIG_FILE', '/etc/fonts/fonts.conf'), ('GTK_IM_MODULE_FILE_VSCODE_SNAP_ORIG', ''), ('LC_MEASUREMENT', 'id_ID.UTF-8'), ('GPG_AGENT_INFO', '/run/user/1000/gnupg/S.gpg-agent:0:1'), ('GJS_DEBUG_OUTPUT', 'stderr'), ('LC_IDENTIFICATION', 'id_ID.UTF-8'), ('VSCODE_GIT_ASKPASS_EXTRA_ARGS', ''), ('QT_IM_MODULE', 'ibus'), ('PWD', '/home/ubuntu/ros2_ws/src/Greyform-linux/Python_Application/build/my_package'), ('QT_QPA_PLATFORM', 'xcb'), ('LC_ALL', 'en_US.UTF-8'), ('XDG_CONFIG_DIRS', '/etc/xdg/xdg-ubuntu-xorg:/etc/xdg'), ('XDG_DATA_DIRS', '/home/ubuntu/snap/code/191/.local/share/flatpak/exports/share:/home/ubuntu/snap/code/191/.local/share:/home/ubuntu/snap/code/191:/snap/code/191/usr/share:/usr/share/ubuntu-xorg:/usr/share/gnome:/home/ubuntu/.local/share/flatpak/exports/share:/var/lib/flatpak/exports/share:/usr/local/share/:/usr/share/:/var/lib/snapd/desktop'), ('PYTHONPATH', '/opt/ros/humble/lib/python3.10/site-packages:/opt/ros/humble/local/lib/python3.10/dist-packages'), ('LC_NUMERIC', 'id_ID.UTF-8'), ('LC_PAPER', 'id_ID.UTF-8'), ('COLCON', '1'), ('CMAKE_PREFIX_PATH', '/opt/ros/humble')]), 'shell': False}
[2.962940] (-) TimerEvent: {}
[3.068410] (-) TimerEvent: {}
[3.094560] (my_package) StdoutLine: {'line': b'-- Install configuration: ""\n'}
[3.095747] (my_package) StdoutLine: {'line': b'-- Up-to-date: /home/ubuntu/ros2_ws/src/Greyform-linux/Python_Application/install/my_package/share/ament_index/resource_index/package_run_dependencies/my_package\n'}
[3.105297] (my_package) StdoutLine: {'line': b'-- Up-to-date: /home/ubuntu/ros2_ws/src/Greyform-linux/Python_Application/install/my_package/share/ament_index/resource_index/parent_prefix_path/my_package\n'}
[3.105720] (my_package) StdoutLine: {'line': b'-- Up-to-date: /home/ubuntu/ros2_ws/src/Greyform-linux/Python_Application/install/my_package/share/my_package/environment/ament_prefix_path.sh\n'}
[3.113308] (my_package) StdoutLine: {'line': b'-- Up-to-date: /home/ubuntu/ros2_ws/src/Greyform-linux/Python_Application/install/my_package/share/my_package/environment/ament_prefix_path.dsv\n'}
[3.113819] (my_package) StdoutLine: {'line': b'-- Up-to-date: /home/ubuntu/ros2_ws/src/Greyform-linux/Python_Application/install/my_package/share/my_package/environment/path.sh\n'}
[3.114175] (my_package) StdoutLine: {'line': b'-- Up-to-date: /home/ubuntu/ros2_ws/src/Greyform-linux/Python_Application/install/my_package/share/my_package/environment/path.dsv\n'}
[3.117070] (my_package) StdoutLine: {'line': b'-- Up-to-date: /home/ubuntu/ros2_ws/src/Greyform-linux/Python_Application/install/my_package/share/my_package/local_setup.bash\n'}
[3.121064] (my_package) StdoutLine: {'line': b'-- Up-to-date: /home/ubuntu/ros2_ws/src/Greyform-linux/Python_Application/install/my_package/share/my_package/local_setup.sh\n'}
[3.121651] (my_package) StdoutLine: {'line': b'-- Up-to-date: /home/ubuntu/ros2_ws/src/Greyform-linux/Python_Application/install/my_package/share/my_package/local_setup.zsh\n'}
[3.122360] (my_package) StdoutLine: {'line': b'-- Up-to-date: /home/ubuntu/ros2_ws/src/Greyform-linux/Python_Application/install/my_package/share/my_package/local_setup.dsv\n'}
[3.122712] (my_package) StdoutLine: {'line': b'-- Installing: /home/ubuntu/ros2_ws/src/Greyform-linux/Python_Application/install/my_package/share/my_package/package.dsv\n'}
[3.125686] (my_package) StdoutLine: {'line': b'-- Up-to-date: /home/ubuntu/ros2_ws/src/Greyform-linux/Python_Application/install/my_package/share/ament_index/resource_index/packages/my_package\n'}
[3.126720] (my_package) StdoutLine: {'line': b'-- Up-to-date: /home/ubuntu/ros2_ws/src/Greyform-linux/Python_Application/install/my_package/share/my_package/cmake/my_packageConfig.cmake\n'}
[3.129582] (my_package) StdoutLine: {'line': b'-- Up-to-date: /home/ubuntu/ros2_ws/src/Greyform-linux/Python_Application/install/my_package/share/my_package/cmake/my_packageConfig-version.cmake\n'}
[3.129877] (my_package) StdoutLine: {'line': b'-- Up-to-date: /home/ubuntu/ros2_ws/src/Greyform-linux/Python_Application/install/my_package/share/my_package/package.xml\n'}
[3.153808] (my_package) CommandEnded: {'returncode': 0}
[3.169235] (-) TimerEvent: {}
[3.270114] (-) TimerEvent: {}
[3.375270] (-) TimerEvent: {}
[3.476754] (-) TimerEvent: {}
[3.580588] (-) TimerEvent: {}
[3.583892] (my_package) JobEnded: {'identifier': 'my_package', 'rc': 0}
[3.680930] (-) TimerEvent: {}
[3.783360] (-) TimerEvent: {}
[3.883961] (-) TimerEvent: {}
[3.984739] (-) TimerEvent: {}
[4.085620] (-) TimerEvent: {}
[4.188316] (-) TimerEvent: {}
[4.289737] (-) TimerEvent: {}
[4.394335] (-) TimerEvent: {}
[4.495487] (-) TimerEvent: {}
[4.596287] (-) TimerEvent: {}
[4.697554] (-) TimerEvent: {}
[4.798251] (-) TimerEvent: {}
[4.899070] (-) TimerEvent: {}
[5.004294] (-) TimerEvent: {}
[5.105026] (-) TimerEvent: {}
[5.119880] (my_robot_wallinterfaces) StdoutLine: {'line': b'running egg_info\n'}
[5.125918] (my_robot_wallinterfaces) StdoutLine: {'line': b'writing my_robot_wallinterfaces.egg-info/PKG-INFO\n'}
[5.131715] (my_robot_wallinterfaces) StdoutLine: {'line': b'writing dependency_links to my_robot_wallinterfaces.egg-info/dependency_links.txt\n'}
[5.132260] (my_robot_wallinterfaces) StdoutLine: {'line': b'writing top-level names to my_robot_wallinterfaces.egg-info/top_level.txt\n'}
[5.187518] (my_robot_wallinterfaces) StdoutLine: {'line': b"reading manifest file 'my_robot_wallinterfaces.egg-info/SOURCES.txt'\n"}
[5.205330] (-) TimerEvent: {}
[5.206803] (my_robot_wallinterfaces) StdoutLine: {'line': b"writing manifest file 'my_robot_wallinterfaces.egg-info/SOURCES.txt'\n"}
[5.306878] (-) TimerEvent: {}
[5.356068] (my_robot_wallinterfaces) StdoutLine: {'line': b'[ 12%] Built target ament_cmake_python_build_my_robot_wallinterfaces_egg\n'}
[5.407149] (-) TimerEvent: {}
[5.514257] (-) TimerEvent: {}
[5.614985] (-) TimerEvent: {}
[5.695504] (my_robot_wallinterfaces) StdoutLine: {'line': b'[ 23%] Built target my_robot_wallinterfaces__rosidl_typesupport_introspection_cpp\n'}
[5.717782] (-) TimerEvent: {}
[5.820047] (-) TimerEvent: {}
[5.923963] (-) TimerEvent: {}
[6.013653] (my_robot_wallinterfaces) StdoutLine: {'line': b'[ 34%] Built target my_robot_wallinterfaces__rosidl_typesupport_fastrtps_cpp\n'}
[6.026424] (-) TimerEvent: {}
[6.128593] (-) TimerEvent: {}
[6.232838] (-) TimerEvent: {}
[6.333668] (-) TimerEvent: {}
[6.335072] (my_robot_wallinterfaces) StdoutLine: {'line': b'[ 44%] Built target my_robot_wallinterfaces__rosidl_generator_c\n'}
[6.434346] (-) TimerEvent: {}
[6.536425] (-) TimerEvent: {}
[6.618636] (my_robot_wallinterfaces) StdoutLine: {'line': b'[ 55%] Built target my_robot_wallinterfaces__rosidl_typesupport_fastrtps_c\n'}
[6.636623] (-) TimerEvent: {}
[6.744222] (-) TimerEvent: {}
[6.801354] (my-test-package) Command: {'cmd': ['/usr/bin/python3', '-W', 'ignore:setup.py install is deprecated', '-W', 'ignore:easy_install command is deprecated', 'setup.py', 'egg_info', '--egg-base', '../../../../../../../../build/my-test-package', 'build', '--build-base', '/home/ubuntu/ros2_ws/src/Greyform-linux/Python_Application/build/my-test-package/build', 'install', '--record', '/home/ubuntu/ros2_ws/src/Greyform-linux/Python_Application/build/my-test-package/install.log', '--single-version-externally-managed'], 'cwd': '/home/ubuntu/ros2_ws/src/Greyform-linux/Python_Application/env/lib/python3.10/site-packages/pkg_resources/tests/data/my-test-package-source', 'env': {'GJS_DEBUG_TOPICS': 'JS ERROR;JS LOG', 'LESSOPEN': '| /usr/bin/lesspipe %s', 'USER': 'ubuntu', 'LC_TIME': 'id_ID.UTF-8', 'FONTCONFIG_PATH': '/etc/fonts', 'GIO_MODULE_DIR': '/home/ubuntu/snap/code/common/.cache/gio-modules', 'XDG_SESSION_TYPE': 'x11', 'GIT_ASKPASS': '/snap/code/191/usr/share/code/resources/app/extensions/git/dist/askpass.sh', 'GTK_EXE_PREFIX_VSCODE_SNAP_ORIG': '', 'GDK_BACKEND_VSCODE_SNAP_ORIG': '', 'SHLVL': '1', 'LD_LIBRARY_PATH': '/opt/ros/humble/opt/rviz_ogre_vendor/lib:/opt/ros/humble/lib/x86_64-linux-gnu:/opt/ros/humble/lib', 'HOME': '/home/ubuntu', 'CHROME_DESKTOP': 'code.desktop', 'LOCPATH_VSCODE_SNAP_ORIG': '', 'TERM_PROGRAM_VERSION': '1.99.3', 'DESKTOP_SESSION': 'ubuntu-xorg', 'GTK_PATH': '/snap/code/191/usr/lib/x86_64-linux-gnu/gtk-3.0', 'XDG_DATA_HOME_VSCODE_SNAP_ORIG': '', 'GTK_IM_MODULE_FILE': '/home/ubuntu/snap/code/common/.cache/immodules/immodules.cache', 'GIO_LAUNCHED_DESKTOP_FILE': '/var/lib/snapd/desktop/applications/code_code.desktop', 'ROS_PYTHON_VERSION': '3', 'GNOME_SHELL_SESSION_MODE': 'ubuntu', 'GTK_MODULES': 'gail:atk-bridge', 'GSETTINGS_SCHEMA_DIR_VSCODE_SNAP_ORIG': '', 'VSCODE_GIT_ASKPASS_MAIN': '/snap/code/191/usr/share/code/resources/app/extensions/git/dist/askpass-main.js', 'LC_MONETARY': 'id_ID.UTF-8', 'VSCODE_GIT_ASKPASS_NODE': '/snap/code/191/usr/share/code/code', 'MANAGERPID': '1731', 'PYDEVD_DISABLE_FILE_VALIDATION': '1', 'SYSTEMD_EXEC_PID': '3525', 'BUNDLED_DEBUGPY_PATH': '/home/ubuntu/.vscode/extensions/ms-python.debugpy-2025.6.0-linux-x64/bundled/libs/debugpy', 'DBUS_SESSION_BUS_ADDRESS': 'unix:path=/run/user/1000/bus', 'COLORTERM': 'truecolor', 'GIO_LAUNCHED_DESKTOP_FILE_PID': '4542', 'IM_CONFIG_PHASE': '1', 'ROS_DISTRO': 'humble', 'GTK_IM_MODULE': 'ibus', 'LOGNAME': 'ubuntu', 'JOURNAL_STREAM': '8:38474', '_': '/usr/bin/colcon', 'ROS_VERSION': '2', 'XDG_CONFIG_DIRS_VSCODE_SNAP_ORIG': '/etc/xdg/xdg-ubuntu-xorg:/etc/xdg', 'XDG_SESSION_CLASS': 'user', 'XDG_DATA_DIRS_VSCODE_SNAP_ORIG': '/usr/share/ubuntu-xorg:/usr/share/gnome:/home/ubuntu/.local/share/flatpak/exports/share:/var/lib/flatpak/exports/share:/usr/local/share/:/usr/share/:/var/lib/snapd/desktop', 'USERNAME': 'ubuntu', 'TERM': 'xterm-256color', 'GNOME_DESKTOP_SESSION_ID': 'this-is-deprecated', 'ROS_LOCALHOST_ONLY': '0', 'WINDOWPATH': '2', 'PATH': '/home/ubuntu/.local/bin:/opt/ros/humble/bin:/home/ubuntu/.local/bin:/usr/local/sbin:/usr/local/bin:/usr/sbin:/usr/bin:/sbin:/bin:/usr/games:/usr/local/games:/snap/bin:/snap/bin:/home/ubuntu/.vscode/extensions/ms-python.debugpy-2025.6.0-linux-x64/bundled/scripts/noConfigScripts', 'SESSION_MANAGER': 'local/ubuntu-virtual-machine:@/tmp/.ICE-unix/3497,unix/ubuntu-virtual-machine:/tmp/.ICE-unix/3497', 'GTK_EXE_PREFIX': '/snap/code/191/usr', 'INVOCATION_ID': '307219eafcb14cf0a1dced76858fc39a', 'XDG_MENU_PREFIX': 'gnome-', 'LC_ADDRESS': 'id_ID.UTF-8', 'BAMF_DESKTOP_FILE_HINT': '/var/lib/snapd/desktop/applications/code_code.desktop', 'XDG_RUNTIME_DIR': '/run/user/1000', 'GDK_BACKEND': 'x11', 'DISPLAY': ':0', 'LOCPATH': '/snap/code/191/usr/lib/locale', 'VSCODE_DEBUGPY_ADAPTER_ENDPOINTS': '/home/ubuntu/.vscode/extensions/ms-python.debugpy-2025.6.0-linux-x64/.noConfigDebugAdapterEndpoints/endpoint-5c4e4c73dc4993ee.txt', 'LANG': 'en_US.UTF-8', 'XDG_CURRENT_DESKTOP': 'Unity', 'LC_TELEPHONE': 'id_ID.UTF-8', 'GIO_MODULE_DIR_VSCODE_SNAP_ORIG': '', 'XDG_DATA_HOME': '/home/ubuntu/snap/code/191/.local/share', 'XMODIFIERS': '@im=ibus', 'XDG_SESSION_DESKTOP': 'ubuntu-xorg', 'XAUTHORITY': '/run/user/1000/gdm/Xauthority', 'LS_COLORS': 'rs=0:di=01;34:ln=01;36:mh=00:pi=40;33:so=01;35:do=01;35:bd=40;33;01:cd=40;33;01:or=40;31;01:mi=00:su=37;41:sg=30;43:ca=30;41:tw=30;42:ow=34;42:st=37;44:ex=01;32:*.tar=01;31:*.tgz=01;31:*.arc=01;31:*.arj=01;31:*.taz=01;31:*.lha=01;31:*.lz4=01;31:*.lzh=01;31:*.lzma=01;31:*.tlz=01;31:*.txz=01;31:*.tzo=01;31:*.t7z=01;31:*.zip=01;31:*.z=01;31:*.dz=01;31:*.gz=01;31:*.lrz=01;31:*.lz=01;31:*.lzo=01;31:*.xz=01;31:*.zst=01;31:*.tzst=01;31:*.bz2=01;31:*.bz=01;31:*.tbz=01;31:*.tbz2=01;31:*.tz=01;31:*.deb=01;31:*.rpm=01;31:*.jar=01;31:*.war=01;31:*.ear=01;31:*.sar=01;31:*.rar=01;31:*.alz=01;31:*.ace=01;31:*.zoo=01;31:*.cpio=01;31:*.7z=01;31:*.rz=01;31:*.cab=01;31:*.wim=01;31:*.swm=01;31:*.dwm=01;31:*.esd=01;31:*.jpg=01;35:*.jpeg=01;35:*.mjpg=01;35:*.mjpeg=01;35:*.gif=01;35:*.bmp=01;35:*.pbm=01;35:*.pgm=01;35:*.ppm=01;35:*.tga=01;35:*.xbm=01;35:*.xpm=01;35:*.tif=01;35:*.tiff=01;35:*.png=01;35:*.svg=01;35:*.svgz=01;35:*.mng=01;35:*.pcx=01;35:*.mov=01;35:*.mpg=01;35:*.mpeg=01;35:*.m2v=01;35:*.mkv=01;35:*.webm=01;35:*.webp=01;35:*.ogm=01;35:*.mp4=01;35:*.m4v=01;35:*.mp4v=01;35:*.vob=01;35:*.qt=01;35:*.nuv=01;35:*.wmv=01;35:*.asf=01;35:*.rm=01;35:*.rmvb=01;35:*.flc=01;35:*.avi=01;35:*.fli=01;35:*.flv=01;35:*.gl=01;35:*.dl=01;35:*.xcf=01;35:*.xwd=01;35:*.yuv=01;35:*.cgm=01;35:*.emf=01;35:*.ogv=01;35:*.ogx=01;35:*.aac=00;36:*.au=00;36:*.flac=00;36:*.m4a=00;36:*.mid=00;36:*.midi=00;36:*.mka=00;36:*.mp3=00;36:*.mpc=00;36:*.ogg=00;36:*.ra=00;36:*.wav=00;36:*.oga=00;36:*.opus=00;36:*.spx=00;36:*.xspf=00;36:', 'VSCODE_GIT_IPC_HANDLE': '/run/user/1000/vscode-git-93ae0fd6cc.sock', 'TERM_PROGRAM': 'vscode', 'SSH_AGENT_LAUNCHER': 'gnome-keyring', 'SSH_AUTH_SOCK': '/run/user/1000/keyring/ssh', 'GSETTINGS_SCHEMA_DIR': '/home/ubuntu/snap/code/191/.local/share/glib-2.0/schemas', 'AMENT_PREFIX_PATH': '/opt/ros/humble', 'ORIGINAL_XDG_CURRENT_DESKTOP': 'ubuntu:GNOME', 'SHELL': '/bin/bash', 'LC_NAME': 'id_ID.UTF-8', 'QT_ACCESSIBILITY': '1', 'GDMSESSION': 'ubuntu-xorg', 'LESSCLOSE': '/usr/bin/lesspipe %s %s', 'GTK_PATH_VSCODE_SNAP_ORIG': '', 'FONTCONFIG_FILE': '/etc/fonts/fonts.conf', 'GTK_IM_MODULE_FILE_VSCODE_SNAP_ORIG': '', 'LC_MEASUREMENT': 'id_ID.UTF-8', 'GPG_AGENT_INFO': '/run/user/1000/gnupg/S.gpg-agent:0:1', 'GJS_DEBUG_OUTPUT': 'stderr', 'LC_IDENTIFICATION': 'id_ID.UTF-8', 'VSCODE_GIT_ASKPASS_EXTRA_ARGS': '', 'QT_IM_MODULE': 'ibus', 'PWD': '/home/ubuntu/ros2_ws/src/Greyform-linux/Python_Application/build/my-test-package', 'QT_QPA_PLATFORM': 'xcb', 'LC_ALL': 'en_US.UTF-8', 'XDG_CONFIG_DIRS': '/etc/xdg/xdg-ubuntu-xorg:/etc/xdg', 'XDG_DATA_DIRS': '/home/ubuntu/snap/code/191/.local/share/flatpak/exports/share:/home/ubuntu/snap/code/191/.local/share:/home/ubuntu/snap/code/191:/snap/code/191/usr/share:/usr/share/ubuntu-xorg:/usr/share/gnome:/home/ubuntu/.local/share/flatpak/exports/share:/var/lib/flatpak/exports/share:/usr/local/share/:/usr/share/:/var/lib/snapd/desktop', 'PYTHONPATH': '/home/ubuntu/ros2_ws/src/Greyform-linux/Python_Application/build/my-test-package/prefix_override:/usr/lib/python3/dist-packages/colcon_core/task/python/colcon_distutils_commands:/home/ubuntu/ros2_ws/src/Greyform-linux/Python_Application/install/my-test-package/lib/python3.10/site-packages:/opt/ros/humble/lib/python3.10/site-packages:/opt/ros/humble/local/lib/python3.10/dist-packages', 'LC_NUMERIC': 'id_ID.UTF-8', 'LC_PAPER': 'id_ID.UTF-8', 'COLCON': '1'}, 'shell': False}
[6.847065] (-) TimerEvent: {}
[6.858912] (my_robot_wallinterfaces) StdoutLine: {'line': b'[ 65%] Built target my_robot_wallinterfaces__rosidl_typesupport_c\n'}
[6.949232] (-) TimerEvent: {}
[7.050476] (-) TimerEvent: {}
[7.151837] (-) TimerEvent: {}
[7.180817] (my_robot_wallinterfaces) StdoutLine: {'line': b'[ 76%] Built target my_robot_wallinterfaces__rosidl_typesupport_introspection_c\n'}
[7.252197] (-) TimerEvent: {}
[7.354480] (-) TimerEvent: {}
[7.358764] (my_robot_wallinterfaces) StdoutLine: {'line': b'[ 76%] Built target my_robot_wallinterfaces\n'}
[7.454924] (-) TimerEvent: {}
[7.542126] (my_robot_wallinterfaces) StdoutLine: {'line': b'[ 78%] Built target my_robot_wallinterfaces__py\n'}
[7.555347] (-) TimerEvent: {}
[7.656364] (-) TimerEvent: {}
[7.757684] (-) TimerEvent: {}
[7.772502] (my_robot_wallinterfaces) StdoutLine: {'line': b'[ 87%] Built target my_robot_wallinterfaces__rosidl_generator_py\n'}
[7.858738] (-) TimerEvent: {}
[7.961496] (-) TimerEvent: {}
[8.036490] (my_robot_wallinterfaces) StdoutLine: {'line': b'[ 91%] Built target my_robot_wallinterfaces__rosidl_typesupport_fastrtps_c__pyext\n'}
[8.065456] (-) TimerEvent: {}
[8.171984] (-) TimerEvent: {}
[8.273076] (-) TimerEvent: {}
[8.379454] (-) TimerEvent: {}
[8.389409] (my_robot_wallinterfaces) StdoutLine: {'line': b'[ 95%] Built target my_robot_wallinterfaces__rosidl_typesupport_c__pyext\n'}
[8.479894] (-) TimerEvent: {}
[8.581060] (-) TimerEvent: {}
[8.682693] (-) TimerEvent: {}
[8.702468] (my_robot_wallinterfaces) StdoutLine: {'line': b'[100%] Built target my_robot_wallinterfaces__rosidl_typesupport_introspection_c__pyext\n'}
[8.783442] (-) TimerEvent: {}
[8.785558] (my_robot_wallinterfaces) CommandEnded: {'returncode': 0}
[8.800380] (my_robot_wallinterfaces) JobProgress: {'identifier': 'my_robot_wallinterfaces', 'progress': 'install'}
[8.800542] (my_robot_wallinterfaces) Command: {'cmd': ['/usr/bin/cmake', '--install', '/home/ubuntu/ros2_ws/src/Greyform-linux/Python_Application/build/my_robot_wallinterfaces'], 'cwd': '/home/ubuntu/ros2_ws/src/Greyform-linux/Python_Application/build/my_robot_wallinterfaces', 'env': OrderedDict([('GJS_DEBUG_TOPICS', 'JS ERROR;JS LOG'), ('LESSOPEN', '| /usr/bin/lesspipe %s'), ('USER', 'ubuntu'), ('LC_TIME', 'id_ID.UTF-8'), ('FONTCONFIG_PATH', '/etc/fonts'), ('GIO_MODULE_DIR', '/home/ubuntu/snap/code/common/.cache/gio-modules'), ('XDG_SESSION_TYPE', 'x11'), ('GIT_ASKPASS', '/snap/code/191/usr/share/code/resources/app/extensions/git/dist/askpass.sh'), ('GTK_EXE_PREFIX_VSCODE_SNAP_ORIG', ''), ('GDK_BACKEND_VSCODE_SNAP_ORIG', ''), ('SHLVL', '1'), ('LD_LIBRARY_PATH', '/opt/ros/humble/opt/rviz_ogre_vendor/lib:/opt/ros/humble/lib/x86_64-linux-gnu:/opt/ros/humble/lib'), ('HOME', '/home/ubuntu'), ('CHROME_DESKTOP', 'code.desktop'), ('LOCPATH_VSCODE_SNAP_ORIG', ''), ('TERM_PROGRAM_VERSION', '1.99.3'), ('DESKTOP_SESSION', 'ubuntu-xorg'), ('GTK_PATH', '/snap/code/191/usr/lib/x86_64-linux-gnu/gtk-3.0'), ('XDG_DATA_HOME_VSCODE_SNAP_ORIG', ''), ('GTK_IM_MODULE_FILE', '/home/ubuntu/snap/code/common/.cache/immodules/immodules.cache'), ('GIO_LAUNCHED_DESKTOP_FILE', '/var/lib/snapd/desktop/applications/code_code.desktop'), ('ROS_PYTHON_VERSION', '3'), ('GNOME_SHELL_SESSION_MODE', 'ubuntu'), ('GTK_MODULES', 'gail:atk-bridge'), ('GSETTINGS_SCHEMA_DIR_VSCODE_SNAP_ORIG', ''), ('VSCODE_GIT_ASKPASS_MAIN', '/snap/code/191/usr/share/code/resources/app/extensions/git/dist/askpass-main.js'), ('LC_MONETARY', 'id_ID.UTF-8'), ('VSCODE_GIT_ASKPASS_NODE', '/snap/code/191/usr/share/code/code'), ('MANAGERPID', '1731'), ('PYDEVD_DISABLE_FILE_VALIDATION', '1'), ('SYSTEMD_EXEC_PID', '3525'), ('BUNDLED_DEBUGPY_PATH', '/home/ubuntu/.vscode/extensions/ms-python.debugpy-2025.6.0-linux-x64/bundled/libs/debugpy'), ('DBUS_SESSION_BUS_ADDRESS', 'unix:path=/run/user/1000/bus'), ('COLORTERM', 'truecolor'), ('GIO_LAUNCHED_DESKTOP_FILE_PID', '4542'), ('IM_CONFIG_PHASE', '1'), ('ROS_DISTRO', 'humble'), ('GTK_IM_MODULE', 'ibus'), ('LOGNAME', 'ubuntu'), ('JOURNAL_STREAM', '8:38474'), ('_', '/usr/bin/colcon'), ('ROS_VERSION', '2'), ('XDG_CONFIG_DIRS_VSCODE_SNAP_ORIG', '/etc/xdg/xdg-ubuntu-xorg:/etc/xdg'), ('XDG_SESSION_CLASS', 'user'), ('XDG_DATA_DIRS_VSCODE_SNAP_ORIG', '/usr/share/ubuntu-xorg:/usr/share/gnome:/home/ubuntu/.local/share/flatpak/exports/share:/var/lib/flatpak/exports/share:/usr/local/share/:/usr/share/:/var/lib/snapd/desktop'), ('USERNAME', 'ubuntu'), ('TERM', 'xterm-256color'), ('GNOME_DESKTOP_SESSION_ID', 'this-is-deprecated'), ('ROS_LOCALHOST_ONLY', '0'), ('WINDOWPATH', '2'), ('PATH', '/home/ubuntu/.local/bin:/opt/ros/humble/bin:/home/ubuntu/.local/bin:/usr/local/sbin:/usr/local/bin:/usr/sbin:/usr/bin:/sbin:/bin:/usr/games:/usr/local/games:/snap/bin:/snap/bin:/home/ubuntu/.vscode/extensions/ms-python.debugpy-2025.6.0-linux-x64/bundled/scripts/noConfigScripts'), ('SESSION_MANAGER', 'local/ubuntu-virtual-machine:@/tmp/.ICE-unix/3497,unix/ubuntu-virtual-machine:/tmp/.ICE-unix/3497'), ('GTK_EXE_PREFIX', '/snap/code/191/usr'), ('INVOCATION_ID', '307219eafcb14cf0a1dced76858fc39a'), ('XDG_MENU_PREFIX', 'gnome-'), ('LC_ADDRESS', 'id_ID.UTF-8'), ('BAMF_DESKTOP_FILE_HINT', '/var/lib/snapd/desktop/applications/code_code.desktop'), ('XDG_RUNTIME_DIR', '/run/user/1000'), ('GDK_BACKEND', 'x11'), ('DISPLAY', ':0'), ('LOCPATH', '/snap/code/191/usr/lib/locale'), ('VSCODE_DEBUGPY_ADAPTER_ENDPOINTS', '/home/ubuntu/.vscode/extensions/ms-python.debugpy-2025.6.0-linux-x64/.noConfigDebugAdapterEndpoints/endpoint-5c4e4c73dc4993ee.txt'), ('LANG', 'en_US.UTF-8'), ('XDG_CURRENT_DESKTOP', 'Unity'), ('LC_TELEPHONE', 'id_ID.UTF-8'), ('GIO_MODULE_DIR_VSCODE_SNAP_ORIG', ''), ('XDG_DATA_HOME', '/home/ubuntu/snap/code/191/.local/share'), ('XMODIFIERS', '@im=ibus'), ('XDG_SESSION_DESKTOP', 'ubuntu-xorg'), ('XAUTHORITY', '/run/user/1000/gdm/Xauthority'), ('LS_COLORS', 'rs=0:di=01;34:ln=01;36:mh=00:pi=40;33:so=01;35:do=01;35:bd=40;33;01:cd=40;33;01:or=40;31;01:mi=00:su=37;41:sg=30;43:ca=30;41:tw=30;42:ow=34;42:st=37;44:ex=01;32:*.tar=01;31:*.tgz=01;31:*.arc=01;31:*.arj=01;31:*.taz=01;31:*.lha=01;31:*.lz4=01;31:*.lzh=01;31:*.lzma=01;31:*.tlz=01;31:*.txz=01;31:*.tzo=01;31:*.t7z=01;31:*.zip=01;31:*.z=01;31:*.dz=01;31:*.gz=01;31:*.lrz=01;31:*.lz=01;31:*.lzo=01;31:*.xz=01;31:*.zst=01;31:*.tzst=01;31:*.bz2=01;31:*.bz=01;31:*.tbz=01;31:*.tbz2=01;31:*.tz=01;31:*.deb=01;31:*.rpm=01;31:*.jar=01;31:*.war=01;31:*.ear=01;31:*.sar=01;31:*.rar=01;31:*.alz=01;31:*.ace=01;31:*.zoo=01;31:*.cpio=01;31:*.7z=01;31:*.rz=01;31:*.cab=01;31:*.wim=01;31:*.swm=01;31:*.dwm=01;31:*.esd=01;31:*.jpg=01;35:*.jpeg=01;35:*.mjpg=01;35:*.mjpeg=01;35:*.gif=01;35:*.bmp=01;35:*.pbm=01;35:*.pgm=01;35:*.ppm=01;35:*.tga=01;35:*.xbm=01;35:*.xpm=01;35:*.tif=01;35:*.tiff=01;35:*.png=01;35:*.svg=01;35:*.svgz=01;35:*.mng=01;35:*.pcx=01;35:*.mov=01;35:*.mpg=01;35:*.mpeg=01;35:*.m2v=01;35:*.mkv=01;35:*.webm=01;35:*.webp=01;35:*.ogm=01;35:*.mp4=01;35:*.m4v=01;35:*.mp4v=01;35:*.vob=01;35:*.qt=01;35:*.nuv=01;35:*.wmv=01;35:*.asf=01;35:*.rm=01;35:*.rmvb=01;35:*.flc=01;35:*.avi=01;35:*.fli=01;35:*.flv=01;35:*.gl=01;35:*.dl=01;35:*.xcf=01;35:*.xwd=01;35:*.yuv=01;35:*.cgm=01;35:*.emf=01;35:*.ogv=01;35:*.ogx=01;35:*.aac=00;36:*.au=00;36:*.flac=00;36:*.m4a=00;36:*.mid=00;36:*.midi=00;36:*.mka=00;36:*.mp3=00;36:*.mpc=00;36:*.ogg=00;36:*.ra=00;36:*.wav=00;36:*.oga=00;36:*.opus=00;36:*.spx=00;36:*.xspf=00;36:'), ('VSCODE_GIT_IPC_HANDLE', '/run/user/1000/vscode-git-93ae0fd6cc.sock'), ('TERM_PROGRAM', 'vscode'), ('SSH_AGENT_LAUNCHER', 'gnome-keyring'), ('SSH_AUTH_SOCK', '/run/user/1000/keyring/ssh'), ('GSETTINGS_SCHEMA_DIR', '/home/ubuntu/snap/code/191/.local/share/glib-2.0/schemas'), ('AMENT_PREFIX_PATH', '/opt/ros/humble'), ('ORIGINAL_XDG_CURRENT_DESKTOP', 'ubuntu:GNOME'), ('SHELL', '/bin/bash'), ('LC_NAME', 'id_ID.UTF-8'), ('QT_ACCESSIBILITY', '1'), ('GDMSESSION', 'ubuntu-xorg'), ('LESSCLOSE', '/usr/bin/lesspipe %s %s'), ('GTK_PATH_VSCODE_SNAP_ORIG', ''), ('FONTCONFIG_FILE', '/etc/fonts/fonts.conf'), ('GTK_IM_MODULE_FILE_VSCODE_SNAP_ORIG', ''), ('LC_MEASUREMENT', 'id_ID.UTF-8'), ('GPG_AGENT_INFO', '/run/user/1000/gnupg/S.gpg-agent:0:1'), ('GJS_DEBUG_OUTPUT', 'stderr'), ('LC_IDENTIFICATION', 'id_ID.UTF-8'), ('VSCODE_GIT_ASKPASS_EXTRA_ARGS', ''), ('QT_IM_MODULE', 'ibus'), ('PWD', '/home/ubuntu/ros2_ws/src/Greyform-linux/Python_Application/build/my_robot_wallinterfaces'), ('QT_QPA_PLATFORM', 'xcb'), ('LC_ALL', 'en_US.UTF-8'), ('XDG_CONFIG_DIRS', '/etc/xdg/xdg-ubuntu-xorg:/etc/xdg'), ('XDG_DATA_DIRS', '/home/ubuntu/snap/code/191/.local/share/flatpak/exports/share:/home/ubuntu/snap/code/191/.local/share:/home/ubuntu/snap/code/191:/snap/code/191/usr/share:/usr/share/ubuntu-xorg:/usr/share/gnome:/home/ubuntu/.local/share/flatpak/exports/share:/var/lib/flatpak/exports/share:/usr/local/share/:/usr/share/:/var/lib/snapd/desktop'), ('PYTHONPATH', '/opt/ros/humble/lib/python3.10/site-packages:/opt/ros/humble/local/lib/python3.10/dist-packages'), ('LC_NUMERIC', 'id_ID.UTF-8'), ('LC_PAPER', 'id_ID.UTF-8'), ('COLCON', '1'), ('CMAKE_PREFIX_PATH', '/opt/ros/humble')]), 'shell': False}
[8.855571] (my_robot_wallinterfaces) StdoutLine: {'line': b'-- Install configuration: ""\n'}
[8.858247] (my_robot_wallinterfaces) StdoutLine: {'line': b'-- Up-to-date: /home/ubuntu/ros2_ws/src/Greyform-linux/Python_Application/install/my_robot_wallinterfaces/share/ament_index/resource_index/rosidl_interfaces/my_robot_wallinterfaces\n'}
[8.858602] (my_robot_wallinterfaces) StdoutLine: {'line': b'-- Up-to-date: /home/ubuntu/ros2_ws/src/Greyform-linux/Python_Application/install/my_robot_wallinterfaces/include/my_robot_wallinterfaces/my_robot_wallinterfaces\n'}
[8.858836] (my_robot_wallinterfaces) StdoutLine: {'line': b'-- Up-to-date: /home/ubuntu/ros2_ws/src/Greyform-linux/Python_Application/install/my_robot_wallinterfaces/include/my_robot_wallinterfaces/my_robot_wallinterfaces/srv\n'}
[8.859889] (my_robot_wallinterfaces) StdoutLine: {'line': b'-- Up-to-date: /home/ubuntu/ros2_ws/src/Greyform-linux/Python_Application/install/my_robot_wallinterfaces/include/my_robot_wallinterfaces/my_robot_wallinterfaces/srv/detail\n'}
[8.860564] (my_robot_wallinterfaces) StdoutLine: {'line': b'-- Up-to-date: /home/ubuntu/ros2_ws/src/Greyform-linux/Python_Application/install/my_robot_wallinterfaces/include/my_robot_wallinterfaces/my_robot_wallinterfaces/srv/detail/set_led__type_support.h\n'}
[8.861165] (my_robot_wallinterfaces) StdoutLine: {'line': b'-- Up-to-date: /home/ubuntu/ros2_ws/src/Greyform-linux/Python_Application/install/my_robot_wallinterfaces/include/my_robot_wallinterfaces/my_robot_wallinterfaces/srv/detail/set_led__struct.h\n'}
[8.862214] (my_robot_wallinterfaces) StdoutLine: {'line': b'-- Up-to-date: /home/ubuntu/ros2_ws/src/Greyform-linux/Python_Application/install/my_robot_wallinterfaces/include/my_robot_wallinterfaces/my_robot_wallinterfaces/srv/detail/set_led__functions.c\n'}
[8.862536] (my_robot_wallinterfaces) StdoutLine: {'line': b'-- Up-to-date: /home/ubuntu/ros2_ws/src/Greyform-linux/Python_Application/install/my_robot_wallinterfaces/include/my_robot_wallinterfaces/my_robot_wallinterfaces/srv/detail/set_led__functions.h\n'}
[8.862802] (my_robot_wallinterfaces) StdoutLine: {'line': b'-- Up-to-date: /home/ubuntu/ros2_ws/src/Greyform-linux/Python_Application/install/my_robot_wallinterfaces/include/my_robot_wallinterfaces/my_robot_wallinterfaces/srv/set_led.h\n'}
[8.863079] (my_robot_wallinterfaces) StdoutLine: {'line': b'-- Up-to-date: /home/ubuntu/ros2_ws/src/Greyform-linux/Python_Application/install/my_robot_wallinterfaces/include/my_robot_wallinterfaces/my_robot_wallinterfaces/msg\n'}
[8.863386] (my_robot_wallinterfaces) StdoutLine: {'line': b'-- Up-to-date: /home/ubuntu/ros2_ws/src/Greyform-linux/Python_Application/install/my_robot_wallinterfaces/include/my_robot_wallinterfaces/my_robot_wallinterfaces/msg/detail\n'}
[8.863800] (my_robot_wallinterfaces) StdoutLine: {'line': b'-- Up-to-date: /home/ubuntu/ros2_ws/src/Greyform-linux/Python_Application/install/my_robot_wallinterfaces/include/my_robot_wallinterfaces/my_robot_wallinterfaces/msg/detail/file_extraction_message__functions.h\n'}
[8.864234] (my_robot_wallinterfaces) StdoutLine: {'line': b'-- Up-to-date: /home/ubuntu/ros2_ws/src/Greyform-linux/Python_Application/install/my_robot_wallinterfaces/include/my_robot_wallinterfaces/my_robot_wallinterfaces/msg/detail/file_extraction_message__type_support.h\n'}
[8.864547] (my_robot_wallinterfaces) StdoutLine: {'line': b'-- Up-to-date: /home/ubuntu/ros2_ws/src/Greyform-linux/Python_Application/install/my_robot_wallinterfaces/include/my_robot_wallinterfaces/my_robot_wallinterfaces/msg/detail/selection_wall__struct.h\n'}
[8.864789] (my_robot_wallinterfaces) StdoutLine: {'line': b'-- Up-to-date: /home/ubuntu/ros2_ws/src/Greyform-linux/Python_Application/install/my_robot_wallinterfaces/include/my_robot_wallinterfaces/my_robot_wallinterfaces/msg/detail/selection_wall__functions.c\n'}
[8.865083] (my_robot_wallinterfaces) StdoutLine: {'line': b'-- Up-to-date: /home/ubuntu/ros2_ws/src/Greyform-linux/Python_Application/install/my_robot_wallinterfaces/include/my_robot_wallinterfaces/my_robot_wallinterfaces/msg/detail/selection_wall__functions.h\n'}
[8.868174] (my_robot_wallinterfaces) StdoutLine: {'line': b'-- Up-to-date: /home/ubuntu/ros2_ws/src/Greyform-linux/Python_Application/install/my_robot_wallinterfaces/include/my_robot_wallinterfaces/my_robot_wallinterfaces/msg/detail/selection_wall__type_support.h\n'}
[8.869080] (my_robot_wallinterfaces) StdoutLine: {'line': b'-- Up-to-date: /home/ubuntu/ros2_ws/src/Greyform-linux/Python_Application/install/my_robot_wallinterfaces/include/my_robot_wallinterfaces/my_robot_wallinterfaces/msg/detail/file_extraction_message__functions.c\n'}
[8.870168] (my_robot_wallinterfaces) StdoutLine: {'line': b'-- Up-to-date: /home/ubuntu/ros2_ws/src/Greyform-linux/Python_Application/install/my_robot_wallinterfaces/include/my_robot_wallinterfaces/my_robot_wallinterfaces/msg/detail/file_extraction_message__struct.h\n'}
[8.870664] (my_robot_wallinterfaces) StdoutLine: {'line': b'-- Up-to-date: /home/ubuntu/ros2_ws/src/Greyform-linux/Python_Application/install/my_robot_wallinterfaces/include/my_robot_wallinterfaces/my_robot_wallinterfaces/msg/file_extraction_message.h\n'}
[8.871041] (my_robot_wallinterfaces) StdoutLine: {'line': b'-- Up-to-date: /home/ubuntu/ros2_ws/src/Greyform-linux/Python_Application/install/my_robot_wallinterfaces/include/my_robot_wallinterfaces/my_robot_wallinterfaces/msg/rosidl_generator_c__visibility_control.h\n'}
[8.871324] (my_robot_wallinterfaces) StdoutLine: {'line': b'-- Up-to-date: /home/ubuntu/ros2_ws/src/Greyform-linux/Python_Application/install/my_robot_wallinterfaces/include/my_robot_wallinterfaces/my_robot_wallinterfaces/msg/selection_wall.h\n'}
[8.871529] (my_robot_wallinterfaces) StdoutLine: {'line': b'-- Up-to-date: /home/ubuntu/ros2_ws/src/Greyform-linux/Python_Application/install/my_robot_wallinterfaces/share/my_robot_wallinterfaces/environment/library_path.sh\n'}
[8.872022] (my_robot_wallinterfaces) StdoutLine: {'line': b'-- Up-to-date: /home/ubuntu/ros2_ws/src/Greyform-linux/Python_Application/install/my_robot_wallinterfaces/share/my_robot_wallinterfaces/environment/library_path.dsv\n'}
[8.881253] (my_robot_wallinterfaces) StdoutLine: {'line': b'-- Up-to-date: /home/ubuntu/ros2_ws/src/Greyform-linux/Python_Application/install/my_robot_wallinterfaces/lib/libmy_robot_wallinterfaces__rosidl_generator_c.so\n'}
[8.883249] (my_robot_wallinterfaces) StdoutLine: {'line': b'-- Up-to-date: /home/ubuntu/ros2_ws/src/Greyform-linux/Python_Application/install/my_robot_wallinterfaces/include/my_robot_wallinterfaces/my_robot_wallinterfaces\n'}
[8.883652] (-) TimerEvent: {}
[8.884628] (my_robot_wallinterfaces) StdoutLine: {'line': b'-- Up-to-date: /home/ubuntu/ros2_ws/src/Greyform-linux/Python_Application/install/my_robot_wallinterfaces/include/my_robot_wallinterfaces/my_robot_wallinterfaces/srv\n'}
[8.884965] (my_robot_wallinterfaces) StdoutLine: {'line': b'-- Up-to-date: /home/ubuntu/ros2_ws/src/Greyform-linux/Python_Application/install/my_robot_wallinterfaces/include/my_robot_wallinterfaces/my_robot_wallinterfaces/srv/detail\n'}
[8.886282] (my_robot_wallinterfaces) StdoutLine: {'line': b'-- Up-to-date: /home/ubuntu/ros2_ws/src/Greyform-linux/Python_Application/install/my_robot_wallinterfaces/include/my_robot_wallinterfaces/my_robot_wallinterfaces/srv/detail/set_led__rosidl_typesupport_fastrtps_c.h\n'}
[8.886568] (my_robot_wallinterfaces) StdoutLine: {'line': b'-- Up-to-date: /home/ubuntu/ros2_ws/src/Greyform-linux/Python_Application/install/my_robot_wallinterfaces/include/my_robot_wallinterfaces/my_robot_wallinterfaces/msg\n'}
[8.886789] (my_robot_wallinterfaces) StdoutLine: {'line': b'-- Up-to-date: /home/ubuntu/ros2_ws/src/Greyform-linux/Python_Application/install/my_robot_wallinterfaces/include/my_robot_wallinterfaces/my_robot_wallinterfaces/msg/detail\n'}
[8.887118] (my_robot_wallinterfaces) StdoutLine: {'line': b'-- Up-to-date: /home/ubuntu/ros2_ws/src/Greyform-linux/Python_Application/install/my_robot_wallinterfaces/include/my_robot_wallinterfaces/my_robot_wallinterfaces/msg/detail/file_extraction_message__rosidl_typesupport_fastrtps_c.h\n'}
[8.887373] (my_robot_wallinterfaces) StdoutLine: {'line': b'-- Up-to-date: /home/ubuntu/ros2_ws/src/Greyform-linux/Python_Application/install/my_robot_wallinterfaces/include/my_robot_wallinterfaces/my_robot_wallinterfaces/msg/detail/selection_wall__rosidl_typesupport_fastrtps_c.h\n'}
[8.887665] (my_robot_wallinterfaces) StdoutLine: {'line': b'-- Up-to-date: /home/ubuntu/ros2_ws/src/Greyform-linux/Python_Application/install/my_robot_wallinterfaces/include/my_robot_wallinterfaces/my_robot_wallinterfaces/msg/rosidl_typesupport_fastrtps_c__visibility_control.h\n'}
[8.911902] (my_robot_wallinterfaces) StdoutLine: {'line': b'-- Up-to-date: /home/ubuntu/ros2_ws/src/Greyform-linux/Python_Application/install/my_robot_wallinterfaces/lib/libmy_robot_wallinterfaces__rosidl_typesupport_fastrtps_c.so\n'}
[8.912761] (my_robot_wallinterfaces) StdoutLine: {'line': b'-- Up-to-date: /home/ubuntu/ros2_ws/src/Greyform-linux/Python_Application/install/my_robot_wallinterfaces/include/my_robot_wallinterfaces/my_robot_wallinterfaces\n'}
[8.915911] (my_robot_wallinterfaces) StdoutLine: {'line': b'-- Up-to-date: /home/ubuntu/ros2_ws/src/Greyform-linux/Python_Application/install/my_robot_wallinterfaces/include/my_robot_wallinterfaces/my_robot_wallinterfaces/srv\n'}
[8.916297] (my_robot_wallinterfaces) StdoutLine: {'line': b'-- Up-to-date: /home/ubuntu/ros2_ws/src/Greyform-linux/Python_Application/install/my_robot_wallinterfaces/include/my_robot_wallinterfaces/my_robot_wallinterfaces/srv/detail\n'}
[8.916584] (my_robot_wallinterfaces) StdoutLine: {'line': b'-- Up-to-date: /home/ubuntu/ros2_ws/src/Greyform-linux/Python_Application/install/my_robot_wallinterfaces/include/my_robot_wallinterfaces/my_robot_wallinterfaces/srv/detail/set_led__rosidl_typesupport_introspection_c.h\n'}
[8.917821] (my_robot_wallinterfaces) StdoutLine: {'line': b'-- Up-to-date: /home/ubuntu/ros2_ws/src/Greyform-linux/Python_Application/install/my_robot_wallinterfaces/include/my_robot_wallinterfaces/my_robot_wallinterfaces/srv/detail/set_led__type_support.c\n'}
[8.918378] (my_robot_wallinterfaces) StdoutLine: {'line': b'-- Up-to-date: /home/ubuntu/ros2_ws/src/Greyform-linux/Python_Application/install/my_robot_wallinterfaces/include/my_robot_wallinterfaces/my_robot_wallinterfaces/msg\n'}
[8.918825] (my_robot_wallinterfaces) StdoutLine: {'line': b'-- Up-to-date: /home/ubuntu/ros2_ws/src/Greyform-linux/Python_Application/install/my_robot_wallinterfaces/include/my_robot_wallinterfaces/my_robot_wallinterfaces/msg/detail\n'}
[8.919257] (my_robot_wallinterfaces) StdoutLine: {'line': b'-- Up-to-date: /home/ubuntu/ros2_ws/src/Greyform-linux/Python_Application/install/my_robot_wallinterfaces/include/my_robot_wallinterfaces/my_robot_wallinterfaces/msg/detail/file_extraction_message__rosidl_typesupport_introspection_c.h\n'}
[8.919718] (my_robot_wallinterfaces) StdoutLine: {'line': b'-- Up-to-date: /home/ubuntu/ros2_ws/src/Greyform-linux/Python_Application/install/my_robot_wallinterfaces/include/my_robot_wallinterfaces/my_robot_wallinterfaces/msg/detail/selection_wall__rosidl_typesupport_introspection_c.h\n'}
[8.920670] (my_robot_wallinterfaces) StdoutLine: {'line': b'-- Up-to-date: /home/ubuntu/ros2_ws/src/Greyform-linux/Python_Application/install/my_robot_wallinterfaces/include/my_robot_wallinterfaces/my_robot_wallinterfaces/msg/detail/file_extraction_message__type_support.c\n'}
[8.921486] (my_robot_wallinterfaces) StdoutLine: {'line': b'-- Up-to-date: /home/ubuntu/ros2_ws/src/Greyform-linux/Python_Application/install/my_robot_wallinterfaces/include/my_robot_wallinterfaces/my_robot_wallinterfaces/msg/detail/selection_wall__type_support.c\n'}
[8.921831] (my_robot_wallinterfaces) StdoutLine: {'line': b'-- Up-to-date: /home/ubuntu/ros2_ws/src/Greyform-linux/Python_Application/install/my_robot_wallinterfaces/include/my_robot_wallinterfaces/my_robot_wallinterfaces/msg/rosidl_typesupport_introspection_c__visibility_control.h\n'}
[8.933008] (my-test-package) StdoutLine: {'line': b'running egg_info\n'}
[8.939964] (my-test-package) StdoutLine: {'line': b'writing ../../../../../../../../build/my-test-package/my_test_package.egg-info/PKG-INFO\n'}
[8.941081] (my_robot_wallinterfaces) StdoutLine: {'line': b'-- Up-to-date: /home/ubuntu/ros2_ws/src/Greyform-linux/Python_Application/install/my_robot_wallinterfaces/lib/libmy_robot_wallinterfaces__rosidl_typesupport_introspection_c.so\n'}
[8.942038] (my-test-package) StdoutLine: {'line': b'writing dependency_links to ../../../../../../../../build/my-test-package/my_test_package.egg-info/dependency_links.txt\n'}
[8.942596] (my-test-package) StdoutLine: {'line': b'writing top-level names to ../../../../../../../../build/my-test-package/my_test_package.egg-info/top_level.txt\n'}
[8.947194] (my-test-package) StdoutLine: {'line': b"reading manifest file '../../../../../../../../build/my-test-package/my_test_package.egg-info/SOURCES.txt'\n"}
[8.961520] (my_robot_wallinterfaces) StdoutLine: {'line': b'-- Up-to-date: /home/ubuntu/ros2_ws/src/Greyform-linux/Python_Application/install/my_robot_wallinterfaces/lib/libmy_robot_wallinterfaces__rosidl_typesupport_c.so\n'}
[8.962848] (my_robot_wallinterfaces) StdoutLine: {'line': b'-- Up-to-date: /home/ubuntu/ros2_ws/src/Greyform-linux/Python_Application/install/my_robot_wallinterfaces/include/my_robot_wallinterfaces/my_robot_wallinterfaces\n'}
[8.963294] (my_robot_wallinterfaces) StdoutLine: {'line': b'-- Up-to-date: /home/ubuntu/ros2_ws/src/Greyform-linux/Python_Application/install/my_robot_wallinterfaces/include/my_robot_wallinterfaces/my_robot_wallinterfaces/srv\n'}
[8.963552] (my_robot_wallinterfaces) StdoutLine: {'line': b'-- Up-to-date: /home/ubuntu/ros2_ws/src/Greyform-linux/Python_Application/install/my_robot_wallinterfaces/include/my_robot_wallinterfaces/my_robot_wallinterfaces/srv/detail\n'}
[8.964064] (my_robot_wallinterfaces) StdoutLine: {'line': b'-- Up-to-date: /home/ubuntu/ros2_ws/src/Greyform-linux/Python_Application/install/my_robot_wallinterfaces/include/my_robot_wallinterfaces/my_robot_wallinterfaces/srv/detail/set_led__builder.hpp\n'}
[8.965370] (my_robot_wallinterfaces) StdoutLine: {'line': b'-- Up-to-date: /home/ubuntu/ros2_ws/src/Greyform-linux/Python_Application/install/my_robot_wallinterfaces/include/my_robot_wallinterfaces/my_robot_wallinterfaces/srv/detail/set_led__struct.hpp\n'}
[8.965772] (my_robot_wallinterfaces) StdoutLine: {'line': b'-- Up-to-date: /home/ubuntu/ros2_ws/src/Greyform-linux/Python_Application/install/my_robot_wallinterfaces/include/my_robot_wallinterfaces/my_robot_wallinterfaces/srv/detail/set_led__type_support.hpp\n'}
[8.968518] (my_robot_wallinterfaces) StdoutLine: {'line': b'-- Up-to-date: /home/ubuntu/ros2_ws/src/Greyform-linux/Python_Application/install/my_robot_wallinterfaces/include/my_robot_wallinterfaces/my_robot_wallinterfaces/srv/detail/set_led__traits.hpp\n'}
[8.968887] (my_robot_wallinterfaces) StdoutLine: {'line': b'-- Up-to-date: /home/ubuntu/ros2_ws/src/Greyform-linux/Python_Application/install/my_robot_wallinterfaces/include/my_robot_wallinterfaces/my_robot_wallinterfaces/srv/set_led.hpp\n'}
[8.969218] (my_robot_wallinterfaces) StdoutLine: {'line': b'-- Up-to-date: /home/ubuntu/ros2_ws/src/Greyform-linux/Python_Application/install/my_robot_wallinterfaces/include/my_robot_wallinterfaces/my_robot_wallinterfaces/msg\n'}
[8.969531] (my_robot_wallinterfaces) StdoutLine: {'line': b'-- Up-to-date: /home/ubuntu/ros2_ws/src/Greyform-linux/Python_Application/install/my_robot_wallinterfaces/include/my_robot_wallinterfaces/my_robot_wallinterfaces/msg/rosidl_generator_cpp__visibility_control.hpp\n'}
[8.971706] (my_robot_wallinterfaces) StdoutLine: {'line': b'-- Up-to-date: /home/ubuntu/ros2_ws/src/Greyform-linux/Python_Application/install/my_robot_wallinterfaces/include/my_robot_wallinterfaces/my_robot_wallinterfaces/msg/file_extraction_message.hpp\n'}
[8.972015] (my_robot_wallinterfaces) StdoutLine: {'line': b'-- Up-to-date: /home/ubuntu/ros2_ws/src/Greyform-linux/Python_Application/install/my_robot_wallinterfaces/include/my_robot_wallinterfaces/my_robot_wallinterfaces/msg/detail\n'}
[8.972492] (my-test-package) StdoutLine: {'line': b"writing manifest file '../../../../../../../../build/my-test-package/my_test_package.egg-info/SOURCES.txt'\n"}
[8.973523] (my-test-package) StdoutLine: {'line': b'running build\n'}
[8.973829] (my-test-package) StdoutLine: {'line': b'running install\n'}
[8.974157] (my_robot_wallinterfaces) StdoutLine: {'line': b'-- Up-to-date: /home/ubuntu/ros2_ws/src/Greyform-linux/Python_Application/install/my_robot_wallinterfaces/include/my_robot_wallinterfaces/my_robot_wallinterfaces/msg/detail/selection_wall__builder.hpp\n'}
[8.974416] (my_robot_wallinterfaces) StdoutLine: {'line': b'-- Up-to-date: /home/ubuntu/ros2_ws/src/Greyform-linux/Python_Application/install/my_robot_wallinterfaces/include/my_robot_wallinterfaces/my_robot_wallinterfaces/msg/detail/file_extraction_message__struct.hpp\n'}
[8.974635] (my_robot_wallinterfaces) StdoutLine: {'line': b'-- Up-to-date: /home/ubuntu/ros2_ws/src/Greyform-linux/Python_Application/install/my_robot_wallinterfaces/include/my_robot_wallinterfaces/my_robot_wallinterfaces/msg/detail/selection_wall__struct.hpp\n'}
[8.974959] (my_robot_wallinterfaces) StdoutLine: {'line': b'-- Up-to-date: /home/ubuntu/ros2_ws/src/Greyform-linux/Python_Application/install/my_robot_wallinterfaces/include/my_robot_wallinterfaces/my_robot_wallinterfaces/msg/detail/file_extraction_message__traits.hpp\n'}
[8.975217] (my_robot_wallinterfaces) StdoutLine: {'line': b'-- Up-to-date: /home/ubuntu/ros2_ws/src/Greyform-linux/Python_Application/install/my_robot_wallinterfaces/include/my_robot_wallinterfaces/my_robot_wallinterfaces/msg/detail/file_extraction_message__builder.hpp\n'}
[8.975579] (my_robot_wallinterfaces) StdoutLine: {'line': b'-- Up-to-date: /home/ubuntu/ros2_ws/src/Greyform-linux/Python_Application/install/my_robot_wallinterfaces/include/my_robot_wallinterfaces/my_robot_wallinterfaces/msg/detail/file_extraction_message__type_support.hpp\n'}
[8.975824] (my_robot_wallinterfaces) StdoutLine: {'line': b'-- Up-to-date: /home/ubuntu/ros2_ws/src/Greyform-linux/Python_Application/install/my_robot_wallinterfaces/include/my_robot_wallinterfaces/my_robot_wallinterfaces/msg/detail/selection_wall__traits.hpp\n'}
[8.976128] (my_robot_wallinterfaces) StdoutLine: {'line': b'-- Up-to-date: /home/ubuntu/ros2_ws/src/Greyform-linux/Python_Application/install/my_robot_wallinterfaces/include/my_robot_wallinterfaces/my_robot_wallinterfaces/msg/detail/selection_wall__type_support.hpp\n'}
[8.976369] (my_robot_wallinterfaces) StdoutLine: {'line': b'-- Up-to-date: /home/ubuntu/ros2_ws/src/Greyform-linux/Python_Application/install/my_robot_wallinterfaces/include/my_robot_wallinterfaces/my_robot_wallinterfaces/msg/selection_wall.hpp\n'}
[8.976601] (my_robot_wallinterfaces) StdoutLine: {'line': b'-- Up-to-date: /home/ubuntu/ros2_ws/src/Greyform-linux/Python_Application/install/my_robot_wallinterfaces/include/my_robot_wallinterfaces/my_robot_wallinterfaces\n'}
[8.977928] (my_robot_wallinterfaces) StdoutLine: {'line': b'-- Up-to-date: /home/ubuntu/ros2_ws/src/Greyform-linux/Python_Application/install/my_robot_wallinterfaces/include/my_robot_wallinterfaces/my_robot_wallinterfaces/srv\n'}
[8.978287] (my_robot_wallinterfaces) StdoutLine: {'line': b'-- Up-to-date: /home/ubuntu/ros2_ws/src/Greyform-linux/Python_Application/install/my_robot_wallinterfaces/include/my_robot_wallinterfaces/my_robot_wallinterfaces/srv/detail\n'}
[8.980266] (my_robot_wallinterfaces) StdoutLine: {'line': b'-- Up-to-date: /home/ubuntu/ros2_ws/src/Greyform-linux/Python_Application/install/my_robot_wallinterfaces/include/my_robot_wallinterfaces/my_robot_wallinterfaces/srv/detail/dds_fastrtps\n'}
[8.980649] (my_robot_wallinterfaces) StdoutLine: {'line': b'-- Up-to-date: /home/ubuntu/ros2_ws/src/Greyform-linux/Python_Application/install/my_robot_wallinterfaces/include/my_robot_wallinterfaces/my_robot_wallinterfaces/srv/detail/set_led__rosidl_typesupport_fastrtps_cpp.hpp\n'}
[8.981240] (my_robot_wallinterfaces) StdoutLine: {'line': b'-- Up-to-date: /home/ubuntu/ros2_ws/src/Greyform-linux/Python_Application/install/my_robot_wallinterfaces/include/my_robot_wallinterfaces/my_robot_wallinterfaces/msg\n'}
[8.981726] (my_robot_wallinterfaces) StdoutLine: {'line': b'-- Up-to-date: /home/ubuntu/ros2_ws/src/Greyform-linux/Python_Application/install/my_robot_wallinterfaces/include/my_robot_wallinterfaces/my_robot_wallinterfaces/msg/detail\n'}
[8.982109] (my-test-package) StdoutLine: {'line': b'running install_egg_info\n'}
[8.982521] (my_robot_wallinterfaces) StdoutLine: {'line': b'-- Up-to-date: /home/ubuntu/ros2_ws/src/Greyform-linux/Python_Application/install/my_robot_wallinterfaces/include/my_robot_wallinterfaces/my_robot_wallinterfaces/msg/detail/file_extraction_message__rosidl_typesupport_fastrtps_cpp.hpp\n'}
[8.982801] (my_robot_wallinterfaces) StdoutLine: {'line': b'-- Up-to-date: /home/ubuntu/ros2_ws/src/Greyform-linux/Python_Application/install/my_robot_wallinterfaces/include/my_robot_wallinterfaces/my_robot_wallinterfaces/msg/detail/dds_fastrtps\n'}
[8.983279] (my_robot_wallinterfaces) StdoutLine: {'line': b'-- Up-to-date: /home/ubuntu/ros2_ws/src/Greyform-linux/Python_Application/install/my_robot_wallinterfaces/include/my_robot_wallinterfaces/my_robot_wallinterfaces/msg/detail/selection_wall__rosidl_typesupport_fastrtps_cpp.hpp\n'}
[8.983730] (-) TimerEvent: {}
[8.984330] (my_robot_wallinterfaces) StdoutLine: {'line': b'-- Up-to-date: /home/ubuntu/ros2_ws/src/Greyform-linux/Python_Application/install/my_robot_wallinterfaces/include/my_robot_wallinterfaces/my_robot_wallinterfaces/msg/rosidl_typesupport_fastrtps_cpp__visibility_control.h\n'}
[8.988458] (my-test-package) StdoutLine: {'line': b"removing '/home/ubuntu/ros2_ws/src/Greyform-linux/Python_Application/install/my-test-package/lib/python3.10/site-packages/my_test_package-1.0-py3.10.egg-info' (and everything under it)\n"}
[8.988898] (my-test-package) StdoutLine: {'line': b'Copying ../../../../../../../../build/my-test-package/my_test_package.egg-info to /home/ubuntu/ros2_ws/src/Greyform-linux/Python_Application/install/my-test-package/lib/python3.10/site-packages/my_test_package-1.0-py3.10.egg-info\n'}
[8.989225] (my-test-package) StdoutLine: {'line': b'running install_scripts\n'}
[9.010008] (my_robot_wallinterfaces) StdoutLine: {'line': b'-- Up-to-date: /home/ubuntu/ros2_ws/src/Greyform-linux/Python_Application/install/my_robot_wallinterfaces/lib/libmy_robot_wallinterfaces__rosidl_typesupport_fastrtps_cpp.so\n'}
[9.012385] (my_robot_wallinterfaces) StdoutLine: {'line': b'-- Up-to-date: /home/ubuntu/ros2_ws/src/Greyform-linux/Python_Application/install/my_robot_wallinterfaces/include/my_robot_wallinterfaces/my_robot_wallinterfaces\n'}
[9.012805] (my_robot_wallinterfaces) StdoutLine: {'line': b'-- Up-to-date: /home/ubuntu/ros2_ws/src/Greyform-linux/Python_Application/install/my_robot_wallinterfaces/include/my_robot_wallinterfaces/my_robot_wallinterfaces/srv\n'}
[9.013118] (my_robot_wallinterfaces) StdoutLine: {'line': b'-- Up-to-date: /home/ubuntu/ros2_ws/src/Greyform-linux/Python_Application/install/my_robot_wallinterfaces/include/my_robot_wallinterfaces/my_robot_wallinterfaces/srv/detail\n'}
[9.013546] (my_robot_wallinterfaces) StdoutLine: {'line': b'-- Up-to-date: /home/ubuntu/ros2_ws/src/Greyform-linux/Python_Application/install/my_robot_wallinterfaces/include/my_robot_wallinterfaces/my_robot_wallinterfaces/srv/detail/set_led__type_support.cpp\n'}
[9.014025] (my_robot_wallinterfaces) StdoutLine: {'line': b'-- Up-to-date: /home/ubuntu/ros2_ws/src/Greyform-linux/Python_Application/install/my_robot_wallinterfaces/include/my_robot_wallinterfaces/my_robot_wallinterfaces/srv/detail/set_led__rosidl_typesupport_introspection_cpp.hpp\n'}
[9.014571] (my_robot_wallinterfaces) StdoutLine: {'line': b'-- Up-to-date: /home/ubuntu/ros2_ws/src/Greyform-linux/Python_Application/install/my_robot_wallinterfaces/include/my_robot_wallinterfaces/my_robot_wallinterfaces/msg\n'}
[9.014938] (my_robot_wallinterfaces) StdoutLine: {'line': b'-- Up-to-date: /home/ubuntu/ros2_ws/src/Greyform-linux/Python_Application/install/my_robot_wallinterfaces/include/my_robot_wallinterfaces/my_robot_wallinterfaces/msg/detail\n'}
[9.018794] (my_robot_wallinterfaces) StdoutLine: {'line': b'-- Up-to-date: /home/ubuntu/ros2_ws/src/Greyform-linux/Python_Application/install/my_robot_wallinterfaces/include/my_robot_wallinterfaces/my_robot_wallinterfaces/msg/detail/file_extraction_message__rosidl_typesupport_introspection_cpp.hpp\n'}
[9.019296] (my_robot_wallinterfaces) StdoutLine: {'line': b'-- Up-to-date: /home/ubuntu/ros2_ws/src/Greyform-linux/Python_Application/install/my_robot_wallinterfaces/include/my_robot_wallinterfaces/my_robot_wallinterfaces/msg/detail/file_extraction_message__type_support.cpp\n'}
[9.019607] (my_robot_wallinterfaces) StdoutLine: {'line': b'-- Up-to-date: /home/ubuntu/ros2_ws/src/Greyform-linux/Python_Application/install/my_robot_wallinterfaces/include/my_robot_wallinterfaces/my_robot_wallinterfaces/msg/detail/selection_wall__type_support.cpp\n'}
[9.019843] (my_robot_wallinterfaces) StdoutLine: {'line': b'-- Up-to-date: /home/ubuntu/ros2_ws/src/Greyform-linux/Python_Application/install/my_robot_wallinterfaces/include/my_robot_wallinterfaces/my_robot_wallinterfaces/msg/detail/selection_wall__rosidl_typesupport_introspection_cpp.hpp\n'}
[9.052201] (my_robot_wallinterfaces) StdoutLine: {'line': b'-- Up-to-date: /home/ubuntu/ros2_ws/src/Greyform-linux/Python_Application/install/my_robot_wallinterfaces/lib/libmy_robot_wallinterfaces__rosidl_typesupport_introspection_cpp.so\n'}
[9.081871] (my_robot_wallinterfaces) StdoutLine: {'line': b'-- Up-to-date: /home/ubuntu/ros2_ws/src/Greyform-linux/Python_Application/install/my_robot_wallinterfaces/lib/libmy_robot_wallinterfaces__rosidl_typesupport_cpp.so\n'}
[9.082427] (my_robot_wallinterfaces) StdoutLine: {'line': b'-- Up-to-date: /home/ubuntu/ros2_ws/src/Greyform-linux/Python_Application/install/my_robot_wallinterfaces/share/my_robot_wallinterfaces/environment/pythonpath.sh\n'}
[9.082695] (my_robot_wallinterfaces) StdoutLine: {'line': b'-- Up-to-date: /home/ubuntu/ros2_ws/src/Greyform-linux/Python_Application/install/my_robot_wallinterfaces/share/my_robot_wallinterfaces/environment/pythonpath.dsv\n'}
[9.084014] (my_robot_wallinterfaces) StdoutLine: {'line': b'-- Up-to-date: /home/ubuntu/ros2_ws/src/Greyform-linux/Python_Application/install/my_robot_wallinterfaces/local/lib/python3.10/dist-packages/my_robot_wallinterfaces-0.0.0-py3.10.egg-info\n'}
[9.084829] (-) TimerEvent: {}
[9.085645] (my_robot_wallinterfaces) StdoutLine: {'line': b'-- Installing: /home/ubuntu/ros2_ws/src/Greyform-linux/Python_Application/install/my_robot_wallinterfaces/local/lib/python3.10/dist-packages/my_robot_wallinterfaces-0.0.0-py3.10.egg-info/dependency_links.txt\n'}
[9.087712] (my_robot_wallinterfaces) StdoutLine: {'line': b'-- Installing: /home/ubuntu/ros2_ws/src/Greyform-linux/Python_Application/install/my_robot_wallinterfaces/local/lib/python3.10/dist-packages/my_robot_wallinterfaces-0.0.0-py3.10.egg-info/SOURCES.txt\n'}
[9.088892] (my_robot_wallinterfaces) StdoutLine: {'line': b'-- Installing: /home/ubuntu/ros2_ws/src/Greyform-linux/Python_Application/install/my_robot_wallinterfaces/local/lib/python3.10/dist-packages/my_robot_wallinterfaces-0.0.0-py3.10.egg-info/PKG-INFO\n'}
[9.090078] (my_robot_wallinterfaces) StdoutLine: {'line': b'-- Installing: /home/ubuntu/ros2_ws/src/Greyform-linux/Python_Application/install/my_robot_wallinterfaces/local/lib/python3.10/dist-packages/my_robot_wallinterfaces-0.0.0-py3.10.egg-info/top_level.txt\n'}
[9.090742] (my_robot_wallinterfaces) StdoutLine: {'line': b'-- Up-to-date: /home/ubuntu/ros2_ws/src/Greyform-linux/Python_Application/install/my_robot_wallinterfaces/local/lib/python3.10/dist-packages/my_robot_wallinterfaces\n'}
[9.091387] (my_robot_wallinterfaces) StdoutLine: {'line': b'-- Up-to-date: /home/ubuntu/ros2_ws/src/Greyform-linux/Python_Application/install/my_robot_wallinterfaces/local/lib/python3.10/dist-packages/my_robot_wallinterfaces/__init__.py\n'}
[9.092024] (my_robot_wallinterfaces) StdoutLine: {'line': b'-- Up-to-date: /home/ubuntu/ros2_ws/src/Greyform-linux/Python_Application/install/my_robot_wallinterfaces/local/lib/python3.10/dist-packages/my_robot_wallinterfaces/my_robot_wallinterfaces_s__rosidl_typesupport_fastrtps_c.cpython-310-x86_64-linux-gnu.so\n'}
[9.093584] (my_robot_wallinterfaces) StdoutLine: {'line': b'-- Up-to-date: /home/ubuntu/ros2_ws/src/Greyform-linux/Python_Application/install/my_robot_wallinterfaces/local/lib/python3.10/dist-packages/my_robot_wallinterfaces/libmy_robot_wallinterfaces__rosidl_generator_py.so\n'}
[9.093913] (my_robot_wallinterfaces) StdoutLine: {'line': b'-- Up-to-date: /home/ubuntu/ros2_ws/src/Greyform-linux/Python_Application/install/my_robot_wallinterfaces/local/lib/python3.10/dist-packages/my_robot_wallinterfaces/my_robot_wallinterfaces_s__rosidl_typesupport_c.cpython-310-x86_64-linux-gnu.so\n'}
[9.094239] (my_robot_wallinterfaces) StdoutLine: {'line': b'-- Up-to-date: /home/ubuntu/ros2_ws/src/Greyform-linux/Python_Application/install/my_robot_wallinterfaces/local/lib/python3.10/dist-packages/my_robot_wallinterfaces/srv\n'}
[9.094556] (my-test-package) StdoutLine: {'line': b"writing list of installed files to '/home/ubuntu/ros2_ws/src/Greyform-linux/Python_Application/build/my-test-package/install.log'\n"}
[9.095364] (my_robot_wallinterfaces) StdoutLine: {'line': b'-- Up-to-date: /home/ubuntu/ros2_ws/src/Greyform-linux/Python_Application/install/my_robot_wallinterfaces/local/lib/python3.10/dist-packages/my_robot_wallinterfaces/srv/__init__.py\n'}
[9.095723] (my_robot_wallinterfaces) StdoutLine: {'line': b'-- Up-to-date: /home/ubuntu/ros2_ws/src/Greyform-linux/Python_Application/install/my_robot_wallinterfaces/local/lib/python3.10/dist-packages/my_robot_wallinterfaces/srv/_set_led.py\n'}
[9.096050] (my_robot_wallinterfaces) StdoutLine: {'line': b'-- Up-to-date: /home/ubuntu/ros2_ws/src/Greyform-linux/Python_Application/install/my_robot_wallinterfaces/local/lib/python3.10/dist-packages/my_robot_wallinterfaces/srv/_set_led_s.c\n'}
[9.096440] (my_robot_wallinterfaces) StdoutLine: {'line': b'-- Up-to-date: /home/ubuntu/ros2_ws/src/Greyform-linux/Python_Application/install/my_robot_wallinterfaces/local/lib/python3.10/dist-packages/my_robot_wallinterfaces/_my_robot_wallinterfaces_s.ep.rosidl_typesupport_fastrtps_c.c\n'}
[9.096925] (my_robot_wallinterfaces) StdoutLine: {'line': b'-- Up-to-date: /home/ubuntu/ros2_ws/src/Greyform-linux/Python_Application/install/my_robot_wallinterfaces/local/lib/python3.10/dist-packages/my_robot_wallinterfaces/my_robot_wallinterfaces_s__rosidl_typesupport_introspection_c.cpython-310-x86_64-linux-gnu.so\n'}
[9.098246] (my_robot_wallinterfaces) StdoutLine: {'line': b'-- Up-to-date: /home/ubuntu/ros2_ws/src/Greyform-linux/Python_Application/install/my_robot_wallinterfaces/local/lib/python3.10/dist-packages/my_robot_wallinterfaces/msg\n'}
[9.098513] (my_robot_wallinterfaces) StdoutLine: {'line': b'-- Up-to-date: /home/ubuntu/ros2_ws/src/Greyform-linux/Python_Application/install/my_robot_wallinterfaces/local/lib/python3.10/dist-packages/my_robot_wallinterfaces/msg/__init__.py\n'}
[9.098873] (my_robot_wallinterfaces) StdoutLine: {'line': b'-- Up-to-date: /home/ubuntu/ros2_ws/src/Greyform-linux/Python_Application/install/my_robot_wallinterfaces/local/lib/python3.10/dist-packages/my_robot_wallinterfaces/msg/_selection_wall.py\n'}
[9.099190] (my_robot_wallinterfaces) StdoutLine: {'line': b'-- Up-to-date: /home/ubuntu/ros2_ws/src/Greyform-linux/Python_Application/install/my_robot_wallinterfaces/local/lib/python3.10/dist-packages/my_robot_wallinterfaces/msg/_selection_wall_s.c\n'}
[9.099447] (my_robot_wallinterfaces) StdoutLine: {'line': b'-- Up-to-date: /home/ubuntu/ros2_ws/src/Greyform-linux/Python_Application/install/my_robot_wallinterfaces/local/lib/python3.10/dist-packages/my_robot_wallinterfaces/msg/_file_extraction_message_s.c\n'}
[9.099718] (my_robot_wallinterfaces) StdoutLine: {'line': b'-- Up-to-date: /home/ubuntu/ros2_ws/src/Greyform-linux/Python_Application/install/my_robot_wallinterfaces/local/lib/python3.10/dist-packages/my_robot_wallinterfaces/msg/_file_extraction_message.py\n'}
[9.099949] (my_robot_wallinterfaces) StdoutLine: {'line': b'-- Up-to-date: /home/ubuntu/ros2_ws/src/Greyform-linux/Python_Application/install/my_robot_wallinterfaces/local/lib/python3.10/dist-packages/my_robot_wallinterfaces/_my_robot_wallinterfaces_s.ep.rosidl_typesupport_introspection_c.c\n'}
[9.100205] (my_robot_wallinterfaces) StdoutLine: {'line': b'-- Up-to-date: /home/ubuntu/ros2_ws/src/Greyform-linux/Python_Application/install/my_robot_wallinterfaces/local/lib/python3.10/dist-packages/my_robot_wallinterfaces/_my_robot_wallinterfaces_s.ep.rosidl_typesupport_c.c\n'}
[9.181950] (my-test-package) CommandEnded: {'returncode': 0}
[9.185086] (-) TimerEvent: {}
[9.217892] (my-test-package) JobEnded: {'identifier': 'my-test-package', 'rc': 0}
[9.285887] (-) TimerEvent: {}
[9.361913] (my_robot_wallinterfaces) StdoutLine: {'line': b"Listing '/home/ubuntu/ros2_ws/src/Greyform-linux/Python_Application/install/my_robot_wallinterfaces/local/lib/python3.10/dist-packages/my_robot_wallinterfaces'...\n"}
[9.362536] (my_robot_wallinterfaces) StdoutLine: {'line': b"Listing '/home/ubuntu/ros2_ws/src/Greyform-linux/Python_Application/install/my_robot_wallinterfaces/local/lib/python3.10/dist-packages/my_robot_wallinterfaces/msg'...\n"}
[9.362896] (my_robot_wallinterfaces) StdoutLine: {'line': b"Listing '/home/ubuntu/ros2_ws/src/Greyform-linux/Python_Application/install/my_robot_wallinterfaces/local/lib/python3.10/dist-packages/my_robot_wallinterfaces/srv'...\n"}
[9.386250] (-) TimerEvent: {}
[9.414185] (my_robot_wallinterfaces) StdoutLine: {'line': b'-- Up-to-date: /home/ubuntu/ros2_ws/src/Greyform-linux/Python_Application/install/my_robot_wallinterfaces/local/lib/python3.10/dist-packages/my_robot_wallinterfaces/my_robot_wallinterfaces_s__rosidl_typesupport_fastrtps_c.cpython-310-x86_64-linux-gnu.so\n'}
[9.440332] (my_robot_wallinterfaces) StdoutLine: {'line': b'-- Up-to-date: /home/ubuntu/ros2_ws/src/Greyform-linux/Python_Application/install/my_robot_wallinterfaces/local/lib/python3.10/dist-packages/my_robot_wallinterfaces/my_robot_wallinterfaces_s__rosidl_typesupport_introspection_c.cpython-310-x86_64-linux-gnu.so\n'}
[9.468521] (my_robot_wallinterfaces) StdoutLine: {'line': b'-- Up-to-date: /home/ubuntu/ros2_ws/src/Greyform-linux/Python_Application/install/my_robot_wallinterfaces/local/lib/python3.10/dist-packages/my_robot_wallinterfaces/my_robot_wallinterfaces_s__rosidl_typesupport_c.cpython-310-x86_64-linux-gnu.so\n'}
[9.486339] (-) TimerEvent: {}
[9.502255] (my_robot_wallinterfaces) StdoutLine: {'line': b'-- Up-to-date: /home/ubuntu/ros2_ws/src/Greyform-linux/Python_Application/install/my_robot_wallinterfaces/lib/libmy_robot_wallinterfaces__rosidl_generator_py.so\n'}
[9.503047] (my_robot_wallinterfaces) StdoutLine: {'line': b'-- Up-to-date: /home/ubuntu/ros2_ws/src/Greyform-linux/Python_Application/install/my_robot_wallinterfaces/share/my_robot_wallinterfaces/msg/FileExtractionMessage.idl\n'}
[9.503800] (my_robot_wallinterfaces) StdoutLine: {'line': b'-- Up-to-date: /home/ubuntu/ros2_ws/src/Greyform-linux/Python_Application/install/my_robot_wallinterfaces/share/my_robot_wallinterfaces/msg/SelectionWall.idl\n'}
[9.504357] (my_robot_wallinterfaces) StdoutLine: {'line': b'-- Up-to-date: /home/ubuntu/ros2_ws/src/Greyform-linux/Python_Application/install/my_robot_wallinterfaces/share/my_robot_wallinterfaces/srv/SetLed.idl\n'}
[9.504928] (my_robot_wallinterfaces) StdoutLine: {'line': b'-- Up-to-date: /home/ubuntu/ros2_ws/src/Greyform-linux/Python_Application/install/my_robot_wallinterfaces/share/my_robot_wallinterfaces/msg/FileExtractionMessage.msg\n'}
[9.505527] (my_robot_wallinterfaces) StdoutLine: {'line': b'-- Up-to-date: /home/ubuntu/ros2_ws/src/Greyform-linux/Python_Application/install/my_robot_wallinterfaces/share/my_robot_wallinterfaces/msg/SelectionWall.msg\n'}
[9.506008] (my_robot_wallinterfaces) StdoutLine: {'line': b'-- Up-to-date: /home/ubuntu/ros2_ws/src/Greyform-linux/Python_Application/install/my_robot_wallinterfaces/share/my_robot_wallinterfaces/srv/SetLed.srv\n'}
[9.507861] (my_robot_wallinterfaces) StdoutLine: {'line': b'-- Up-to-date: /home/ubuntu/ros2_ws/src/Greyform-linux/Python_Application/install/my_robot_wallinterfaces/share/my_robot_wallinterfaces/srv/SetLed_Request.msg\n'}
[9.513129] (my_robot_wallinterfaces) StdoutLine: {'line': b'-- Up-to-date: /home/ubuntu/ros2_ws/src/Greyform-linux/Python_Application/install/my_robot_wallinterfaces/share/my_robot_wallinterfaces/srv/SetLed_Response.msg\n'}
[9.513866] (my_robot_wallinterfaces) StdoutLine: {'line': b'-- Up-to-date: /home/ubuntu/ros2_ws/src/Greyform-linux/Python_Application/install/my_robot_wallinterfaces/share/ament_index/resource_index/package_run_dependencies/my_robot_wallinterfaces\n'}
[9.514340] (my_robot_wallinterfaces) StdoutLine: {'line': b'-- Up-to-date: /home/ubuntu/ros2_ws/src/Greyform-linux/Python_Application/install/my_robot_wallinterfaces/share/ament_index/resource_index/parent_prefix_path/my_robot_wallinterfaces\n'}
[9.514649] (my_robot_wallinterfaces) StdoutLine: {'line': b'-- Up-to-date: /home/ubuntu/ros2_ws/src/Greyform-linux/Python_Application/install/my_robot_wallinterfaces/share/my_robot_wallinterfaces/environment/ament_prefix_path.sh\n'}
[9.515119] (my_robot_wallinterfaces) StdoutLine: {'line': b'-- Up-to-date: /home/ubuntu/ros2_ws/src/Greyform-linux/Python_Application/install/my_robot_wallinterfaces/share/my_robot_wallinterfaces/environment/ament_prefix_path.dsv\n'}
[9.515463] (my_robot_wallinterfaces) StdoutLine: {'line': b'-- Up-to-date: /home/ubuntu/ros2_ws/src/Greyform-linux/Python_Application/install/my_robot_wallinterfaces/share/my_robot_wallinterfaces/environment/path.sh\n'}
[9.515792] (my_robot_wallinterfaces) StdoutLine: {'line': b'-- Up-to-date: /home/ubuntu/ros2_ws/src/Greyform-linux/Python_Application/install/my_robot_wallinterfaces/share/my_robot_wallinterfaces/environment/path.dsv\n'}
[9.516127] (my_robot_wallinterfaces) StdoutLine: {'line': b'-- Up-to-date: /home/ubuntu/ros2_ws/src/Greyform-linux/Python_Application/install/my_robot_wallinterfaces/share/my_robot_wallinterfaces/local_setup.bash\n'}
[9.516481] (my_robot_wallinterfaces) StdoutLine: {'line': b'-- Up-to-date: /home/ubuntu/ros2_ws/src/Greyform-linux/Python_Application/install/my_robot_wallinterfaces/share/my_robot_wallinterfaces/local_setup.sh\n'}
[9.516776] (my_robot_wallinterfaces) StdoutLine: {'line': b'-- Up-to-date: /home/ubuntu/ros2_ws/src/Greyform-linux/Python_Application/install/my_robot_wallinterfaces/share/my_robot_wallinterfaces/local_setup.zsh\n'}
[9.517041] (my_robot_wallinterfaces) StdoutLine: {'line': b'-- Up-to-date: /home/ubuntu/ros2_ws/src/Greyform-linux/Python_Application/install/my_robot_wallinterfaces/share/my_robot_wallinterfaces/local_setup.dsv\n'}
[9.517298] (my_robot_wallinterfaces) StdoutLine: {'line': b'-- Installing: /home/ubuntu/ros2_ws/src/Greyform-linux/Python_Application/install/my_robot_wallinterfaces/share/my_robot_wallinterfaces/package.dsv\n'}
[9.523645] (my_robot_wallinterfaces) StdoutLine: {'line': b'-- Up-to-date: /home/ubuntu/ros2_ws/src/Greyform-linux/Python_Application/install/my_robot_wallinterfaces/share/ament_index/resource_index/packages/my_robot_wallinterfaces\n'}
[9.542302] (my_robot_wallinterfaces) StdoutLine: {'line': b'-- Up-to-date: /home/ubuntu/ros2_ws/src/Greyform-linux/Python_Application/install/my_robot_wallinterfaces/share/my_robot_wallinterfaces/cmake/export_my_robot_wallinterfaces__rosidl_generator_cExport.cmake\n'}
[9.543342] (my_robot_wallinterfaces) StdoutLine: {'line': b'-- Up-to-date: /home/ubuntu/ros2_ws/src/Greyform-linux/Python_Application/install/my_robot_wallinterfaces/share/my_robot_wallinterfaces/cmake/export_my_robot_wallinterfaces__rosidl_generator_cExport-noconfig.cmake\n'}
[9.558438] (my_robot_wallinterfaces) StdoutLine: {'line': b'-- Up-to-date: /home/ubuntu/ros2_ws/src/Greyform-linux/Python_Application/install/my_robot_wallinterfaces/share/my_robot_wallinterfaces/cmake/export_my_robot_wallinterfaces__rosidl_typesupport_fastrtps_cExport.cmake\n'}
[9.559384] (my_robot_wallinterfaces) StdoutLine: {'line': b'-- Up-to-date: /home/ubuntu/ros2_ws/src/Greyform-linux/Python_Application/install/my_robot_wallinterfaces/share/my_robot_wallinterfaces/cmake/export_my_robot_wallinterfaces__rosidl_typesupport_fastrtps_cExport-noconfig.cmake\n'}
[9.580128] (my_robot_wallinterfaces) StdoutLine: {'line': b'-- Up-to-date: /home/ubuntu/ros2_ws/src/Greyform-linux/Python_Application/install/my_robot_wallinterfaces/share/my_robot_wallinterfaces/cmake/my_robot_wallinterfaces__rosidl_typesupport_introspection_cExport.cmake\n'}
[9.580814] (my_robot_wallinterfaces) StdoutLine: {'line': b'-- Up-to-date: /home/ubuntu/ros2_ws/src/Greyform-linux/Python_Application/install/my_robot_wallinterfaces/share/my_robot_wallinterfaces/cmake/my_robot_wallinterfaces__rosidl_typesupport_introspection_cExport-noconfig.cmake\n'}
[9.586848] (-) TimerEvent: {}
[9.597437] (my_robot_wallinterfaces) StdoutLine: {'line': b'-- Up-to-date: /home/ubuntu/ros2_ws/src/Greyform-linux/Python_Application/install/my_robot_wallinterfaces/share/my_robot_wallinterfaces/cmake/my_robot_wallinterfaces__rosidl_typesupport_cExport.cmake\n'}
[9.597820] (my_robot_wallinterfaces) StdoutLine: {'line': b'-- Up-to-date: /home/ubuntu/ros2_ws/src/Greyform-linux/Python_Application/install/my_robot_wallinterfaces/share/my_robot_wallinterfaces/cmake/my_robot_wallinterfaces__rosidl_typesupport_cExport-noconfig.cmake\n'}
[9.622765] (my_robot_wallinterfaces) StdoutLine: {'line': b'-- Up-to-date: /home/ubuntu/ros2_ws/src/Greyform-linux/Python_Application/install/my_robot_wallinterfaces/share/my_robot_wallinterfaces/cmake/export_my_robot_wallinterfaces__rosidl_generator_cppExport.cmake\n'}
[9.644869] (my_robot_wallinterfaces) StdoutLine: {'line': b'-- Up-to-date: /home/ubuntu/ros2_ws/src/Greyform-linux/Python_Application/install/my_robot_wallinterfaces/share/my_robot_wallinterfaces/cmake/export_my_robot_wallinterfaces__rosidl_typesupport_fastrtps_cppExport.cmake\n'}
[9.646511] (my_robot_wallinterfaces) StdoutLine: {'line': b'-- Up-to-date: /home/ubuntu/ros2_ws/src/Greyform-linux/Python_Application/install/my_robot_wallinterfaces/share/my_robot_wallinterfaces/cmake/export_my_robot_wallinterfaces__rosidl_typesupport_fastrtps_cppExport-noconfig.cmake\n'}
[9.657023] (my_robot_wallinterfaces) StdoutLine: {'line': b'-- Up-to-date: /home/ubuntu/ros2_ws/src/Greyform-linux/Python_Application/install/my_robot_wallinterfaces/share/my_robot_wallinterfaces/cmake/my_robot_wallinterfaces__rosidl_typesupport_introspection_cppExport.cmake\n'}
[9.658258] (my_robot_wallinterfaces) StdoutLine: {'line': b'-- Up-to-date: /home/ubuntu/ros2_ws/src/Greyform-linux/Python_Application/install/my_robot_wallinterfaces/share/my_robot_wallinterfaces/cmake/my_robot_wallinterfaces__rosidl_typesupport_introspection_cppExport-noconfig.cmake\n'}
[9.682722] (my_robot_wallinterfaces) StdoutLine: {'line': b'-- Up-to-date: /home/ubuntu/ros2_ws/src/Greyform-linux/Python_Application/install/my_robot_wallinterfaces/share/my_robot_wallinterfaces/cmake/my_robot_wallinterfaces__rosidl_typesupport_cppExport.cmake\n'}
[9.683274] (my_robot_wallinterfaces) StdoutLine: {'line': b'-- Up-to-date: /home/ubuntu/ros2_ws/src/Greyform-linux/Python_Application/install/my_robot_wallinterfaces/share/my_robot_wallinterfaces/cmake/my_robot_wallinterfaces__rosidl_typesupport_cppExport-noconfig.cmake\n'}
[9.688592] (-) TimerEvent: {}
[9.706045] (my_robot_wallinterfaces) StdoutLine: {'line': b'-- Up-to-date: /home/ubuntu/ros2_ws/src/Greyform-linux/Python_Application/install/my_robot_wallinterfaces/share/my_robot_wallinterfaces/cmake/export_my_robot_wallinterfaces__rosidl_generator_pyExport.cmake\n'}
[9.707605] (my_robot_wallinterfaces) StdoutLine: {'line': b'-- Up-to-date: /home/ubuntu/ros2_ws/src/Greyform-linux/Python_Application/install/my_robot_wallinterfaces/share/my_robot_wallinterfaces/cmake/export_my_robot_wallinterfaces__rosidl_generator_pyExport-noconfig.cmake\n'}
[9.707965] (my_robot_wallinterfaces) StdoutLine: {'line': b'-- Up-to-date: /home/ubuntu/ros2_ws/src/Greyform-linux/Python_Application/install/my_robot_wallinterfaces/share/my_robot_wallinterfaces/cmake/rosidl_cmake-extras.cmake\n'}
[9.708278] (my_robot_wallinterfaces) StdoutLine: {'line': b'-- Up-to-date: /home/ubuntu/ros2_ws/src/Greyform-linux/Python_Application/install/my_robot_wallinterfaces/share/my_robot_wallinterfaces/cmake/ament_cmake_export_dependencies-extras.cmake\n'}
[9.708533] (my_robot_wallinterfaces) StdoutLine: {'line': b'-- Up-to-date: /home/ubuntu/ros2_ws/src/Greyform-linux/Python_Application/install/my_robot_wallinterfaces/share/my_robot_wallinterfaces/cmake/ament_cmake_export_include_directories-extras.cmake\n'}
[9.712065] (my_robot_wallinterfaces) StdoutLine: {'line': b'-- Up-to-date: /home/ubuntu/ros2_ws/src/Greyform-linux/Python_Application/install/my_robot_wallinterfaces/share/my_robot_wallinterfaces/cmake/ament_cmake_export_libraries-extras.cmake\n'}
[9.712403] (my_robot_wallinterfaces) StdoutLine: {'line': b'-- Up-to-date: /home/ubuntu/ros2_ws/src/Greyform-linux/Python_Application/install/my_robot_wallinterfaces/share/my_robot_wallinterfaces/cmake/ament_cmake_export_targets-extras.cmake\n'}
[9.712795] (my_robot_wallinterfaces) StdoutLine: {'line': b'-- Up-to-date: /home/ubuntu/ros2_ws/src/Greyform-linux/Python_Application/install/my_robot_wallinterfaces/share/my_robot_wallinterfaces/cmake/rosidl_cmake_export_typesupport_targets-extras.cmake\n'}
[9.713479] (my_robot_wallinterfaces) StdoutLine: {'line': b'-- Up-to-date: /home/ubuntu/ros2_ws/src/Greyform-linux/Python_Application/install/my_robot_wallinterfaces/share/my_robot_wallinterfaces/cmake/rosidl_cmake_export_typesupport_libraries-extras.cmake\n'}
[9.714788] (my_robot_wallinterfaces) StdoutLine: {'line': b'-- Up-to-date: /home/ubuntu/ros2_ws/src/Greyform-linux/Python_Application/install/my_robot_wallinterfaces/share/my_robot_wallinterfaces/cmake/my_robot_wallinterfacesConfig.cmake\n'}
[9.715223] (my_robot_wallinterfaces) StdoutLine: {'line': b'-- Up-to-date: /home/ubuntu/ros2_ws/src/Greyform-linux/Python_Application/install/my_robot_wallinterfaces/share/my_robot_wallinterfaces/cmake/my_robot_wallinterfacesConfig-version.cmake\n'}
[9.715828] (my_robot_wallinterfaces) StdoutLine: {'line': b'-- Up-to-date: /home/ubuntu/ros2_ws/src/Greyform-linux/Python_Application/install/my_robot_wallinterfaces/share/my_robot_wallinterfaces/package.xml\n'}
[9.737322] (my_robot_wallinterfaces) CommandEnded: {'returncode': 0}
[9.792449] (-) TimerEvent: {}
[9.870037] (my_robot_wallinterfaces) JobEnded: {'identifier': 'my_robot_wallinterfaces', 'rc': 0}
[9.874177] (talker_listener) JobStarted: {'identifier': 'talker_listener'}
[9.893225] (-) TimerEvent: {}
[9.995967] (-) TimerEvent: {}
[10.096835] (-) TimerEvent: {}
[10.197603] (-) TimerEvent: {}
[10.298266] (-) TimerEvent: {}
[10.399996] (-) TimerEvent: {}
[10.506345] (-) TimerEvent: {}
[10.607407] (-) TimerEvent: {}
[10.709342] (-) TimerEvent: {}
[10.810692] (-) TimerEvent: {}
[10.912891] (-) TimerEvent: {}
[11.015624] (-) TimerEvent: {}
[11.116429] (-) TimerEvent: {}
[11.217390] (-) TimerEvent: {}
[11.318204] (-) TimerEvent: {}
[11.419751] (-) TimerEvent: {}
[11.521322] (-) TimerEvent: {}
[11.622000] (-) TimerEvent: {}
[11.722661] (-) TimerEvent: {}
[11.823450] (-) TimerEvent: {}
[11.924445] (-) TimerEvent: {}
[12.026582] (-) TimerEvent: {}
[12.130871] (-) TimerEvent: {}
[12.232260] (-) TimerEvent: {}
[12.333251] (-) TimerEvent: {}
[12.434374] (-) TimerEvent: {}
[12.535470] (-) TimerEvent: {}
[12.635998] (-) TimerEvent: {}
[12.737035] (-) TimerEvent: {}
[12.839519] (-) TimerEvent: {}
[12.942492] (-) TimerEvent: {}
[13.043934] (-) TimerEvent: {}
[13.144733] (-) TimerEvent: {}
[13.247768] (-) TimerEvent: {}
[13.354911] (-) TimerEvent: {}
[13.455539] (-) TimerEvent: {}
[13.559560] (-) TimerEvent: {}
[13.660090] (-) TimerEvent: {}
[13.760783] (-) TimerEvent: {}
[13.861420] (-) TimerEvent: {}
[13.962949] (-) TimerEvent: {}
[14.064048] (-) TimerEvent: {}
[14.165008] (-) TimerEvent: {}
[14.265838] (-) TimerEvent: {}
[14.366893] (-) TimerEvent: {}
[14.468364] (-) TimerEvent: {}
[14.570876] (-) TimerEvent: {}
[14.672348] (-) TimerEvent: {}
[14.772959] (-) TimerEvent: {}
[14.874524] (-) TimerEvent: {}
[14.885852] (talker_listener) Command: {'cmd': ['/usr/bin/python3', '-W', 'ignore:setup.py install is deprecated', '-W', 'ignore:easy_install command is deprecated', 'setup.py', 'egg_info', '--egg-base', '../build/talker_listener', 'build', '--build-base', '/home/ubuntu/ros2_ws/src/Greyform-linux/Python_Application/build/talker_listener/build', 'install', '--record', '/home/ubuntu/ros2_ws/src/Greyform-linux/Python_Application/build/talker_listener/install.log', '--single-version-externally-managed', 'install_data'], 'cwd': '/home/ubuntu/ros2_ws/src/Greyform-linux/Python_Application/talker_listener', 'env': {'GJS_DEBUG_TOPICS': 'JS ERROR;JS LOG', 'LESSOPEN': '| /usr/bin/lesspipe %s', 'USER': 'ubuntu', 'LC_TIME': 'id_ID.UTF-8', 'FONTCONFIG_PATH': '/etc/fonts', 'GIO_MODULE_DIR': '/home/ubuntu/snap/code/common/.cache/gio-modules', 'XDG_SESSION_TYPE': 'x11', 'GIT_ASKPASS': '/snap/code/191/usr/share/code/resources/app/extensions/git/dist/askpass.sh', 'GTK_EXE_PREFIX_VSCODE_SNAP_ORIG': '', 'GDK_BACKEND_VSCODE_SNAP_ORIG': '', 'SHLVL': '1', 'LD_LIBRARY_PATH': '/home/ubuntu/ros2_ws/src/Greyform-linux/Python_Application/install/my_robot_wallinterfaces/lib:/opt/ros/humble/opt/rviz_ogre_vendor/lib:/opt/ros/humble/lib/x86_64-linux-gnu:/opt/ros/humble/lib', 'HOME': '/home/ubuntu', 'CHROME_DESKTOP': 'code.desktop', 'LOCPATH_VSCODE_SNAP_ORIG': '', 'TERM_PROGRAM_VERSION': '1.99.3', 'DESKTOP_SESSION': 'ubuntu-xorg', 'GTK_PATH': '/snap/code/191/usr/lib/x86_64-linux-gnu/gtk-3.0', 'XDG_DATA_HOME_VSCODE_SNAP_ORIG': '', 'GTK_IM_MODULE_FILE': '/home/ubuntu/snap/code/common/.cache/immodules/immodules.cache', 'GIO_LAUNCHED_DESKTOP_FILE': '/var/lib/snapd/desktop/applications/code_code.desktop', 'ROS_PYTHON_VERSION': '3', 'GNOME_SHELL_SESSION_MODE': 'ubuntu', 'GTK_MODULES': 'gail:atk-bridge', 'GSETTINGS_SCHEMA_DIR_VSCODE_SNAP_ORIG': '', 'VSCODE_GIT_ASKPASS_MAIN': '/snap/code/191/usr/share/code/resources/app/extensions/git/dist/askpass-main.js', 'LC_MONETARY': 'id_ID.UTF-8', 'VSCODE_GIT_ASKPASS_NODE': '/snap/code/191/usr/share/code/code', 'MANAGERPID': '1731', 'PYDEVD_DISABLE_FILE_VALIDATION': '1', 'SYSTEMD_EXEC_PID': '3525', 'BUNDLED_DEBUGPY_PATH': '/home/ubuntu/.vscode/extensions/ms-python.debugpy-2025.6.0-linux-x64/bundled/libs/debugpy', 'DBUS_SESSION_BUS_ADDRESS': 'unix:path=/run/user/1000/bus', 'COLORTERM': 'truecolor', 'GIO_LAUNCHED_DESKTOP_FILE_PID': '4542', 'IM_CONFIG_PHASE': '1', 'ROS_DISTRO': 'humble', 'GTK_IM_MODULE': 'ibus', 'LOGNAME': 'ubuntu', 'JOURNAL_STREAM': '8:38474', '_': '/usr/bin/colcon', 'ROS_VERSION': '2', 'XDG_CONFIG_DIRS_VSCODE_SNAP_ORIG': '/etc/xdg/xdg-ubuntu-xorg:/etc/xdg', 'XDG_SESSION_CLASS': 'user', 'XDG_DATA_DIRS_VSCODE_SNAP_ORIG': '/usr/share/ubuntu-xorg:/usr/share/gnome:/home/ubuntu/.local/share/flatpak/exports/share:/var/lib/flatpak/exports/share:/usr/local/share/:/usr/share/:/var/lib/snapd/desktop', 'USERNAME': 'ubuntu', 'TERM': 'xterm-256color', 'GNOME_DESKTOP_SESSION_ID': 'this-is-deprecated', 'ROS_LOCALHOST_ONLY': '0', 'WINDOWPATH': '2', 'PATH': '/home/ubuntu/.local/bin:/opt/ros/humble/bin:/home/ubuntu/.local/bin:/usr/local/sbin:/usr/local/bin:/usr/sbin:/usr/bin:/sbin:/bin:/usr/games:/usr/local/games:/snap/bin:/snap/bin:/home/ubuntu/.vscode/extensions/ms-python.debugpy-2025.6.0-linux-x64/bundled/scripts/noConfigScripts', 'SESSION_MANAGER': 'local/ubuntu-virtual-machine:@/tmp/.ICE-unix/3497,unix/ubuntu-virtual-machine:/tmp/.ICE-unix/3497', 'GTK_EXE_PREFIX': '/snap/code/191/usr', 'INVOCATION_ID': '307219eafcb14cf0a1dced76858fc39a', 'XDG_MENU_PREFIX': 'gnome-', 'LC_ADDRESS': 'id_ID.UTF-8', 'BAMF_DESKTOP_FILE_HINT': '/var/lib/snapd/desktop/applications/code_code.desktop', 'XDG_RUNTIME_DIR': '/run/user/1000', 'GDK_BACKEND': 'x11', 'DISPLAY': ':0', 'LOCPATH': '/snap/code/191/usr/lib/locale', 'VSCODE_DEBUGPY_ADAPTER_ENDPOINTS': '/home/ubuntu/.vscode/extensions/ms-python.debugpy-2025.6.0-linux-x64/.noConfigDebugAdapterEndpoints/endpoint-5c4e4c73dc4993ee.txt', 'LANG': 'en_US.UTF-8', 'XDG_CURRENT_DESKTOP': 'Unity', 'LC_TELEPHONE': 'id_ID.UTF-8', 'GIO_MODULE_DIR_VSCODE_SNAP_ORIG': '', 'XDG_DATA_HOME': '/home/ubuntu/snap/code/191/.local/share', 'XMODIFIERS': '@im=ibus', 'XDG_SESSION_DESKTOP': 'ubuntu-xorg', 'XAUTHORITY': '/run/user/1000/gdm/Xauthority', 'LS_COLORS': 'rs=0:di=01;34:ln=01;36:mh=00:pi=40;33:so=01;35:do=01;35:bd=40;33;01:cd=40;33;01:or=40;31;01:mi=00:su=37;41:sg=30;43:ca=30;41:tw=30;42:ow=34;42:st=37;44:ex=01;32:*.tar=01;31:*.tgz=01;31:*.arc=01;31:*.arj=01;31:*.taz=01;31:*.lha=01;31:*.lz4=01;31:*.lzh=01;31:*.lzma=01;31:*.tlz=01;31:*.txz=01;31:*.tzo=01;31:*.t7z=01;31:*.zip=01;31:*.z=01;31:*.dz=01;31:*.gz=01;31:*.lrz=01;31:*.lz=01;31:*.lzo=01;31:*.xz=01;31:*.zst=01;31:*.tzst=01;31:*.bz2=01;31:*.bz=01;31:*.tbz=01;31:*.tbz2=01;31:*.tz=01;31:*.deb=01;31:*.rpm=01;31:*.jar=01;31:*.war=01;31:*.ear=01;31:*.sar=01;31:*.rar=01;31:*.alz=01;31:*.ace=01;31:*.zoo=01;31:*.cpio=01;31:*.7z=01;31:*.rz=01;31:*.cab=01;31:*.wim=01;31:*.swm=01;31:*.dwm=01;31:*.esd=01;31:*.jpg=01;35:*.jpeg=01;35:*.mjpg=01;35:*.mjpeg=01;35:*.gif=01;35:*.bmp=01;35:*.pbm=01;35:*.pgm=01;35:*.ppm=01;35:*.tga=01;35:*.xbm=01;35:*.xpm=01;35:*.tif=01;35:*.tiff=01;35:*.png=01;35:*.svg=01;35:*.svgz=01;35:*.mng=01;35:*.pcx=01;35:*.mov=01;35:*.mpg=01;35:*.mpeg=01;35:*.m2v=01;35:*.mkv=01;35:*.webm=01;35:*.webp=01;35:*.ogm=01;35:*.mp4=01;35:*.m4v=01;35:*.mp4v=01;35:*.vob=01;35:*.qt=01;35:*.nuv=01;35:*.wmv=01;35:*.asf=01;35:*.rm=01;35:*.rmvb=01;35:*.flc=01;35:*.avi=01;35:*.fli=01;35:*.flv=01;35:*.gl=01;35:*.dl=01;35:*.xcf=01;35:*.xwd=01;35:*.yuv=01;35:*.cgm=01;35:*.emf=01;35:*.ogv=01;35:*.ogx=01;35:*.aac=00;36:*.au=00;36:*.flac=00;36:*.m4a=00;36:*.mid=00;36:*.midi=00;36:*.mka=00;36:*.mp3=00;36:*.mpc=00;36:*.ogg=00;36:*.ra=00;36:*.wav=00;36:*.oga=00;36:*.opus=00;36:*.spx=00;36:*.xspf=00;36:', 'VSCODE_GIT_IPC_HANDLE': '/run/user/1000/vscode-git-93ae0fd6cc.sock', 'TERM_PROGRAM': 'vscode', 'SSH_AGENT_LAUNCHER': 'gnome-keyring', 'SSH_AUTH_SOCK': '/run/user/1000/keyring/ssh', 'GSETTINGS_SCHEMA_DIR': '/home/ubuntu/snap/code/191/.local/share/glib-2.0/schemas', 'AMENT_PREFIX_PATH': '/home/ubuntu/ros2_ws/src/Greyform-linux/Python_Application/install/my_robot_wallinterfaces:/opt/ros/humble', 'ORIGINAL_XDG_CURRENT_DESKTOP': 'ubuntu:GNOME', 'SHELL': '/bin/bash', 'LC_NAME': 'id_ID.UTF-8', 'QT_ACCESSIBILITY': '1', 'GDMSESSION': 'ubuntu-xorg', 'LESSCLOSE': '/usr/bin/lesspipe %s %s', 'GTK_PATH_VSCODE_SNAP_ORIG': '', 'FONTCONFIG_FILE': '/etc/fonts/fonts.conf', 'GTK_IM_MODULE_FILE_VSCODE_SNAP_ORIG': '', 'LC_MEASUREMENT': 'id_ID.UTF-8', 'GPG_AGENT_INFO': '/run/user/1000/gnupg/S.gpg-agent:0:1', 'GJS_DEBUG_OUTPUT': 'stderr', 'LC_IDENTIFICATION': 'id_ID.UTF-8', 'VSCODE_GIT_ASKPASS_EXTRA_ARGS': '', 'QT_IM_MODULE': 'ibus', 'PWD': '/home/ubuntu/ros2_ws/src/Greyform-linux/Python_Application/build/talker_listener', 'QT_QPA_PLATFORM': 'xcb', 'LC_ALL': 'en_US.UTF-8', 'XDG_CONFIG_DIRS': '/etc/xdg/xdg-ubuntu-xorg:/etc/xdg', 'XDG_DATA_DIRS': '/home/ubuntu/snap/code/191/.local/share/flatpak/exports/share:/home/ubuntu/snap/code/191/.local/share:/home/ubuntu/snap/code/191:/snap/code/191/usr/share:/usr/share/ubuntu-xorg:/usr/share/gnome:/home/ubuntu/.local/share/flatpak/exports/share:/var/lib/flatpak/exports/share:/usr/local/share/:/usr/share/:/var/lib/snapd/desktop', 'PYTHONPATH': '/home/ubuntu/ros2_ws/src/Greyform-linux/Python_Application/build/talker_listener/prefix_override:/usr/lib/python3/dist-packages/colcon_core/task/python/colcon_distutils_commands:/home/ubuntu/ros2_ws/src/Greyform-linux/Python_Application/install/talker_listener/lib/python3.10/site-packages:/home/ubuntu/ros2_ws/src/Greyform-linux/Python_Application/install/my_robot_wallinterfaces/local/lib/python3.10/dist-packages:/opt/ros/humble/lib/python3.10/site-packages:/opt/ros/humble/local/lib/python3.10/dist-packages', 'LC_NUMERIC': 'id_ID.UTF-8', 'LC_PAPER': 'id_ID.UTF-8', 'COLCON': '1', 'CMAKE_PREFIX_PATH': '/home/ubuntu/ros2_ws/src/Greyform-linux/Python_Application/install/my_robot_wallinterfaces'}, 'shell': False}
[14.976241] (-) TimerEvent: {}
[15.076932] (-) TimerEvent: {}
[15.178217] (-) TimerEvent: {}
[15.281263] (-) TimerEvent: {}
[15.384190] (-) TimerEvent: {}
[15.488292] (-) TimerEvent: {}
[15.589034] (-) TimerEvent: {}
[15.693457] (-) TimerEvent: {}
[15.794743] (-) TimerEvent: {}
[15.895365] (-) TimerEvent: {}
[15.996000] (-) TimerEvent: {}
[16.098271] (-) TimerEvent: {}
[16.199667] (-) TimerEvent: {}
[16.300987] (-) TimerEvent: {}
[16.401739] (-) TimerEvent: {}
[16.502806] (-) TimerEvent: {}
[16.558253] (talker_listener) StdoutLine: {'line': b'running egg_info\n'}
[16.561124] (talker_listener) StdoutLine: {'line': b'writing ../build/talker_listener/talker_listener.egg-info/PKG-INFO\n'}
[16.562239] (talker_listener) StdoutLine: {'line': b'writing dependency_links to ../build/talker_listener/talker_listener.egg-info/dependency_links.txt\n'}
[16.563570] (talker_listener) StdoutLine: {'line': b'writing entry points to ../build/talker_listener/talker_listener.egg-info/entry_points.txt\n'}
[16.564815] (talker_listener) StdoutLine: {'line': b'writing requirements to ../build/talker_listener/talker_listener.egg-info/requires.txt\n'}
[16.565689] (talker_listener) StdoutLine: {'line': b'writing top-level names to ../build/talker_listener/talker_listener.egg-info/top_level.txt\n'}
[16.572854] (talker_listener) StdoutLine: {'line': b"reading manifest file '../build/talker_listener/talker_listener.egg-info/SOURCES.txt'\n"}
[16.603181] (-) TimerEvent: {}
[16.704338] (-) TimerEvent: {}
[16.769221] (talker_listener) StdoutLine: {'line': b"writing manifest file '../build/talker_listener/talker_listener.egg-info/SOURCES.txt'\n"}
[16.770495] (talker_listener) StdoutLine: {'line': b'running build\n'}
[16.771877] (talker_listener) StdoutLine: {'line': b'running build_py\n'}
[16.774213] (talker_listener) StdoutLine: {'line': b'running install\n'}
[16.777170] (talker_listener) StdoutLine: {'line': b'running install_lib\n'}
[16.782915] (talker_listener) StdoutLine: {'line': b'running install_data\n'}
[16.783878] (talker_listener) StdoutLine: {'line': b'running install_egg_info\n'}
[16.791402] (talker_listener) StdoutLine: {'line': b"removing '/home/ubuntu/ros2_ws/src/Greyform-linux/Python_Application/install/talker_listener/lib/python3.10/site-packages/talker_listener-0.0.0-py3.10.egg-info' (and everything under it)\n"}
[16.793772] (talker_listener) StdoutLine: {'line': b'Copying ../build/talker_listener/talker_listener.egg-info to /home/ubuntu/ros2_ws/src/Greyform-linux/Python_Application/install/talker_listener/lib/python3.10/site-packages/talker_listener-0.0.0-py3.10.egg-info\n'}
[16.800653] (talker_listener) StdoutLine: {'line': b'running install_scripts\n'}
[16.804539] (-) TimerEvent: {}
[16.888247] (talker_listener) StdoutLine: {'line': b'Installing listener_node script to /home/ubuntu/ros2_ws/src/Greyform-linux/Python_Application/install/talker_listener/lib/talker_listener\n'}
[16.890554] (talker_listener) StdoutLine: {'line': b'Installing talker_node script to /home/ubuntu/ros2_ws/src/Greyform-linux/Python_Application/install/talker_listener/lib/talker_listener\n'}
[16.891887] (talker_listener) StdoutLine: {'line': b"writing list of installed files to '/home/ubuntu/ros2_ws/src/Greyform-linux/Python_Application/build/talker_listener/install.log'\n"}
[16.904840] (-) TimerEvent: {}
[16.973163] (talker_listener) CommandEnded: {'returncode': 0}
[17.005683] (-) TimerEvent: {}
[17.016800] (talker_listener) JobEnded: {'identifier': 'talker_listener', 'rc': 0}
[17.021964] (-) EventReactorShutdown: {}
