[2.101s] DEBUG:colcon:Command line arguments: ['/usr/bin/colcon', 'build']
[2.101s] DEBUG:colcon:Parsed command line arguments: Namespace(log_base=None, log_level=None, verb_name='build', build_base='build', install_base='install', merge_install=False, symlink_install=False, test_result_base=None, continue_on_error=False, executor='parallel', parallel_workers=8, event_handlers=None, ignore_user_meta=False, metas=['./colcon.meta'], base_paths=['.'], packages_ignore=None, packages_ignore_regex=None, paths=None, packages_up_to=None, packages_up_to_regex=None, packages_above=None, packages_above_and_dependencies=None, packages_above_depth=None, packages_select_by_dep=None, packages_skip_by_dep=None, packages_skip_up_to=None, packages_select_build_failed=False, packages_skip_build_finished=False, packages_select_test_failures=False, packages_skip_test_passed=False, packages_select=None, packages_skip=None, packages_select_regex=None, packages_skip_regex=None, packages_start=None, packages_end=None, allow_overriding=[], cmake_args=None, cmake_target=None, cmake_target_skip_unavailable=False, cmake_clean_cache=False, cmake_clean_first=False, cmake_force_configure=False, ament_cmake_args=None, catkin_cmake_args=None, catkin_skip_building_tests=False, verb_parser=<colcon_defaults.argument_parser.defaults.DefaultArgumentsDecorator object at 0x7be588371f90>, verb_extension=<colcon_core.verb.build.BuildVerb object at 0x7be588371a20>, main=<bound method BuildVerb.main of <colcon_core.verb.build.BuildVerb object at 0x7be588371a20>>)
[5.626s] Level 1:colcon.colcon_core.package_discovery:discover_packages(colcon_meta) check parameters
[5.631s] Level 1:colcon.colcon_core.package_discovery:discover_packages(recursive) check parameters
[5.631s] Level 1:colcon.colcon_core.package_discovery:discover_packages(ignore) check parameters
[5.631s] Level 1:colcon.colcon_core.package_discovery:discover_packages(path) check parameters
[5.631s] Level 1:colcon.colcon_core.package_discovery:discover_packages(colcon_meta) discover
[5.632s] Level 1:colcon.colcon_core.package_discovery:discover_packages(recursive) discover
[5.632s] INFO:colcon.colcon_core.package_discovery:Crawling recursively for packages in '/home/ubuntu/ros2_ws/src/Greyform-linux/Python_Application'
[5.632s] Level 1:colcon.colcon_core.package_identification:_identify(.) by extensions ['ignore', 'ignore_ament_install']
[5.633s] Level 1:colcon.colcon_core.package_identification:_identify(.) by extension 'ignore'
[5.636s] Level 1:colcon.colcon_core.package_identification:_identify(.) by extension 'ignore_ament_install'
[5.638s] Level 1:colcon.colcon_core.package_identification:_identify(.) by extensions ['colcon_pkg']
[5.638s] Level 1:colcon.colcon_core.package_identification:_identify(.) by extension 'colcon_pkg'
[5.638s] Level 1:colcon.colcon_core.package_identification:_identify(.) by extensions ['colcon_meta']
[5.638s] Level 1:colcon.colcon_core.package_identification:_identify(.) by extension 'colcon_meta'
[5.639s] Level 1:colcon.colcon_core.package_identification:_identify(.) by extensions ['ros']
[5.639s] Level 1:colcon.colcon_core.package_identification:_identify(.) by extension 'ros'
[5.865s] Level 1:colcon.colcon_core.package_identification:_identify(.) by extensions ['cmake', 'python']
[5.865s] Level 1:colcon.colcon_core.package_identification:_identify(.) by extension 'cmake'
[5.867s] Level 1:colcon.colcon_core.package_identification:_identify(.) by extension 'python'
[5.868s] Level 1:colcon.colcon_core.package_identification:_identify(.) by extensions ['python_setup_py']
[5.868s] Level 1:colcon.colcon_core.package_identification:_identify(.) by extension 'python_setup_py'
[5.876s] Level 1:colcon.colcon_core.package_identification:_identify(PythonApplication) by extensions ['ignore', 'ignore_ament_install']
[5.876s] Level 1:colcon.colcon_core.package_identification:_identify(PythonApplication) by extension 'ignore'
[5.881s] Level 1:colcon.colcon_core.package_identification:_identify(PythonApplication) by extension 'ignore_ament_install'
[5.881s] Level 1:colcon.colcon_core.package_identification:_identify(PythonApplication) by extensions ['colcon_pkg']
[5.882s] Level 1:colcon.colcon_core.package_identification:_identify(PythonApplication) by extension 'colcon_pkg'
[5.882s] Level 1:colcon.colcon_core.package_identification:_identify(PythonApplication) by extensions ['colcon_meta']
[5.882s] Level 1:colcon.colcon_core.package_identification:_identify(PythonApplication) by extension 'colcon_meta'
[5.882s] Level 1:colcon.colcon_core.package_identification:_identify(PythonApplication) by extensions ['ros']
[5.883s] Level 1:colcon.colcon_core.package_identification:_identify(PythonApplication) by extension 'ros'
[5.883s] Level 1:colcon.colcon_core.package_identification:_identify(PythonApplication) by extensions ['cmake', 'python']
[5.883s] Level 1:colcon.colcon_core.package_identification:_identify(PythonApplication) by extension 'cmake'
[5.885s] Level 1:colcon.colcon_core.package_identification:_identify(PythonApplication) by extension 'python'
[5.888s] Level 1:colcon.colcon_core.package_identification:_identify(PythonApplication) by extensions ['python_setup_py']
[5.890s] Level 1:colcon.colcon_core.package_identification:_identify(PythonApplication) by extension 'python_setup_py'
[5.903s] Level 1:colcon.colcon_core.package_identification:_identify(PythonApplication/__pycache__) by extensions ['ignore', 'ignore_ament_install']
[5.903s] Level 1:colcon.colcon_core.package_identification:_identify(PythonApplication/__pycache__) by extension 'ignore'
[5.904s] Level 1:colcon.colcon_core.package_identification:_identify(PythonApplication/__pycache__) by extension 'ignore_ament_install'
[5.909s] Level 1:colcon.colcon_core.package_identification:_identify(PythonApplication/__pycache__) by extensions ['colcon_pkg']
[5.909s] Level 1:colcon.colcon_core.package_identification:_identify(PythonApplication/__pycache__) by extension 'colcon_pkg'
[5.910s] Level 1:colcon.colcon_core.package_identification:_identify(PythonApplication/__pycache__) by extensions ['colcon_meta']
[5.910s] Level 1:colcon.colcon_core.package_identification:_identify(PythonApplication/__pycache__) by extension 'colcon_meta'
[5.911s] Level 1:colcon.colcon_core.package_identification:_identify(PythonApplication/__pycache__) by extensions ['ros']
[5.914s] Level 1:colcon.colcon_core.package_identification:_identify(PythonApplication/__pycache__) by extension 'ros'
[5.914s] Level 1:colcon.colcon_core.package_identification:_identify(PythonApplication/__pycache__) by extensions ['cmake', 'python']
[5.915s] Level 1:colcon.colcon_core.package_identification:_identify(PythonApplication/__pycache__) by extension 'cmake'
[5.915s] Level 1:colcon.colcon_core.package_identification:_identify(PythonApplication/__pycache__) by extension 'python'
[5.915s] Level 1:colcon.colcon_core.package_identification:_identify(PythonApplication/__pycache__) by extensions ['python_setup_py']
[5.916s] Level 1:colcon.colcon_core.package_identification:_identify(PythonApplication/__pycache__) by extension 'python_setup_py'
[5.916s] Level 1:colcon.colcon_core.package_identification:_identify(UI_Design) by extensions ['ignore', 'ignore_ament_install']
[5.917s] Level 1:colcon.colcon_core.package_identification:_identify(UI_Design) by extension 'ignore'
[5.919s] Level 1:colcon.colcon_core.package_identification:_identify(UI_Design) by extension 'ignore_ament_install'
[5.920s] Level 1:colcon.colcon_core.package_identification:_identify(UI_Design) by extensions ['colcon_pkg']
[5.920s] Level 1:colcon.colcon_core.package_identification:_identify(UI_Design) by extension 'colcon_pkg'
[5.920s] Level 1:colcon.colcon_core.package_identification:_identify(UI_Design) by extensions ['colcon_meta']
[5.920s] Level 1:colcon.colcon_core.package_identification:_identify(UI_Design) by extension 'colcon_meta'
[5.920s] Level 1:colcon.colcon_core.package_identification:_identify(UI_Design) by extensions ['ros']
[5.922s] Level 1:colcon.colcon_core.package_identification:_identify(UI_Design) by extension 'ros'
[5.924s] Level 1:colcon.colcon_core.package_identification:_identify(UI_Design) by extensions ['cmake', 'python']
[5.925s] Level 1:colcon.colcon_core.package_identification:_identify(UI_Design) by extension 'cmake'
[5.925s] Level 1:colcon.colcon_core.package_identification:_identify(UI_Design) by extension 'python'
[5.925s] Level 1:colcon.colcon_core.package_identification:_identify(UI_Design) by extensions ['python_setup_py']
[5.925s] Level 1:colcon.colcon_core.package_identification:_identify(UI_Design) by extension 'python_setup_py'
[5.926s] Level 1:colcon.colcon_core.package_identification:_identify(UI_Design/__pycache__) by extensions ['ignore', 'ignore_ament_install']
[5.926s] Level 1:colcon.colcon_core.package_identification:_identify(UI_Design/__pycache__) by extension 'ignore'
[5.926s] Level 1:colcon.colcon_core.package_identification:_identify(UI_Design/__pycache__) by extension 'ignore_ament_install'
[5.926s] Level 1:colcon.colcon_core.package_identification:_identify(UI_Design/__pycache__) by extensions ['colcon_pkg']
[5.930s] Level 1:colcon.colcon_core.package_identification:_identify(UI_Design/__pycache__) by extension 'colcon_pkg'
[5.930s] Level 1:colcon.colcon_core.package_identification:_identify(UI_Design/__pycache__) by extensions ['colcon_meta']
[5.930s] Level 1:colcon.colcon_core.package_identification:_identify(UI_Design/__pycache__) by extension 'colcon_meta'
[5.931s] Level 1:colcon.colcon_core.package_identification:_identify(UI_Design/__pycache__) by extensions ['ros']
[5.932s] Level 1:colcon.colcon_core.package_identification:_identify(UI_Design/__pycache__) by extension 'ros'
[5.932s] Level 1:colcon.colcon_core.package_identification:_identify(UI_Design/__pycache__) by extensions ['cmake', 'python']
[5.932s] Level 1:colcon.colcon_core.package_identification:_identify(UI_Design/__pycache__) by extension 'cmake'
[5.932s] Level 1:colcon.colcon_core.package_identification:_identify(UI_Design/__pycache__) by extension 'python'
[5.933s] Level 1:colcon.colcon_core.package_identification:_identify(UI_Design/__pycache__) by extensions ['python_setup_py']
[5.933s] Level 1:colcon.colcon_core.package_identification:_identify(UI_Design/__pycache__) by extension 'python_setup_py'
[5.933s] Level 1:colcon.colcon_core.package_identification:_identify(__pycache__) by extensions ['ignore', 'ignore_ament_install']
[5.934s] Level 1:colcon.colcon_core.package_identification:_identify(__pycache__) by extension 'ignore'
[5.934s] Level 1:colcon.colcon_core.package_identification:_identify(__pycache__) by extension 'ignore_ament_install'
[5.934s] Level 1:colcon.colcon_core.package_identification:_identify(__pycache__) by extensions ['colcon_pkg']
[5.934s] Level 1:colcon.colcon_core.package_identification:_identify(__pycache__) by extension 'colcon_pkg'
[5.935s] Level 1:colcon.colcon_core.package_identification:_identify(__pycache__) by extensions ['colcon_meta']
[5.935s] Level 1:colcon.colcon_core.package_identification:_identify(__pycache__) by extension 'colcon_meta'
[5.935s] Level 1:colcon.colcon_core.package_identification:_identify(__pycache__) by extensions ['ros']
[5.936s] Level 1:colcon.colcon_core.package_identification:_identify(__pycache__) by extension 'ros'
[5.936s] Level 1:colcon.colcon_core.package_identification:_identify(__pycache__) by extensions ['cmake', 'python']
[5.936s] Level 1:colcon.colcon_core.package_identification:_identify(__pycache__) by extension 'cmake'
[5.936s] Level 1:colcon.colcon_core.package_identification:_identify(__pycache__) by extension 'python'
[5.937s] Level 1:colcon.colcon_core.package_identification:_identify(__pycache__) by extensions ['python_setup_py']
[5.937s] Level 1:colcon.colcon_core.package_identification:_identify(__pycache__) by extension 'python_setup_py'
[5.937s] Level 1:colcon.colcon_core.package_identification:_identify(backend) by extensions ['ignore', 'ignore_ament_install']
[5.938s] Level 1:colcon.colcon_core.package_identification:_identify(backend) by extension 'ignore'
[5.938s] Level 1:colcon.colcon_core.package_identification:_identify(backend) by extension 'ignore_ament_install'
[5.938s] Level 1:colcon.colcon_core.package_identification:_identify(backend) by extensions ['colcon_pkg']
[5.938s] Level 1:colcon.colcon_core.package_identification:_identify(backend) by extension 'colcon_pkg'
[5.939s] Level 1:colcon.colcon_core.package_identification:_identify(backend) by extensions ['colcon_meta']
[5.939s] Level 1:colcon.colcon_core.package_identification:_identify(backend) by extension 'colcon_meta'
[5.939s] Level 1:colcon.colcon_core.package_identification:_identify(backend) by extensions ['ros']
[5.940s] Level 1:colcon.colcon_core.package_identification:_identify(backend) by extension 'ros'
[5.940s] Level 1:colcon.colcon_core.package_identification:_identify(backend) by extensions ['cmake', 'python']
[5.940s] Level 1:colcon.colcon_core.package_identification:_identify(backend) by extension 'cmake'
[5.940s] Level 1:colcon.colcon_core.package_identification:_identify(backend) by extension 'python'
[5.941s] Level 1:colcon.colcon_core.package_identification:_identify(backend) by extensions ['python_setup_py']
[5.941s] Level 1:colcon.colcon_core.package_identification:_identify(backend) by extension 'python_setup_py'
[5.941s] Level 1:colcon.colcon_core.package_identification:_identify(backend/__pycache__) by extensions ['ignore', 'ignore_ament_install']
[5.942s] Level 1:colcon.colcon_core.package_identification:_identify(backend/__pycache__) by extension 'ignore'
[5.942s] Level 1:colcon.colcon_core.package_identification:_identify(backend/__pycache__) by extension 'ignore_ament_install'
[5.943s] Level 1:colcon.colcon_core.package_identification:_identify(backend/__pycache__) by extensions ['colcon_pkg']
[5.943s] Level 1:colcon.colcon_core.package_identification:_identify(backend/__pycache__) by extension 'colcon_pkg'
[5.943s] Level 1:colcon.colcon_core.package_identification:_identify(backend/__pycache__) by extensions ['colcon_meta']
[5.943s] Level 1:colcon.colcon_core.package_identification:_identify(backend/__pycache__) by extension 'colcon_meta'
[5.944s] Level 1:colcon.colcon_core.package_identification:_identify(backend/__pycache__) by extensions ['ros']
[5.944s] Level 1:colcon.colcon_core.package_identification:_identify(backend/__pycache__) by extension 'ros'
[5.944s] Level 1:colcon.colcon_core.package_identification:_identify(backend/__pycache__) by extensions ['cmake', 'python']
[5.944s] Level 1:colcon.colcon_core.package_identification:_identify(backend/__pycache__) by extension 'cmake'
[5.945s] Level 1:colcon.colcon_core.package_identification:_identify(backend/__pycache__) by extension 'python'
[5.945s] Level 1:colcon.colcon_core.package_identification:_identify(backend/__pycache__) by extensions ['python_setup_py']
[5.945s] Level 1:colcon.colcon_core.package_identification:_identify(backend/__pycache__) by extension 'python_setup_py'
[5.945s] Level 1:colcon.colcon_core.package_identification:_identify(bin) by extensions ['ignore', 'ignore_ament_install']
[5.946s] Level 1:colcon.colcon_core.package_identification:_identify(bin) by extension 'ignore'
[5.947s] Level 1:colcon.colcon_core.package_identification:_identify(bin) by extension 'ignore_ament_install'
[5.947s] Level 1:colcon.colcon_core.package_identification:_identify(bin) by extensions ['colcon_pkg']
[5.948s] Level 1:colcon.colcon_core.package_identification:_identify(bin) by extension 'colcon_pkg'
[5.948s] Level 1:colcon.colcon_core.package_identification:_identify(bin) by extensions ['colcon_meta']
[5.948s] Level 1:colcon.colcon_core.package_identification:_identify(bin) by extension 'colcon_meta'
[5.948s] Level 1:colcon.colcon_core.package_identification:_identify(bin) by extensions ['ros']
[5.948s] Level 1:colcon.colcon_core.package_identification:_identify(bin) by extension 'ros'
[5.949s] Level 1:colcon.colcon_core.package_identification:_identify(bin) by extensions ['cmake', 'python']
[5.949s] Level 1:colcon.colcon_core.package_identification:_identify(bin) by extension 'cmake'
[5.949s] Level 1:colcon.colcon_core.package_identification:_identify(bin) by extension 'python'
[5.949s] Level 1:colcon.colcon_core.package_identification:_identify(bin) by extensions ['python_setup_py']
[5.949s] Level 1:colcon.colcon_core.package_identification:_identify(bin) by extension 'python_setup_py'
[5.950s] Level 1:colcon.colcon_core.package_identification:_identify(bin/bin) by extensions ['ignore', 'ignore_ament_install']
[5.951s] Level 1:colcon.colcon_core.package_identification:_identify(bin/bin) by extension 'ignore'
[5.951s] Level 1:colcon.colcon_core.package_identification:_identify(bin/bin) by extension 'ignore_ament_install'
[5.951s] Level 1:colcon.colcon_core.package_identification:_identify(bin/bin) by extensions ['colcon_pkg']
[5.951s] Level 1:colcon.colcon_core.package_identification:_identify(bin/bin) by extension 'colcon_pkg'
[5.952s] Level 1:colcon.colcon_core.package_identification:_identify(bin/bin) by extensions ['colcon_meta']
[5.952s] Level 1:colcon.colcon_core.package_identification:_identify(bin/bin) by extension 'colcon_meta'
[5.952s] Level 1:colcon.colcon_core.package_identification:_identify(bin/bin) by extensions ['ros']
[5.952s] Level 1:colcon.colcon_core.package_identification:_identify(bin/bin) by extension 'ros'
[5.953s] Level 1:colcon.colcon_core.package_identification:_identify(bin/bin) by extensions ['cmake', 'python']
[5.953s] Level 1:colcon.colcon_core.package_identification:_identify(bin/bin) by extension 'cmake'
[5.953s] Level 1:colcon.colcon_core.package_identification:_identify(bin/bin) by extension 'python'
[5.953s] Level 1:colcon.colcon_core.package_identification:_identify(bin/bin) by extensions ['python_setup_py']
[5.954s] Level 1:colcon.colcon_core.package_identification:_identify(bin/bin) by extension 'python_setup_py'
[5.954s] Level 1:colcon.colcon_core.package_identification:_identify(build) by extensions ['ignore', 'ignore_ament_install']
[5.955s] Level 1:colcon.colcon_core.package_identification:_identify(build) by extension 'ignore'
[5.955s] Level 1:colcon.colcon_core.package_identification:_identify(build) ignored
[5.956s] Level 1:colcon.colcon_core.package_identification:_identify(env) by extensions ['ignore', 'ignore_ament_install']
[5.956s] Level 1:colcon.colcon_core.package_identification:_identify(env) by extension 'ignore'
[5.956s] Level 1:colcon.colcon_core.package_identification:_identify(env) by extension 'ignore_ament_install'
[5.957s] Level 1:colcon.colcon_core.package_identification:_identify(env) by extensions ['colcon_pkg']
[5.957s] Level 1:colcon.colcon_core.package_identification:_identify(env) by extension 'colcon_pkg'
[5.957s] Level 1:colcon.colcon_core.package_identification:_identify(env) by extensions ['colcon_meta']
[5.958s] Level 1:colcon.colcon_core.package_identification:_identify(env) by extension 'colcon_meta'
[5.958s] Level 1:colcon.colcon_core.package_identification:_identify(env) by extensions ['ros']
[5.958s] Level 1:colcon.colcon_core.package_identification:_identify(env) by extension 'ros'
[5.959s] Level 1:colcon.colcon_core.package_identification:_identify(env) by extensions ['cmake', 'python']
[5.959s] Level 1:colcon.colcon_core.package_identification:_identify(env) by extension 'cmake'
[5.959s] Level 1:colcon.colcon_core.package_identification:_identify(env) by extension 'python'
[5.959s] Level 1:colcon.colcon_core.package_identification:_identify(env) by extensions ['python_setup_py']
[5.960s] Level 1:colcon.colcon_core.package_identification:_identify(env) by extension 'python_setup_py'
[5.960s] Level 1:colcon.colcon_core.package_identification:_identify(env/bin) by extensions ['ignore', 'ignore_ament_install']
[5.961s] Level 1:colcon.colcon_core.package_identification:_identify(env/bin) by extension 'ignore'
[5.961s] Level 1:colcon.colcon_core.package_identification:_identify(env/bin) by extension 'ignore_ament_install'
[5.961s] Level 1:colcon.colcon_core.package_identification:_identify(env/bin) by extensions ['colcon_pkg']
[5.962s] Level 1:colcon.colcon_core.package_identification:_identify(env/bin) by extension 'colcon_pkg'
[5.962s] Level 1:colcon.colcon_core.package_identification:_identify(env/bin) by extensions ['colcon_meta']
[5.962s] Level 1:colcon.colcon_core.package_identification:_identify(env/bin) by extension 'colcon_meta'
[5.962s] Level 1:colcon.colcon_core.package_identification:_identify(env/bin) by extensions ['ros']
[5.962s] Level 1:colcon.colcon_core.package_identification:_identify(env/bin) by extension 'ros'
[5.963s] Level 1:colcon.colcon_core.package_identification:_identify(env/bin) by extensions ['cmake', 'python']
[5.963s] Level 1:colcon.colcon_core.package_identification:_identify(env/bin) by extension 'cmake'
[5.963s] Level 1:colcon.colcon_core.package_identification:_identify(env/bin) by extension 'python'
[5.964s] Level 1:colcon.colcon_core.package_identification:_identify(env/bin) by extensions ['python_setup_py']
[5.964s] Level 1:colcon.colcon_core.package_identification:_identify(env/bin) by extension 'python_setup_py'
[5.965s] Level 1:colcon.colcon_core.package_identification:_identify(env/lib) by extensions ['ignore', 'ignore_ament_install']
[5.965s] Level 1:colcon.colcon_core.package_identification:_identify(env/lib) by extension 'ignore'
[5.965s] Level 1:colcon.colcon_core.package_identification:_identify(env/lib) by extension 'ignore_ament_install'
[5.966s] Level 1:colcon.colcon_core.package_identification:_identify(env/lib) by extensions ['colcon_pkg']
[5.966s] Level 1:colcon.colcon_core.package_identification:_identify(env/lib) by extension 'colcon_pkg'
[5.967s] Level 1:colcon.colcon_core.package_identification:_identify(env/lib) by extensions ['colcon_meta']
[5.967s] Level 1:colcon.colcon_core.package_identification:_identify(env/lib) by extension 'colcon_meta'
[5.967s] Level 1:colcon.colcon_core.package_identification:_identify(env/lib) by extensions ['ros']
[5.967s] Level 1:colcon.colcon_core.package_identification:_identify(env/lib) by extension 'ros'
[5.968s] Level 1:colcon.colcon_core.package_identification:_identify(env/lib) by extensions ['cmake', 'python']
[5.968s] Level 1:colcon.colcon_core.package_identification:_identify(env/lib) by extension 'cmake'
[5.968s] Level 1:colcon.colcon_core.package_identification:_identify(env/lib) by extension 'python'
[5.969s] Level 1:colcon.colcon_core.package_identification:_identify(env/lib) by extensions ['python_setup_py']
[5.969s] Level 1:colcon.colcon_core.package_identification:_identify(env/lib) by extension 'python_setup_py'
[5.969s] Level 1:colcon.colcon_core.package_identification:_identify(env/lib/python3.10) by extensions ['ignore', 'ignore_ament_install']
[5.970s] Level 1:colcon.colcon_core.package_identification:_identify(env/lib/python3.10) by extension 'ignore'
[5.970s] Level 1:colcon.colcon_core.package_identification:_identify(env/lib/python3.10) by extension 'ignore_ament_install'
[5.974s] Level 1:colcon.colcon_core.package_identification:_identify(env/lib/python3.10) by extensions ['colcon_pkg']
[5.974s] Level 1:colcon.colcon_core.package_identification:_identify(env/lib/python3.10) by extension 'colcon_pkg'
[5.975s] Level 1:colcon.colcon_core.package_identification:_identify(env/lib/python3.10) by extensions ['colcon_meta']
[5.975s] Level 1:colcon.colcon_core.package_identification:_identify(env/lib/python3.10) by extension 'colcon_meta'
[5.975s] Level 1:colcon.colcon_core.package_identification:_identify(env/lib/python3.10) by extensions ['ros']
[5.976s] Level 1:colcon.colcon_core.package_identification:_identify(env/lib/python3.10) by extension 'ros'
[5.976s] Level 1:colcon.colcon_core.package_identification:_identify(env/lib/python3.10) by extensions ['cmake', 'python']
[5.976s] Level 1:colcon.colcon_core.package_identification:_identify(env/lib/python3.10) by extension 'cmake'
[5.977s] Level 1:colcon.colcon_core.package_identification:_identify(env/lib/python3.10) by extension 'python'
[5.979s] Level 1:colcon.colcon_core.package_identification:_identify(env/lib/python3.10) by extensions ['python_setup_py']
[5.979s] Level 1:colcon.colcon_core.package_identification:_identify(env/lib/python3.10) by extension 'python_setup_py'
[5.984s] Level 1:colcon.colcon_core.package_identification:_identify(env/lib/python3.10/site-packages) by extensions ['ignore', 'ignore_ament_install']
[5.985s] Level 1:colcon.colcon_core.package_identification:_identify(env/lib/python3.10/site-packages) by extension 'ignore'
[5.985s] Level 1:colcon.colcon_core.package_identification:_identify(env/lib/python3.10/site-packages) by extension 'ignore_ament_install'
[5.990s] Level 1:colcon.colcon_core.package_identification:_identify(env/lib/python3.10/site-packages) by extensions ['colcon_pkg']
[5.991s] Level 1:colcon.colcon_core.package_identification:_identify(env/lib/python3.10/site-packages) by extension 'colcon_pkg'
[5.991s] Level 1:colcon.colcon_core.package_identification:_identify(env/lib/python3.10/site-packages) by extensions ['colcon_meta']
[5.991s] Level 1:colcon.colcon_core.package_identification:_identify(env/lib/python3.10/site-packages) by extension 'colcon_meta'
[5.992s] Level 1:colcon.colcon_core.package_identification:_identify(env/lib/python3.10/site-packages) by extensions ['ros']
[5.993s] Level 1:colcon.colcon_core.package_identification:_identify(env/lib/python3.10/site-packages) by extension 'ros'
[5.993s] Level 1:colcon.colcon_core.package_identification:_identify(env/lib/python3.10/site-packages) by extensions ['cmake', 'python']
[5.995s] Level 1:colcon.colcon_core.package_identification:_identify(env/lib/python3.10/site-packages) by extension 'cmake'
[5.995s] Level 1:colcon.colcon_core.package_identification:_identify(env/lib/python3.10/site-packages) by extension 'python'
[5.995s] Level 1:colcon.colcon_core.package_identification:_identify(env/lib/python3.10/site-packages) by extensions ['python_setup_py']
[5.996s] Level 1:colcon.colcon_core.package_identification:_identify(env/lib/python3.10/site-packages) by extension 'python_setup_py'
[5.997s] Level 1:colcon.colcon_core.package_identification:_identify(env/lib/python3.10/site-packages/Cython) by extensions ['ignore', 'ignore_ament_install']
[5.999s] Level 1:colcon.colcon_core.package_identification:_identify(env/lib/python3.10/site-packages/Cython) by extension 'ignore'
[6.001s] Level 1:colcon.colcon_core.package_identification:_identify(env/lib/python3.10/site-packages/Cython) by extension 'ignore_ament_install'
[6.001s] Level 1:colcon.colcon_core.package_identification:_identify(env/lib/python3.10/site-packages/Cython) by extensions ['colcon_pkg']
[6.002s] Level 1:colcon.colcon_core.package_identification:_identify(env/lib/python3.10/site-packages/Cython) by extension 'colcon_pkg'
[6.004s] Level 1:colcon.colcon_core.package_identification:_identify(env/lib/python3.10/site-packages/Cython) by extensions ['colcon_meta']
[6.005s] Level 1:colcon.colcon_core.package_identification:_identify(env/lib/python3.10/site-packages/Cython) by extension 'colcon_meta'
[6.005s] Level 1:colcon.colcon_core.package_identification:_identify(env/lib/python3.10/site-packages/Cython) by extensions ['ros']
[6.006s] Level 1:colcon.colcon_core.package_identification:_identify(env/lib/python3.10/site-packages/Cython) by extension 'ros'
[6.008s] Level 1:colcon.colcon_core.package_identification:_identify(env/lib/python3.10/site-packages/Cython) by extensions ['cmake', 'python']
[6.009s] Level 1:colcon.colcon_core.package_identification:_identify(env/lib/python3.10/site-packages/Cython) by extension 'cmake'
[6.009s] Level 1:colcon.colcon_core.package_identification:_identify(env/lib/python3.10/site-packages/Cython) by extension 'python'
[6.009s] Level 1:colcon.colcon_core.package_identification:_identify(env/lib/python3.10/site-packages/Cython) by extensions ['python_setup_py']
[6.009s] Level 1:colcon.colcon_core.package_identification:_identify(env/lib/python3.10/site-packages/Cython) by extension 'python_setup_py'
[6.010s] Level 1:colcon.colcon_core.package_identification:_identify(env/lib/python3.10/site-packages/Cython/Build) by extensions ['ignore', 'ignore_ament_install']
[6.011s] Level 1:colcon.colcon_core.package_identification:_identify(env/lib/python3.10/site-packages/Cython/Build) by extension 'ignore'
[6.011s] Level 1:colcon.colcon_core.package_identification:_identify(env/lib/python3.10/site-packages/Cython/Build) by extension 'ignore_ament_install'
[6.012s] Level 1:colcon.colcon_core.package_identification:_identify(env/lib/python3.10/site-packages/Cython/Build) by extensions ['colcon_pkg']
[6.012s] Level 1:colcon.colcon_core.package_identification:_identify(env/lib/python3.10/site-packages/Cython/Build) by extension 'colcon_pkg'
[6.012s] Level 1:colcon.colcon_core.package_identification:_identify(env/lib/python3.10/site-packages/Cython/Build) by extensions ['colcon_meta']
[6.012s] Level 1:colcon.colcon_core.package_identification:_identify(env/lib/python3.10/site-packages/Cython/Build) by extension 'colcon_meta'
[6.013s] Level 1:colcon.colcon_core.package_identification:_identify(env/lib/python3.10/site-packages/Cython/Build) by extensions ['ros']
[6.013s] Level 1:colcon.colcon_core.package_identification:_identify(env/lib/python3.10/site-packages/Cython/Build) by extension 'ros'
[6.014s] Level 1:colcon.colcon_core.package_identification:_identify(env/lib/python3.10/site-packages/Cython/Build) by extensions ['cmake', 'python']
[6.014s] Level 1:colcon.colcon_core.package_identification:_identify(env/lib/python3.10/site-packages/Cython/Build) by extension 'cmake'
[6.016s] Level 1:colcon.colcon_core.package_identification:_identify(env/lib/python3.10/site-packages/Cython/Build) by extension 'python'
[6.018s] Level 1:colcon.colcon_core.package_identification:_identify(env/lib/python3.10/site-packages/Cython/Build) by extensions ['python_setup_py']
[6.019s] Level 1:colcon.colcon_core.package_identification:_identify(env/lib/python3.10/site-packages/Cython/Build) by extension 'python_setup_py'
[6.020s] Level 1:colcon.colcon_core.package_identification:_identify(env/lib/python3.10/site-packages/Cython/Build/Tests) by extensions ['ignore', 'ignore_ament_install']
[6.020s] Level 1:colcon.colcon_core.package_identification:_identify(env/lib/python3.10/site-packages/Cython/Build/Tests) by extension 'ignore'
[6.020s] Level 1:colcon.colcon_core.package_identification:_identify(env/lib/python3.10/site-packages/Cython/Build/Tests) by extension 'ignore_ament_install'
[6.021s] Level 1:colcon.colcon_core.package_identification:_identify(env/lib/python3.10/site-packages/Cython/Build/Tests) by extensions ['colcon_pkg']
[6.021s] Level 1:colcon.colcon_core.package_identification:_identify(env/lib/python3.10/site-packages/Cython/Build/Tests) by extension 'colcon_pkg'
[6.021s] Level 1:colcon.colcon_core.package_identification:_identify(env/lib/python3.10/site-packages/Cython/Build/Tests) by extensions ['colcon_meta']
[6.021s] Level 1:colcon.colcon_core.package_identification:_identify(env/lib/python3.10/site-packages/Cython/Build/Tests) by extension 'colcon_meta'
[6.022s] Level 1:colcon.colcon_core.package_identification:_identify(env/lib/python3.10/site-packages/Cython/Build/Tests) by extensions ['ros']
[6.022s] Level 1:colcon.colcon_core.package_identification:_identify(env/lib/python3.10/site-packages/Cython/Build/Tests) by extension 'ros'
[6.022s] Level 1:colcon.colcon_core.package_identification:_identify(env/lib/python3.10/site-packages/Cython/Build/Tests) by extensions ['cmake', 'python']
[6.023s] Level 1:colcon.colcon_core.package_identification:_identify(env/lib/python3.10/site-packages/Cython/Build/Tests) by extension 'cmake'
[6.023s] Level 1:colcon.colcon_core.package_identification:_identify(env/lib/python3.10/site-packages/Cython/Build/Tests) by extension 'python'
[6.023s] Level 1:colcon.colcon_core.package_identification:_identify(env/lib/python3.10/site-packages/Cython/Build/Tests) by extensions ['python_setup_py']
[6.023s] Level 1:colcon.colcon_core.package_identification:_identify(env/lib/python3.10/site-packages/Cython/Build/Tests) by extension 'python_setup_py'
[6.024s] Level 1:colcon.colcon_core.package_identification:_identify(env/lib/python3.10/site-packages/Cython/Build/Tests/__pycache__) by extensions ['ignore', 'ignore_ament_install']
[6.024s] Level 1:colcon.colcon_core.package_identification:_identify(env/lib/python3.10/site-packages/Cython/Build/Tests/__pycache__) by extension 'ignore'
[6.024s] Level 1:colcon.colcon_core.package_identification:_identify(env/lib/python3.10/site-packages/Cython/Build/Tests/__pycache__) by extension 'ignore_ament_install'
[6.025s] Level 1:colcon.colcon_core.package_identification:_identify(env/lib/python3.10/site-packages/Cython/Build/Tests/__pycache__) by extensions ['colcon_pkg']
[6.025s] Level 1:colcon.colcon_core.package_identification:_identify(env/lib/python3.10/site-packages/Cython/Build/Tests/__pycache__) by extension 'colcon_pkg'
[6.025s] Level 1:colcon.colcon_core.package_identification:_identify(env/lib/python3.10/site-packages/Cython/Build/Tests/__pycache__) by extensions ['colcon_meta']
[6.025s] Level 1:colcon.colcon_core.package_identification:_identify(env/lib/python3.10/site-packages/Cython/Build/Tests/__pycache__) by extension 'colcon_meta'
[6.026s] Level 1:colcon.colcon_core.package_identification:_identify(env/lib/python3.10/site-packages/Cython/Build/Tests/__pycache__) by extensions ['ros']
[6.026s] Level 1:colcon.colcon_core.package_identification:_identify(env/lib/python3.10/site-packages/Cython/Build/Tests/__pycache__) by extension 'ros'
[6.026s] Level 1:colcon.colcon_core.package_identification:_identify(env/lib/python3.10/site-packages/Cython/Build/Tests/__pycache__) by extensions ['cmake', 'python']
[6.026s] Level 1:colcon.colcon_core.package_identification:_identify(env/lib/python3.10/site-packages/Cython/Build/Tests/__pycache__) by extension 'cmake'
[6.027s] Level 1:colcon.colcon_core.package_identification:_identify(env/lib/python3.10/site-packages/Cython/Build/Tests/__pycache__) by extension 'python'
[6.027s] Level 1:colcon.colcon_core.package_identification:_identify(env/lib/python3.10/site-packages/Cython/Build/Tests/__pycache__) by extensions ['python_setup_py']
[6.027s] Level 1:colcon.colcon_core.package_identification:_identify(env/lib/python3.10/site-packages/Cython/Build/Tests/__pycache__) by extension 'python_setup_py'
[6.027s] Level 1:colcon.colcon_core.package_identification:_identify(env/lib/python3.10/site-packages/Cython/Build/__pycache__) by extensions ['ignore', 'ignore_ament_install']
[6.028s] Level 1:colcon.colcon_core.package_identification:_identify(env/lib/python3.10/site-packages/Cython/Build/__pycache__) by extension 'ignore'
[6.028s] Level 1:colcon.colcon_core.package_identification:_identify(env/lib/python3.10/site-packages/Cython/Build/__pycache__) by extension 'ignore_ament_install'
[6.028s] Level 1:colcon.colcon_core.package_identification:_identify(env/lib/python3.10/site-packages/Cython/Build/__pycache__) by extensions ['colcon_pkg']
[6.029s] Level 1:colcon.colcon_core.package_identification:_identify(env/lib/python3.10/site-packages/Cython/Build/__pycache__) by extension 'colcon_pkg'
[6.029s] Level 1:colcon.colcon_core.package_identification:_identify(env/lib/python3.10/site-packages/Cython/Build/__pycache__) by extensions ['colcon_meta']
[6.029s] Level 1:colcon.colcon_core.package_identification:_identify(env/lib/python3.10/site-packages/Cython/Build/__pycache__) by extension 'colcon_meta'
[6.029s] Level 1:colcon.colcon_core.package_identification:_identify(env/lib/python3.10/site-packages/Cython/Build/__pycache__) by extensions ['ros']
[6.030s] Level 1:colcon.colcon_core.package_identification:_identify(env/lib/python3.10/site-packages/Cython/Build/__pycache__) by extension 'ros'
[6.030s] Level 1:colcon.colcon_core.package_identification:_identify(env/lib/python3.10/site-packages/Cython/Build/__pycache__) by extensions ['cmake', 'python']
[6.030s] Level 1:colcon.colcon_core.package_identification:_identify(env/lib/python3.10/site-packages/Cython/Build/__pycache__) by extension 'cmake'
[6.030s] Level 1:colcon.colcon_core.package_identification:_identify(env/lib/python3.10/site-packages/Cython/Build/__pycache__) by extension 'python'
[6.030s] Level 1:colcon.colcon_core.package_identification:_identify(env/lib/python3.10/site-packages/Cython/Build/__pycache__) by extensions ['python_setup_py']
[6.031s] Level 1:colcon.colcon_core.package_identification:_identify(env/lib/python3.10/site-packages/Cython/Build/__pycache__) by extension 'python_setup_py'
[6.031s] Level 1:colcon.colcon_core.package_identification:_identify(env/lib/python3.10/site-packages/Cython/Compiler) by extensions ['ignore', 'ignore_ament_install']
[6.032s] Level 1:colcon.colcon_core.package_identification:_identify(env/lib/python3.10/site-packages/Cython/Compiler) by extension 'ignore'
[6.032s] Level 1:colcon.colcon_core.package_identification:_identify(env/lib/python3.10/site-packages/Cython/Compiler) by extension 'ignore_ament_install'
[6.032s] Level 1:colcon.colcon_core.package_identification:_identify(env/lib/python3.10/site-packages/Cython/Compiler) by extensions ['colcon_pkg']
[6.032s] Level 1:colcon.colcon_core.package_identification:_identify(env/lib/python3.10/site-packages/Cython/Compiler) by extension 'colcon_pkg'
[6.033s] Level 1:colcon.colcon_core.package_identification:_identify(env/lib/python3.10/site-packages/Cython/Compiler) by extensions ['colcon_meta']
[6.033s] Level 1:colcon.colcon_core.package_identification:_identify(env/lib/python3.10/site-packages/Cython/Compiler) by extension 'colcon_meta'
[6.033s] Level 1:colcon.colcon_core.package_identification:_identify(env/lib/python3.10/site-packages/Cython/Compiler) by extensions ['ros']
[6.034s] Level 1:colcon.colcon_core.package_identification:_identify(env/lib/python3.10/site-packages/Cython/Compiler) by extension 'ros'
[6.034s] Level 1:colcon.colcon_core.package_identification:_identify(env/lib/python3.10/site-packages/Cython/Compiler) by extensions ['cmake', 'python']
[6.034s] Level 1:colcon.colcon_core.package_identification:_identify(env/lib/python3.10/site-packages/Cython/Compiler) by extension 'cmake'
[6.035s] Level 1:colcon.colcon_core.package_identification:_identify(env/lib/python3.10/site-packages/Cython/Compiler) by extension 'python'
[6.036s] Level 1:colcon.colcon_core.package_identification:_identify(env/lib/python3.10/site-packages/Cython/Compiler) by extensions ['python_setup_py']
[6.036s] Level 1:colcon.colcon_core.package_identification:_identify(env/lib/python3.10/site-packages/Cython/Compiler) by extension 'python_setup_py'
[6.037s] Level 1:colcon.colcon_core.package_identification:_identify(env/lib/python3.10/site-packages/Cython/Compiler/Tests) by extensions ['ignore', 'ignore_ament_install']
[6.037s] Level 1:colcon.colcon_core.package_identification:_identify(env/lib/python3.10/site-packages/Cython/Compiler/Tests) by extension 'ignore'
[6.038s] Level 1:colcon.colcon_core.package_identification:_identify(env/lib/python3.10/site-packages/Cython/Compiler/Tests) by extension 'ignore_ament_install'
[6.038s] Level 1:colcon.colcon_core.package_identification:_identify(env/lib/python3.10/site-packages/Cython/Compiler/Tests) by extensions ['colcon_pkg']
[6.038s] Level 1:colcon.colcon_core.package_identification:_identify(env/lib/python3.10/site-packages/Cython/Compiler/Tests) by extension 'colcon_pkg'
[6.038s] Level 1:colcon.colcon_core.package_identification:_identify(env/lib/python3.10/site-packages/Cython/Compiler/Tests) by extensions ['colcon_meta']
[6.039s] Level 1:colcon.colcon_core.package_identification:_identify(env/lib/python3.10/site-packages/Cython/Compiler/Tests) by extension 'colcon_meta'
[6.039s] Level 1:colcon.colcon_core.package_identification:_identify(env/lib/python3.10/site-packages/Cython/Compiler/Tests) by extensions ['ros']
[6.039s] Level 1:colcon.colcon_core.package_identification:_identify(env/lib/python3.10/site-packages/Cython/Compiler/Tests) by extension 'ros'
[6.040s] Level 1:colcon.colcon_core.package_identification:_identify(env/lib/python3.10/site-packages/Cython/Compiler/Tests) by extensions ['cmake', 'python']
[6.040s] Level 1:colcon.colcon_core.package_identification:_identify(env/lib/python3.10/site-packages/Cython/Compiler/Tests) by extension 'cmake'
[6.041s] Level 1:colcon.colcon_core.package_identification:_identify(env/lib/python3.10/site-packages/Cython/Compiler/Tests) by extension 'python'
[6.041s] Level 1:colcon.colcon_core.package_identification:_identify(env/lib/python3.10/site-packages/Cython/Compiler/Tests) by extensions ['python_setup_py']
[6.041s] Level 1:colcon.colcon_core.package_identification:_identify(env/lib/python3.10/site-packages/Cython/Compiler/Tests) by extension 'python_setup_py'
[6.043s] Level 1:colcon.colcon_core.package_identification:_identify(env/lib/python3.10/site-packages/Cython/Compiler/Tests/__pycache__) by extensions ['ignore', 'ignore_ament_install']
[6.043s] Level 1:colcon.colcon_core.package_identification:_identify(env/lib/python3.10/site-packages/Cython/Compiler/Tests/__pycache__) by extension 'ignore'
[6.044s] Level 1:colcon.colcon_core.package_identification:_identify(env/lib/python3.10/site-packages/Cython/Compiler/Tests/__pycache__) by extension 'ignore_ament_install'
[6.045s] Level 1:colcon.colcon_core.package_identification:_identify(env/lib/python3.10/site-packages/Cython/Compiler/Tests/__pycache__) by extensions ['colcon_pkg']
[6.045s] Level 1:colcon.colcon_core.package_identification:_identify(env/lib/python3.10/site-packages/Cython/Compiler/Tests/__pycache__) by extension 'colcon_pkg'
[6.045s] Level 1:colcon.colcon_core.package_identification:_identify(env/lib/python3.10/site-packages/Cython/Compiler/Tests/__pycache__) by extensions ['colcon_meta']
[6.045s] Level 1:colcon.colcon_core.package_identification:_identify(env/lib/python3.10/site-packages/Cython/Compiler/Tests/__pycache__) by extension 'colcon_meta'
[6.046s] Level 1:colcon.colcon_core.package_identification:_identify(env/lib/python3.10/site-packages/Cython/Compiler/Tests/__pycache__) by extensions ['ros']
[6.046s] Level 1:colcon.colcon_core.package_identification:_identify(env/lib/python3.10/site-packages/Cython/Compiler/Tests/__pycache__) by extension 'ros'
[6.047s] Level 1:colcon.colcon_core.package_identification:_identify(env/lib/python3.10/site-packages/Cython/Compiler/Tests/__pycache__) by extensions ['cmake', 'python']
[6.047s] Level 1:colcon.colcon_core.package_identification:_identify(env/lib/python3.10/site-packages/Cython/Compiler/Tests/__pycache__) by extension 'cmake'
[6.048s] Level 1:colcon.colcon_core.package_identification:_identify(env/lib/python3.10/site-packages/Cython/Compiler/Tests/__pycache__) by extension 'python'
[6.048s] Level 1:colcon.colcon_core.package_identification:_identify(env/lib/python3.10/site-packages/Cython/Compiler/Tests/__pycache__) by extensions ['python_setup_py']
[6.048s] Level 1:colcon.colcon_core.package_identification:_identify(env/lib/python3.10/site-packages/Cython/Compiler/Tests/__pycache__) by extension 'python_setup_py'
[6.049s] Level 1:colcon.colcon_core.package_identification:_identify(env/lib/python3.10/site-packages/Cython/Compiler/__pycache__) by extensions ['ignore', 'ignore_ament_install']
[6.050s] Level 1:colcon.colcon_core.package_identification:_identify(env/lib/python3.10/site-packages/Cython/Compiler/__pycache__) by extension 'ignore'
[6.050s] Level 1:colcon.colcon_core.package_identification:_identify(env/lib/python3.10/site-packages/Cython/Compiler/__pycache__) by extension 'ignore_ament_install'
[6.050s] Level 1:colcon.colcon_core.package_identification:_identify(env/lib/python3.10/site-packages/Cython/Compiler/__pycache__) by extensions ['colcon_pkg']
[6.050s] Level 1:colcon.colcon_core.package_identification:_identify(env/lib/python3.10/site-packages/Cython/Compiler/__pycache__) by extension 'colcon_pkg'
[6.051s] Level 1:colcon.colcon_core.package_identification:_identify(env/lib/python3.10/site-packages/Cython/Compiler/__pycache__) by extensions ['colcon_meta']
[6.051s] Level 1:colcon.colcon_core.package_identification:_identify(env/lib/python3.10/site-packages/Cython/Compiler/__pycache__) by extension 'colcon_meta'
[6.051s] Level 1:colcon.colcon_core.package_identification:_identify(env/lib/python3.10/site-packages/Cython/Compiler/__pycache__) by extensions ['ros']
[6.051s] Level 1:colcon.colcon_core.package_identification:_identify(env/lib/python3.10/site-packages/Cython/Compiler/__pycache__) by extension 'ros'
[6.052s] Level 1:colcon.colcon_core.package_identification:_identify(env/lib/python3.10/site-packages/Cython/Compiler/__pycache__) by extensions ['cmake', 'python']
[6.052s] Level 1:colcon.colcon_core.package_identification:_identify(env/lib/python3.10/site-packages/Cython/Compiler/__pycache__) by extension 'cmake'
[6.052s] Level 1:colcon.colcon_core.package_identification:_identify(env/lib/python3.10/site-packages/Cython/Compiler/__pycache__) by extension 'python'
[6.052s] Level 1:colcon.colcon_core.package_identification:_identify(env/lib/python3.10/site-packages/Cython/Compiler/__pycache__) by extensions ['python_setup_py']
[6.052s] Level 1:colcon.colcon_core.package_identification:_identify(env/lib/python3.10/site-packages/Cython/Compiler/__pycache__) by extension 'python_setup_py'
[6.053s] Level 1:colcon.colcon_core.package_identification:_identify(env/lib/python3.10/site-packages/Cython/Debugger) by extensions ['ignore', 'ignore_ament_install']
[6.053s] Level 1:colcon.colcon_core.package_identification:_identify(env/lib/python3.10/site-packages/Cython/Debugger) by extension 'ignore'
[6.054s] Level 1:colcon.colcon_core.package_identification:_identify(env/lib/python3.10/site-packages/Cython/Debugger) by extension 'ignore_ament_install'
[6.054s] Level 1:colcon.colcon_core.package_identification:_identify(env/lib/python3.10/site-packages/Cython/Debugger) by extensions ['colcon_pkg']
[6.054s] Level 1:colcon.colcon_core.package_identification:_identify(env/lib/python3.10/site-packages/Cython/Debugger) by extension 'colcon_pkg'
[6.054s] Level 1:colcon.colcon_core.package_identification:_identify(env/lib/python3.10/site-packages/Cython/Debugger) by extensions ['colcon_meta']
[6.054s] Level 1:colcon.colcon_core.package_identification:_identify(env/lib/python3.10/site-packages/Cython/Debugger) by extension 'colcon_meta'
[6.055s] Level 1:colcon.colcon_core.package_identification:_identify(env/lib/python3.10/site-packages/Cython/Debugger) by extensions ['ros']
[6.055s] Level 1:colcon.colcon_core.package_identification:_identify(env/lib/python3.10/site-packages/Cython/Debugger) by extension 'ros'
[6.055s] Level 1:colcon.colcon_core.package_identification:_identify(env/lib/python3.10/site-packages/Cython/Debugger) by extensions ['cmake', 'python']
[6.056s] Level 1:colcon.colcon_core.package_identification:_identify(env/lib/python3.10/site-packages/Cython/Debugger) by extension 'cmake'
[6.056s] Level 1:colcon.colcon_core.package_identification:_identify(env/lib/python3.10/site-packages/Cython/Debugger) by extension 'python'
[6.057s] Level 1:colcon.colcon_core.package_identification:_identify(env/lib/python3.10/site-packages/Cython/Debugger) by extensions ['python_setup_py']
[6.057s] Level 1:colcon.colcon_core.package_identification:_identify(env/lib/python3.10/site-packages/Cython/Debugger) by extension 'python_setup_py'
[6.057s] Level 1:colcon.colcon_core.package_identification:_identify(env/lib/python3.10/site-packages/Cython/Debugger/Tests) by extensions ['ignore', 'ignore_ament_install']
[6.058s] Level 1:colcon.colcon_core.package_identification:_identify(env/lib/python3.10/site-packages/Cython/Debugger/Tests) by extension 'ignore'
[6.058s] Level 1:colcon.colcon_core.package_identification:_identify(env/lib/python3.10/site-packages/Cython/Debugger/Tests) by extension 'ignore_ament_install'
[6.058s] Level 1:colcon.colcon_core.package_identification:_identify(env/lib/python3.10/site-packages/Cython/Debugger/Tests) by extensions ['colcon_pkg']
[6.058s] Level 1:colcon.colcon_core.package_identification:_identify(env/lib/python3.10/site-packages/Cython/Debugger/Tests) by extension 'colcon_pkg'
[6.058s] Level 1:colcon.colcon_core.package_identification:_identify(env/lib/python3.10/site-packages/Cython/Debugger/Tests) by extensions ['colcon_meta']
[6.059s] Level 1:colcon.colcon_core.package_identification:_identify(env/lib/python3.10/site-packages/Cython/Debugger/Tests) by extension 'colcon_meta'
[6.059s] Level 1:colcon.colcon_core.package_identification:_identify(env/lib/python3.10/site-packages/Cython/Debugger/Tests) by extensions ['ros']
[6.059s] Level 1:colcon.colcon_core.package_identification:_identify(env/lib/python3.10/site-packages/Cython/Debugger/Tests) by extension 'ros'
[6.060s] Level 1:colcon.colcon_core.package_identification:_identify(env/lib/python3.10/site-packages/Cython/Debugger/Tests) by extensions ['cmake', 'python']
[6.060s] Level 1:colcon.colcon_core.package_identification:_identify(env/lib/python3.10/site-packages/Cython/Debugger/Tests) by extension 'cmake'
[6.060s] Level 1:colcon.colcon_core.package_identification:_identify(env/lib/python3.10/site-packages/Cython/Debugger/Tests) by extension 'python'
[6.061s] Level 1:colcon.colcon_core.package_identification:_identify(env/lib/python3.10/site-packages/Cython/Debugger/Tests) by extensions ['python_setup_py']
[6.061s] Level 1:colcon.colcon_core.package_identification:_identify(env/lib/python3.10/site-packages/Cython/Debugger/Tests) by extension 'python_setup_py'
[6.061s] Level 1:colcon.colcon_core.package_identification:_identify(env/lib/python3.10/site-packages/Cython/Debugger/Tests/__pycache__) by extensions ['ignore', 'ignore_ament_install']
[6.062s] Level 1:colcon.colcon_core.package_identification:_identify(env/lib/python3.10/site-packages/Cython/Debugger/Tests/__pycache__) by extension 'ignore'
[6.062s] Level 1:colcon.colcon_core.package_identification:_identify(env/lib/python3.10/site-packages/Cython/Debugger/Tests/__pycache__) by extension 'ignore_ament_install'
[6.062s] Level 1:colcon.colcon_core.package_identification:_identify(env/lib/python3.10/site-packages/Cython/Debugger/Tests/__pycache__) by extensions ['colcon_pkg']
[6.063s] Level 1:colcon.colcon_core.package_identification:_identify(env/lib/python3.10/site-packages/Cython/Debugger/Tests/__pycache__) by extension 'colcon_pkg'
[6.063s] Level 1:colcon.colcon_core.package_identification:_identify(env/lib/python3.10/site-packages/Cython/Debugger/Tests/__pycache__) by extensions ['colcon_meta']
[6.063s] Level 1:colcon.colcon_core.package_identification:_identify(env/lib/python3.10/site-packages/Cython/Debugger/Tests/__pycache__) by extension 'colcon_meta'
[6.064s] Level 1:colcon.colcon_core.package_identification:_identify(env/lib/python3.10/site-packages/Cython/Debugger/Tests/__pycache__) by extensions ['ros']
[6.064s] Level 1:colcon.colcon_core.package_identification:_identify(env/lib/python3.10/site-packages/Cython/Debugger/Tests/__pycache__) by extension 'ros'
[6.065s] Level 1:colcon.colcon_core.package_identification:_identify(env/lib/python3.10/site-packages/Cython/Debugger/Tests/__pycache__) by extensions ['cmake', 'python']
[6.065s] Level 1:colcon.colcon_core.package_identification:_identify(env/lib/python3.10/site-packages/Cython/Debugger/Tests/__pycache__) by extension 'cmake'
[6.065s] Level 1:colcon.colcon_core.package_identification:_identify(env/lib/python3.10/site-packages/Cython/Debugger/Tests/__pycache__) by extension 'python'
[6.066s] Level 1:colcon.colcon_core.package_identification:_identify(env/lib/python3.10/site-packages/Cython/Debugger/Tests/__pycache__) by extensions ['python_setup_py']
[6.066s] Level 1:colcon.colcon_core.package_identification:_identify(env/lib/python3.10/site-packages/Cython/Debugger/Tests/__pycache__) by extension 'python_setup_py'
[6.067s] Level 1:colcon.colcon_core.package_identification:_identify(env/lib/python3.10/site-packages/Cython/Debugger/__pycache__) by extensions ['ignore', 'ignore_ament_install']
[6.068s] Level 1:colcon.colcon_core.package_identification:_identify(env/lib/python3.10/site-packages/Cython/Debugger/__pycache__) by extension 'ignore'
[6.068s] Level 1:colcon.colcon_core.package_identification:_identify(env/lib/python3.10/site-packages/Cython/Debugger/__pycache__) by extension 'ignore_ament_install'
[6.068s] Level 1:colcon.colcon_core.package_identification:_identify(env/lib/python3.10/site-packages/Cython/Debugger/__pycache__) by extensions ['colcon_pkg']
[6.068s] Level 1:colcon.colcon_core.package_identification:_identify(env/lib/python3.10/site-packages/Cython/Debugger/__pycache__) by extension 'colcon_pkg'
[6.068s] Level 1:colcon.colcon_core.package_identification:_identify(env/lib/python3.10/site-packages/Cython/Debugger/__pycache__) by extensions ['colcon_meta']
[6.068s] Level 1:colcon.colcon_core.package_identification:_identify(env/lib/python3.10/site-packages/Cython/Debugger/__pycache__) by extension 'colcon_meta'
[6.069s] Level 1:colcon.colcon_core.package_identification:_identify(env/lib/python3.10/site-packages/Cython/Debugger/__pycache__) by extensions ['ros']
[6.069s] Level 1:colcon.colcon_core.package_identification:_identify(env/lib/python3.10/site-packages/Cython/Debugger/__pycache__) by extension 'ros'
[6.070s] Level 1:colcon.colcon_core.package_identification:_identify(env/lib/python3.10/site-packages/Cython/Debugger/__pycache__) by extensions ['cmake', 'python']
[6.070s] Level 1:colcon.colcon_core.package_identification:_identify(env/lib/python3.10/site-packages/Cython/Debugger/__pycache__) by extension 'cmake'
[6.070s] Level 1:colcon.colcon_core.package_identification:_identify(env/lib/python3.10/site-packages/Cython/Debugger/__pycache__) by extension 'python'
[6.070s] Level 1:colcon.colcon_core.package_identification:_identify(env/lib/python3.10/site-packages/Cython/Debugger/__pycache__) by extensions ['python_setup_py']
[6.071s] Level 1:colcon.colcon_core.package_identification:_identify(env/lib/python3.10/site-packages/Cython/Debugger/__pycache__) by extension 'python_setup_py'
[6.071s] Level 1:colcon.colcon_core.package_identification:_identify(env/lib/python3.10/site-packages/Cython/Distutils) by extensions ['ignore', 'ignore_ament_install']
[6.072s] Level 1:colcon.colcon_core.package_identification:_identify(env/lib/python3.10/site-packages/Cython/Distutils) by extension 'ignore'
[6.072s] Level 1:colcon.colcon_core.package_identification:_identify(env/lib/python3.10/site-packages/Cython/Distutils) by extension 'ignore_ament_install'
[6.073s] Level 1:colcon.colcon_core.package_identification:_identify(env/lib/python3.10/site-packages/Cython/Distutils) by extensions ['colcon_pkg']
[6.073s] Level 1:colcon.colcon_core.package_identification:_identify(env/lib/python3.10/site-packages/Cython/Distutils) by extension 'colcon_pkg'
[6.073s] Level 1:colcon.colcon_core.package_identification:_identify(env/lib/python3.10/site-packages/Cython/Distutils) by extensions ['colcon_meta']
[6.074s] Level 1:colcon.colcon_core.package_identification:_identify(env/lib/python3.10/site-packages/Cython/Distutils) by extension 'colcon_meta'
[6.074s] Level 1:colcon.colcon_core.package_identification:_identify(env/lib/python3.10/site-packages/Cython/Distutils) by extensions ['ros']
[6.074s] Level 1:colcon.colcon_core.package_identification:_identify(env/lib/python3.10/site-packages/Cython/Distutils) by extension 'ros'
[6.075s] Level 1:colcon.colcon_core.package_identification:_identify(env/lib/python3.10/site-packages/Cython/Distutils) by extensions ['cmake', 'python']
[6.076s] Level 1:colcon.colcon_core.package_identification:_identify(env/lib/python3.10/site-packages/Cython/Distutils) by extension 'cmake'
[6.076s] Level 1:colcon.colcon_core.package_identification:_identify(env/lib/python3.10/site-packages/Cython/Distutils) by extension 'python'
[6.076s] Level 1:colcon.colcon_core.package_identification:_identify(env/lib/python3.10/site-packages/Cython/Distutils) by extensions ['python_setup_py']
[6.076s] Level 1:colcon.colcon_core.package_identification:_identify(env/lib/python3.10/site-packages/Cython/Distutils) by extension 'python_setup_py'
[6.077s] Level 1:colcon.colcon_core.package_identification:_identify(env/lib/python3.10/site-packages/Cython/Distutils/__pycache__) by extensions ['ignore', 'ignore_ament_install']
[6.078s] Level 1:colcon.colcon_core.package_identification:_identify(env/lib/python3.10/site-packages/Cython/Distutils/__pycache__) by extension 'ignore'
[6.078s] Level 1:colcon.colcon_core.package_identification:_identify(env/lib/python3.10/site-packages/Cython/Distutils/__pycache__) by extension 'ignore_ament_install'
[6.078s] Level 1:colcon.colcon_core.package_identification:_identify(env/lib/python3.10/site-packages/Cython/Distutils/__pycache__) by extensions ['colcon_pkg']
[6.079s] Level 1:colcon.colcon_core.package_identification:_identify(env/lib/python3.10/site-packages/Cython/Distutils/__pycache__) by extension 'colcon_pkg'
[6.079s] Level 1:colcon.colcon_core.package_identification:_identify(env/lib/python3.10/site-packages/Cython/Distutils/__pycache__) by extensions ['colcon_meta']
[6.079s] Level 1:colcon.colcon_core.package_identification:_identify(env/lib/python3.10/site-packages/Cython/Distutils/__pycache__) by extension 'colcon_meta'
[6.079s] Level 1:colcon.colcon_core.package_identification:_identify(env/lib/python3.10/site-packages/Cython/Distutils/__pycache__) by extensions ['ros']
[6.080s] Level 1:colcon.colcon_core.package_identification:_identify(env/lib/python3.10/site-packages/Cython/Distutils/__pycache__) by extension 'ros'
[6.080s] Level 1:colcon.colcon_core.package_identification:_identify(env/lib/python3.10/site-packages/Cython/Distutils/__pycache__) by extensions ['cmake', 'python']
[6.080s] Level 1:colcon.colcon_core.package_identification:_identify(env/lib/python3.10/site-packages/Cython/Distutils/__pycache__) by extension 'cmake'
[6.081s] Level 1:colcon.colcon_core.package_identification:_identify(env/lib/python3.10/site-packages/Cython/Distutils/__pycache__) by extension 'python'
[6.081s] Level 1:colcon.colcon_core.package_identification:_identify(env/lib/python3.10/site-packages/Cython/Distutils/__pycache__) by extensions ['python_setup_py']
[6.081s] Level 1:colcon.colcon_core.package_identification:_identify(env/lib/python3.10/site-packages/Cython/Distutils/__pycache__) by extension 'python_setup_py'
[6.082s] Level 1:colcon.colcon_core.package_identification:_identify(env/lib/python3.10/site-packages/Cython/Includes) by extensions ['ignore', 'ignore_ament_install']
[6.082s] Level 1:colcon.colcon_core.package_identification:_identify(env/lib/python3.10/site-packages/Cython/Includes) by extension 'ignore'
[6.082s] Level 1:colcon.colcon_core.package_identification:_identify(env/lib/python3.10/site-packages/Cython/Includes) by extension 'ignore_ament_install'
[6.083s] Level 1:colcon.colcon_core.package_identification:_identify(env/lib/python3.10/site-packages/Cython/Includes) by extensions ['colcon_pkg']
[6.083s] Level 1:colcon.colcon_core.package_identification:_identify(env/lib/python3.10/site-packages/Cython/Includes) by extension 'colcon_pkg'
[6.083s] Level 1:colcon.colcon_core.package_identification:_identify(env/lib/python3.10/site-packages/Cython/Includes) by extensions ['colcon_meta']
[6.083s] Level 1:colcon.colcon_core.package_identification:_identify(env/lib/python3.10/site-packages/Cython/Includes) by extension 'colcon_meta'
[6.084s] Level 1:colcon.colcon_core.package_identification:_identify(env/lib/python3.10/site-packages/Cython/Includes) by extensions ['ros']
[6.084s] Level 1:colcon.colcon_core.package_identification:_identify(env/lib/python3.10/site-packages/Cython/Includes) by extension 'ros'
[6.084s] Level 1:colcon.colcon_core.package_identification:_identify(env/lib/python3.10/site-packages/Cython/Includes) by extensions ['cmake', 'python']
[6.084s] Level 1:colcon.colcon_core.package_identification:_identify(env/lib/python3.10/site-packages/Cython/Includes) by extension 'cmake'
[6.085s] Level 1:colcon.colcon_core.package_identification:_identify(env/lib/python3.10/site-packages/Cython/Includes) by extension 'python'
[6.085s] Level 1:colcon.colcon_core.package_identification:_identify(env/lib/python3.10/site-packages/Cython/Includes) by extensions ['python_setup_py']
[6.085s] Level 1:colcon.colcon_core.package_identification:_identify(env/lib/python3.10/site-packages/Cython/Includes) by extension 'python_setup_py'
[6.086s] Level 1:colcon.colcon_core.package_identification:_identify(env/lib/python3.10/site-packages/Cython/Includes/cpython) by extensions ['ignore', 'ignore_ament_install']
[6.086s] Level 1:colcon.colcon_core.package_identification:_identify(env/lib/python3.10/site-packages/Cython/Includes/cpython) by extension 'ignore'
[6.086s] Level 1:colcon.colcon_core.package_identification:_identify(env/lib/python3.10/site-packages/Cython/Includes/cpython) by extension 'ignore_ament_install'
[6.087s] Level 1:colcon.colcon_core.package_identification:_identify(env/lib/python3.10/site-packages/Cython/Includes/cpython) by extensions ['colcon_pkg']
[6.087s] Level 1:colcon.colcon_core.package_identification:_identify(env/lib/python3.10/site-packages/Cython/Includes/cpython) by extension 'colcon_pkg'
[6.087s] Level 1:colcon.colcon_core.package_identification:_identify(env/lib/python3.10/site-packages/Cython/Includes/cpython) by extensions ['colcon_meta']
[6.087s] Level 1:colcon.colcon_core.package_identification:_identify(env/lib/python3.10/site-packages/Cython/Includes/cpython) by extension 'colcon_meta'
[6.088s] Level 1:colcon.colcon_core.package_identification:_identify(env/lib/python3.10/site-packages/Cython/Includes/cpython) by extensions ['ros']
[6.088s] Level 1:colcon.colcon_core.package_identification:_identify(env/lib/python3.10/site-packages/Cython/Includes/cpython) by extension 'ros'
[6.089s] Level 1:colcon.colcon_core.package_identification:_identify(env/lib/python3.10/site-packages/Cython/Includes/cpython) by extensions ['cmake', 'python']
[6.089s] Level 1:colcon.colcon_core.package_identification:_identify(env/lib/python3.10/site-packages/Cython/Includes/cpython) by extension 'cmake'
[6.089s] Level 1:colcon.colcon_core.package_identification:_identify(env/lib/python3.10/site-packages/Cython/Includes/cpython) by extension 'python'
[6.089s] Level 1:colcon.colcon_core.package_identification:_identify(env/lib/python3.10/site-packages/Cython/Includes/cpython) by extensions ['python_setup_py']
[6.089s] Level 1:colcon.colcon_core.package_identification:_identify(env/lib/python3.10/site-packages/Cython/Includes/cpython) by extension 'python_setup_py'
[6.090s] Level 1:colcon.colcon_core.package_identification:_identify(env/lib/python3.10/site-packages/Cython/Includes/libc) by extensions ['ignore', 'ignore_ament_install']
[6.091s] Level 1:colcon.colcon_core.package_identification:_identify(env/lib/python3.10/site-packages/Cython/Includes/libc) by extension 'ignore'
[6.092s] Level 1:colcon.colcon_core.package_identification:_identify(env/lib/python3.10/site-packages/Cython/Includes/libc) by extension 'ignore_ament_install'
[6.093s] Level 1:colcon.colcon_core.package_identification:_identify(env/lib/python3.10/site-packages/Cython/Includes/libc) by extensions ['colcon_pkg']
[6.093s] Level 1:colcon.colcon_core.package_identification:_identify(env/lib/python3.10/site-packages/Cython/Includes/libc) by extension 'colcon_pkg'
[6.093s] Level 1:colcon.colcon_core.package_identification:_identify(env/lib/python3.10/site-packages/Cython/Includes/libc) by extensions ['colcon_meta']
[6.093s] Level 1:colcon.colcon_core.package_identification:_identify(env/lib/python3.10/site-packages/Cython/Includes/libc) by extension 'colcon_meta'
[6.093s] Level 1:colcon.colcon_core.package_identification:_identify(env/lib/python3.10/site-packages/Cython/Includes/libc) by extensions ['ros']
[6.094s] Level 1:colcon.colcon_core.package_identification:_identify(env/lib/python3.10/site-packages/Cython/Includes/libc) by extension 'ros'
[6.094s] Level 1:colcon.colcon_core.package_identification:_identify(env/lib/python3.10/site-packages/Cython/Includes/libc) by extensions ['cmake', 'python']
[6.095s] Level 1:colcon.colcon_core.package_identification:_identify(env/lib/python3.10/site-packages/Cython/Includes/libc) by extension 'cmake'
[6.095s] Level 1:colcon.colcon_core.package_identification:_identify(env/lib/python3.10/site-packages/Cython/Includes/libc) by extension 'python'
[6.095s] Level 1:colcon.colcon_core.package_identification:_identify(env/lib/python3.10/site-packages/Cython/Includes/libc) by extensions ['python_setup_py']
[6.095s] Level 1:colcon.colcon_core.package_identification:_identify(env/lib/python3.10/site-packages/Cython/Includes/libc) by extension 'python_setup_py'
[6.096s] Level 1:colcon.colcon_core.package_identification:_identify(env/lib/python3.10/site-packages/Cython/Includes/libcpp) by extensions ['ignore', 'ignore_ament_install']
[6.097s] Level 1:colcon.colcon_core.package_identification:_identify(env/lib/python3.10/site-packages/Cython/Includes/libcpp) by extension 'ignore'
[6.097s] Level 1:colcon.colcon_core.package_identification:_identify(env/lib/python3.10/site-packages/Cython/Includes/libcpp) by extension 'ignore_ament_install'
[6.097s] Level 1:colcon.colcon_core.package_identification:_identify(env/lib/python3.10/site-packages/Cython/Includes/libcpp) by extensions ['colcon_pkg']
[6.098s] Level 1:colcon.colcon_core.package_identification:_identify(env/lib/python3.10/site-packages/Cython/Includes/libcpp) by extension 'colcon_pkg'
[6.098s] Level 1:colcon.colcon_core.package_identification:_identify(env/lib/python3.10/site-packages/Cython/Includes/libcpp) by extensions ['colcon_meta']
[6.098s] Level 1:colcon.colcon_core.package_identification:_identify(env/lib/python3.10/site-packages/Cython/Includes/libcpp) by extension 'colcon_meta'
[6.098s] Level 1:colcon.colcon_core.package_identification:_identify(env/lib/python3.10/site-packages/Cython/Includes/libcpp) by extensions ['ros']
[6.099s] Level 1:colcon.colcon_core.package_identification:_identify(env/lib/python3.10/site-packages/Cython/Includes/libcpp) by extension 'ros'
[6.099s] Level 1:colcon.colcon_core.package_identification:_identify(env/lib/python3.10/site-packages/Cython/Includes/libcpp) by extensions ['cmake', 'python']
[6.099s] Level 1:colcon.colcon_core.package_identification:_identify(env/lib/python3.10/site-packages/Cython/Includes/libcpp) by extension 'cmake'
[6.099s] Level 1:colcon.colcon_core.package_identification:_identify(env/lib/python3.10/site-packages/Cython/Includes/libcpp) by extension 'python'
[6.100s] Level 1:colcon.colcon_core.package_identification:_identify(env/lib/python3.10/site-packages/Cython/Includes/libcpp) by extensions ['python_setup_py']
[6.100s] Level 1:colcon.colcon_core.package_identification:_identify(env/lib/python3.10/site-packages/Cython/Includes/libcpp) by extension 'python_setup_py'
[6.101s] Level 1:colcon.colcon_core.package_identification:_identify(env/lib/python3.10/site-packages/Cython/Includes/numpy) by extensions ['ignore', 'ignore_ament_install']
[6.101s] Level 1:colcon.colcon_core.package_identification:_identify(env/lib/python3.10/site-packages/Cython/Includes/numpy) by extension 'ignore'
[6.102s] Level 1:colcon.colcon_core.package_identification:_identify(env/lib/python3.10/site-packages/Cython/Includes/numpy) by extension 'ignore_ament_install'
[6.102s] Level 1:colcon.colcon_core.package_identification:_identify(env/lib/python3.10/site-packages/Cython/Includes/numpy) by extensions ['colcon_pkg']
[6.102s] Level 1:colcon.colcon_core.package_identification:_identify(env/lib/python3.10/site-packages/Cython/Includes/numpy) by extension 'colcon_pkg'
[6.102s] Level 1:colcon.colcon_core.package_identification:_identify(env/lib/python3.10/site-packages/Cython/Includes/numpy) by extensions ['colcon_meta']
[6.103s] Level 1:colcon.colcon_core.package_identification:_identify(env/lib/python3.10/site-packages/Cython/Includes/numpy) by extension 'colcon_meta'
[6.103s] Level 1:colcon.colcon_core.package_identification:_identify(env/lib/python3.10/site-packages/Cython/Includes/numpy) by extensions ['ros']
[6.103s] Level 1:colcon.colcon_core.package_identification:_identify(env/lib/python3.10/site-packages/Cython/Includes/numpy) by extension 'ros'
[6.104s] Level 1:colcon.colcon_core.package_identification:_identify(env/lib/python3.10/site-packages/Cython/Includes/numpy) by extensions ['cmake', 'python']
[6.104s] Level 1:colcon.colcon_core.package_identification:_identify(env/lib/python3.10/site-packages/Cython/Includes/numpy) by extension 'cmake'
[6.104s] Level 1:colcon.colcon_core.package_identification:_identify(env/lib/python3.10/site-packages/Cython/Includes/numpy) by extension 'python'
[6.105s] Level 1:colcon.colcon_core.package_identification:_identify(env/lib/python3.10/site-packages/Cython/Includes/numpy) by extensions ['python_setup_py']
[6.105s] Level 1:colcon.colcon_core.package_identification:_identify(env/lib/python3.10/site-packages/Cython/Includes/numpy) by extension 'python_setup_py'
[6.105s] Level 1:colcon.colcon_core.package_identification:_identify(env/lib/python3.10/site-packages/Cython/Includes/posix) by extensions ['ignore', 'ignore_ament_install']
[6.106s] Level 1:colcon.colcon_core.package_identification:_identify(env/lib/python3.10/site-packages/Cython/Includes/posix) by extension 'ignore'
[6.107s] Level 1:colcon.colcon_core.package_identification:_identify(env/lib/python3.10/site-packages/Cython/Includes/posix) by extension 'ignore_ament_install'
[6.107s] Level 1:colcon.colcon_core.package_identification:_identify(env/lib/python3.10/site-packages/Cython/Includes/posix) by extensions ['colcon_pkg']
[6.107s] Level 1:colcon.colcon_core.package_identification:_identify(env/lib/python3.10/site-packages/Cython/Includes/posix) by extension 'colcon_pkg'
[6.108s] Level 1:colcon.colcon_core.package_identification:_identify(env/lib/python3.10/site-packages/Cython/Includes/posix) by extensions ['colcon_meta']
[6.108s] Level 1:colcon.colcon_core.package_identification:_identify(env/lib/python3.10/site-packages/Cython/Includes/posix) by extension 'colcon_meta'
[6.108s] Level 1:colcon.colcon_core.package_identification:_identify(env/lib/python3.10/site-packages/Cython/Includes/posix) by extensions ['ros']
[6.109s] Level 1:colcon.colcon_core.package_identification:_identify(env/lib/python3.10/site-packages/Cython/Includes/posix) by extension 'ros'
[6.109s] Level 1:colcon.colcon_core.package_identification:_identify(env/lib/python3.10/site-packages/Cython/Includes/posix) by extensions ['cmake', 'python']
[6.109s] Level 1:colcon.colcon_core.package_identification:_identify(env/lib/python3.10/site-packages/Cython/Includes/posix) by extension 'cmake'
[6.110s] Level 1:colcon.colcon_core.package_identification:_identify(env/lib/python3.10/site-packages/Cython/Includes/posix) by extension 'python'
[6.111s] Level 1:colcon.colcon_core.package_identification:_identify(env/lib/python3.10/site-packages/Cython/Includes/posix) by extensions ['python_setup_py']
[6.111s] Level 1:colcon.colcon_core.package_identification:_identify(env/lib/python3.10/site-packages/Cython/Includes/posix) by extension 'python_setup_py'
[6.112s] Level 1:colcon.colcon_core.package_identification:_identify(env/lib/python3.10/site-packages/Cython/Plex) by extensions ['ignore', 'ignore_ament_install']
[6.113s] Level 1:colcon.colcon_core.package_identification:_identify(env/lib/python3.10/site-packages/Cython/Plex) by extension 'ignore'
[6.113s] Level 1:colcon.colcon_core.package_identification:_identify(env/lib/python3.10/site-packages/Cython/Plex) by extension 'ignore_ament_install'
[6.113s] Level 1:colcon.colcon_core.package_identification:_identify(env/lib/python3.10/site-packages/Cython/Plex) by extensions ['colcon_pkg']
[6.113s] Level 1:colcon.colcon_core.package_identification:_identify(env/lib/python3.10/site-packages/Cython/Plex) by extension 'colcon_pkg'
[6.114s] Level 1:colcon.colcon_core.package_identification:_identify(env/lib/python3.10/site-packages/Cython/Plex) by extensions ['colcon_meta']
[6.114s] Level 1:colcon.colcon_core.package_identification:_identify(env/lib/python3.10/site-packages/Cython/Plex) by extension 'colcon_meta'
[6.114s] Level 1:colcon.colcon_core.package_identification:_identify(env/lib/python3.10/site-packages/Cython/Plex) by extensions ['ros']
[6.114s] Level 1:colcon.colcon_core.package_identification:_identify(env/lib/python3.10/site-packages/Cython/Plex) by extension 'ros'
[6.115s] Level 1:colcon.colcon_core.package_identification:_identify(env/lib/python3.10/site-packages/Cython/Plex) by extensions ['cmake', 'python']
[6.115s] Level 1:colcon.colcon_core.package_identification:_identify(env/lib/python3.10/site-packages/Cython/Plex) by extension 'cmake'
[6.115s] Level 1:colcon.colcon_core.package_identification:_identify(env/lib/python3.10/site-packages/Cython/Plex) by extension 'python'
[6.115s] Level 1:colcon.colcon_core.package_identification:_identify(env/lib/python3.10/site-packages/Cython/Plex) by extensions ['python_setup_py']
[6.116s] Level 1:colcon.colcon_core.package_identification:_identify(env/lib/python3.10/site-packages/Cython/Plex) by extension 'python_setup_py'
[6.116s] Level 1:colcon.colcon_core.package_identification:_identify(env/lib/python3.10/site-packages/Cython/Plex/__pycache__) by extensions ['ignore', 'ignore_ament_install']
[6.118s] Level 1:colcon.colcon_core.package_identification:_identify(env/lib/python3.10/site-packages/Cython/Plex/__pycache__) by extension 'ignore'
[6.118s] Level 1:colcon.colcon_core.package_identification:_identify(env/lib/python3.10/site-packages/Cython/Plex/__pycache__) by extension 'ignore_ament_install'
[6.119s] Level 1:colcon.colcon_core.package_identification:_identify(env/lib/python3.10/site-packages/Cython/Plex/__pycache__) by extensions ['colcon_pkg']
[6.120s] Level 1:colcon.colcon_core.package_identification:_identify(env/lib/python3.10/site-packages/Cython/Plex/__pycache__) by extension 'colcon_pkg'
[6.120s] Level 1:colcon.colcon_core.package_identification:_identify(env/lib/python3.10/site-packages/Cython/Plex/__pycache__) by extensions ['colcon_meta']
[6.120s] Level 1:colcon.colcon_core.package_identification:_identify(env/lib/python3.10/site-packages/Cython/Plex/__pycache__) by extension 'colcon_meta'
[6.120s] Level 1:colcon.colcon_core.package_identification:_identify(env/lib/python3.10/site-packages/Cython/Plex/__pycache__) by extensions ['ros']
[6.121s] Level 1:colcon.colcon_core.package_identification:_identify(env/lib/python3.10/site-packages/Cython/Plex/__pycache__) by extension 'ros'
[6.121s] Level 1:colcon.colcon_core.package_identification:_identify(env/lib/python3.10/site-packages/Cython/Plex/__pycache__) by extensions ['cmake', 'python']
[6.121s] Level 1:colcon.colcon_core.package_identification:_identify(env/lib/python3.10/site-packages/Cython/Plex/__pycache__) by extension 'cmake'
[6.122s] Level 1:colcon.colcon_core.package_identification:_identify(env/lib/python3.10/site-packages/Cython/Plex/__pycache__) by extension 'python'
[6.122s] Level 1:colcon.colcon_core.package_identification:_identify(env/lib/python3.10/site-packages/Cython/Plex/__pycache__) by extensions ['python_setup_py']
[6.122s] Level 1:colcon.colcon_core.package_identification:_identify(env/lib/python3.10/site-packages/Cython/Plex/__pycache__) by extension 'python_setup_py'
[6.123s] Level 1:colcon.colcon_core.package_identification:_identify(env/lib/python3.10/site-packages/Cython/Runtime) by extensions ['ignore', 'ignore_ament_install']
[6.123s] Level 1:colcon.colcon_core.package_identification:_identify(env/lib/python3.10/site-packages/Cython/Runtime) by extension 'ignore'
[6.124s] Level 1:colcon.colcon_core.package_identification:_identify(env/lib/python3.10/site-packages/Cython/Runtime) by extension 'ignore_ament_install'
[6.124s] Level 1:colcon.colcon_core.package_identification:_identify(env/lib/python3.10/site-packages/Cython/Runtime) by extensions ['colcon_pkg']
[6.124s] Level 1:colcon.colcon_core.package_identification:_identify(env/lib/python3.10/site-packages/Cython/Runtime) by extension 'colcon_pkg'
[6.125s] Level 1:colcon.colcon_core.package_identification:_identify(env/lib/python3.10/site-packages/Cython/Runtime) by extensions ['colcon_meta']
[6.125s] Level 1:colcon.colcon_core.package_identification:_identify(env/lib/python3.10/site-packages/Cython/Runtime) by extension 'colcon_meta'
[6.126s] Level 1:colcon.colcon_core.package_identification:_identify(env/lib/python3.10/site-packages/Cython/Runtime) by extensions ['ros']
[6.126s] Level 1:colcon.colcon_core.package_identification:_identify(env/lib/python3.10/site-packages/Cython/Runtime) by extension 'ros'
[6.127s] Level 1:colcon.colcon_core.package_identification:_identify(env/lib/python3.10/site-packages/Cython/Runtime) by extensions ['cmake', 'python']
[6.127s] Level 1:colcon.colcon_core.package_identification:_identify(env/lib/python3.10/site-packages/Cython/Runtime) by extension 'cmake'
[6.128s] Level 1:colcon.colcon_core.package_identification:_identify(env/lib/python3.10/site-packages/Cython/Runtime) by extension 'python'
[6.128s] Level 1:colcon.colcon_core.package_identification:_identify(env/lib/python3.10/site-packages/Cython/Runtime) by extensions ['python_setup_py']
[6.128s] Level 1:colcon.colcon_core.package_identification:_identify(env/lib/python3.10/site-packages/Cython/Runtime) by extension 'python_setup_py'
[6.129s] Level 1:colcon.colcon_core.package_identification:_identify(env/lib/python3.10/site-packages/Cython/Runtime/__pycache__) by extensions ['ignore', 'ignore_ament_install']
[6.133s] Level 1:colcon.colcon_core.package_identification:_identify(env/lib/python3.10/site-packages/Cython/Runtime/__pycache__) by extension 'ignore'
[6.133s] Level 1:colcon.colcon_core.package_identification:_identify(env/lib/python3.10/site-packages/Cython/Runtime/__pycache__) by extension 'ignore_ament_install'
[6.134s] Level 1:colcon.colcon_core.package_identification:_identify(env/lib/python3.10/site-packages/Cython/Runtime/__pycache__) by extensions ['colcon_pkg']
[6.134s] Level 1:colcon.colcon_core.package_identification:_identify(env/lib/python3.10/site-packages/Cython/Runtime/__pycache__) by extension 'colcon_pkg'
[6.134s] Level 1:colcon.colcon_core.package_identification:_identify(env/lib/python3.10/site-packages/Cython/Runtime/__pycache__) by extensions ['colcon_meta']
[6.134s] Level 1:colcon.colcon_core.package_identification:_identify(env/lib/python3.10/site-packages/Cython/Runtime/__pycache__) by extension 'colcon_meta'
[6.135s] Level 1:colcon.colcon_core.package_identification:_identify(env/lib/python3.10/site-packages/Cython/Runtime/__pycache__) by extensions ['ros']
[6.135s] Level 1:colcon.colcon_core.package_identification:_identify(env/lib/python3.10/site-packages/Cython/Runtime/__pycache__) by extension 'ros'
[6.136s] Level 1:colcon.colcon_core.package_identification:_identify(env/lib/python3.10/site-packages/Cython/Runtime/__pycache__) by extensions ['cmake', 'python']
[6.136s] Level 1:colcon.colcon_core.package_identification:_identify(env/lib/python3.10/site-packages/Cython/Runtime/__pycache__) by extension 'cmake'
[6.136s] Level 1:colcon.colcon_core.package_identification:_identify(env/lib/python3.10/site-packages/Cython/Runtime/__pycache__) by extension 'python'
[6.136s] Level 1:colcon.colcon_core.package_identification:_identify(env/lib/python3.10/site-packages/Cython/Runtime/__pycache__) by extensions ['python_setup_py']
[6.136s] Level 1:colcon.colcon_core.package_identification:_identify(env/lib/python3.10/site-packages/Cython/Runtime/__pycache__) by extension 'python_setup_py'
[6.137s] Level 1:colcon.colcon_core.package_identification:_identify(env/lib/python3.10/site-packages/Cython/Tempita) by extensions ['ignore', 'ignore_ament_install']
[6.138s] Level 1:colcon.colcon_core.package_identification:_identify(env/lib/python3.10/site-packages/Cython/Tempita) by extension 'ignore'
[6.138s] Level 1:colcon.colcon_core.package_identification:_identify(env/lib/python3.10/site-packages/Cython/Tempita) by extension 'ignore_ament_install'
[6.138s] Level 1:colcon.colcon_core.package_identification:_identify(env/lib/python3.10/site-packages/Cython/Tempita) by extensions ['colcon_pkg']
[6.139s] Level 1:colcon.colcon_core.package_identification:_identify(env/lib/python3.10/site-packages/Cython/Tempita) by extension 'colcon_pkg'
[6.139s] Level 1:colcon.colcon_core.package_identification:_identify(env/lib/python3.10/site-packages/Cython/Tempita) by extensions ['colcon_meta']
[6.139s] Level 1:colcon.colcon_core.package_identification:_identify(env/lib/python3.10/site-packages/Cython/Tempita) by extension 'colcon_meta'
[6.140s] Level 1:colcon.colcon_core.package_identification:_identify(env/lib/python3.10/site-packages/Cython/Tempita) by extensions ['ros']
[6.140s] Level 1:colcon.colcon_core.package_identification:_identify(env/lib/python3.10/site-packages/Cython/Tempita) by extension 'ros'
[6.141s] Level 1:colcon.colcon_core.package_identification:_identify(env/lib/python3.10/site-packages/Cython/Tempita) by extensions ['cmake', 'python']
[6.141s] Level 1:colcon.colcon_core.package_identification:_identify(env/lib/python3.10/site-packages/Cython/Tempita) by extension 'cmake'
[6.142s] Level 1:colcon.colcon_core.package_identification:_identify(env/lib/python3.10/site-packages/Cython/Tempita) by extension 'python'
[6.142s] Level 1:colcon.colcon_core.package_identification:_identify(env/lib/python3.10/site-packages/Cython/Tempita) by extensions ['python_setup_py']
[6.143s] Level 1:colcon.colcon_core.package_identification:_identify(env/lib/python3.10/site-packages/Cython/Tempita) by extension 'python_setup_py'
[6.143s] Level 1:colcon.colcon_core.package_identification:_identify(env/lib/python3.10/site-packages/Cython/Tempita/__pycache__) by extensions ['ignore', 'ignore_ament_install']
[6.144s] Level 1:colcon.colcon_core.package_identification:_identify(env/lib/python3.10/site-packages/Cython/Tempita/__pycache__) by extension 'ignore'
[6.144s] Level 1:colcon.colcon_core.package_identification:_identify(env/lib/python3.10/site-packages/Cython/Tempita/__pycache__) by extension 'ignore_ament_install'
[6.145s] Level 1:colcon.colcon_core.package_identification:_identify(env/lib/python3.10/site-packages/Cython/Tempita/__pycache__) by extensions ['colcon_pkg']
[6.145s] Level 1:colcon.colcon_core.package_identification:_identify(env/lib/python3.10/site-packages/Cython/Tempita/__pycache__) by extension 'colcon_pkg'
[6.145s] Level 1:colcon.colcon_core.package_identification:_identify(env/lib/python3.10/site-packages/Cython/Tempita/__pycache__) by extensions ['colcon_meta']
[6.146s] Level 1:colcon.colcon_core.package_identification:_identify(env/lib/python3.10/site-packages/Cython/Tempita/__pycache__) by extension 'colcon_meta'
[6.146s] Level 1:colcon.colcon_core.package_identification:_identify(env/lib/python3.10/site-packages/Cython/Tempita/__pycache__) by extensions ['ros']
[6.146s] Level 1:colcon.colcon_core.package_identification:_identify(env/lib/python3.10/site-packages/Cython/Tempita/__pycache__) by extension 'ros'
[6.147s] Level 1:colcon.colcon_core.package_identification:_identify(env/lib/python3.10/site-packages/Cython/Tempita/__pycache__) by extensions ['cmake', 'python']
[6.147s] Level 1:colcon.colcon_core.package_identification:_identify(env/lib/python3.10/site-packages/Cython/Tempita/__pycache__) by extension 'cmake'
[6.148s] Level 1:colcon.colcon_core.package_identification:_identify(env/lib/python3.10/site-packages/Cython/Tempita/__pycache__) by extension 'python'
[6.148s] Level 1:colcon.colcon_core.package_identification:_identify(env/lib/python3.10/site-packages/Cython/Tempita/__pycache__) by extensions ['python_setup_py']
[6.149s] Level 1:colcon.colcon_core.package_identification:_identify(env/lib/python3.10/site-packages/Cython/Tempita/__pycache__) by extension 'python_setup_py'
[6.150s] Level 1:colcon.colcon_core.package_identification:_identify(env/lib/python3.10/site-packages/Cython/Tests) by extensions ['ignore', 'ignore_ament_install']
[6.151s] Level 1:colcon.colcon_core.package_identification:_identify(env/lib/python3.10/site-packages/Cython/Tests) by extension 'ignore'
[6.151s] Level 1:colcon.colcon_core.package_identification:_identify(env/lib/python3.10/site-packages/Cython/Tests) by extension 'ignore_ament_install'
[6.152s] Level 1:colcon.colcon_core.package_identification:_identify(env/lib/python3.10/site-packages/Cython/Tests) by extensions ['colcon_pkg']
[6.152s] Level 1:colcon.colcon_core.package_identification:_identify(env/lib/python3.10/site-packages/Cython/Tests) by extension 'colcon_pkg'
[6.152s] Level 1:colcon.colcon_core.package_identification:_identify(env/lib/python3.10/site-packages/Cython/Tests) by extensions ['colcon_meta']
[6.152s] Level 1:colcon.colcon_core.package_identification:_identify(env/lib/python3.10/site-packages/Cython/Tests) by extension 'colcon_meta'
[6.153s] Level 1:colcon.colcon_core.package_identification:_identify(env/lib/python3.10/site-packages/Cython/Tests) by extensions ['ros']
[6.153s] Level 1:colcon.colcon_core.package_identification:_identify(env/lib/python3.10/site-packages/Cython/Tests) by extension 'ros'
[6.154s] Level 1:colcon.colcon_core.package_identification:_identify(env/lib/python3.10/site-packages/Cython/Tests) by extensions ['cmake', 'python']
[6.154s] Level 1:colcon.colcon_core.package_identification:_identify(env/lib/python3.10/site-packages/Cython/Tests) by extension 'cmake'
[6.154s] Level 1:colcon.colcon_core.package_identification:_identify(env/lib/python3.10/site-packages/Cython/Tests) by extension 'python'
[6.154s] Level 1:colcon.colcon_core.package_identification:_identify(env/lib/python3.10/site-packages/Cython/Tests) by extensions ['python_setup_py']
[6.154s] Level 1:colcon.colcon_core.package_identification:_identify(env/lib/python3.10/site-packages/Cython/Tests) by extension 'python_setup_py'
[6.155s] Level 1:colcon.colcon_core.package_identification:_identify(env/lib/python3.10/site-packages/Cython/Tests/__pycache__) by extensions ['ignore', 'ignore_ament_install']
[6.156s] Level 1:colcon.colcon_core.package_identification:_identify(env/lib/python3.10/site-packages/Cython/Tests/__pycache__) by extension 'ignore'
[6.156s] Level 1:colcon.colcon_core.package_identification:_identify(env/lib/python3.10/site-packages/Cython/Tests/__pycache__) by extension 'ignore_ament_install'
[6.157s] Level 1:colcon.colcon_core.package_identification:_identify(env/lib/python3.10/site-packages/Cython/Tests/__pycache__) by extensions ['colcon_pkg']
[6.157s] Level 1:colcon.colcon_core.package_identification:_identify(env/lib/python3.10/site-packages/Cython/Tests/__pycache__) by extension 'colcon_pkg'
[6.158s] Level 1:colcon.colcon_core.package_identification:_identify(env/lib/python3.10/site-packages/Cython/Tests/__pycache__) by extensions ['colcon_meta']
[6.158s] Level 1:colcon.colcon_core.package_identification:_identify(env/lib/python3.10/site-packages/Cython/Tests/__pycache__) by extension 'colcon_meta'
[6.158s] Level 1:colcon.colcon_core.package_identification:_identify(env/lib/python3.10/site-packages/Cython/Tests/__pycache__) by extensions ['ros']
[6.159s] Level 1:colcon.colcon_core.package_identification:_identify(env/lib/python3.10/site-packages/Cython/Tests/__pycache__) by extension 'ros'
[6.159s] Level 1:colcon.colcon_core.package_identification:_identify(env/lib/python3.10/site-packages/Cython/Tests/__pycache__) by extensions ['cmake', 'python']
[6.160s] Level 1:colcon.colcon_core.package_identification:_identify(env/lib/python3.10/site-packages/Cython/Tests/__pycache__) by extension 'cmake'
[6.160s] Level 1:colcon.colcon_core.package_identification:_identify(env/lib/python3.10/site-packages/Cython/Tests/__pycache__) by extension 'python'
[6.160s] Level 1:colcon.colcon_core.package_identification:_identify(env/lib/python3.10/site-packages/Cython/Tests/__pycache__) by extensions ['python_setup_py']
[6.161s] Level 1:colcon.colcon_core.package_identification:_identify(env/lib/python3.10/site-packages/Cython/Tests/__pycache__) by extension 'python_setup_py'
[6.162s] Level 1:colcon.colcon_core.package_identification:_identify(env/lib/python3.10/site-packages/Cython/Utility) by extensions ['ignore', 'ignore_ament_install']
[6.163s] Level 1:colcon.colcon_core.package_identification:_identify(env/lib/python3.10/site-packages/Cython/Utility) by extension 'ignore'
[6.163s] Level 1:colcon.colcon_core.package_identification:_identify(env/lib/python3.10/site-packages/Cython/Utility) by extension 'ignore_ament_install'
[6.164s] Level 1:colcon.colcon_core.package_identification:_identify(env/lib/python3.10/site-packages/Cython/Utility) by extensions ['colcon_pkg']
[6.164s] Level 1:colcon.colcon_core.package_identification:_identify(env/lib/python3.10/site-packages/Cython/Utility) by extension 'colcon_pkg'
[6.164s] Level 1:colcon.colcon_core.package_identification:_identify(env/lib/python3.10/site-packages/Cython/Utility) by extensions ['colcon_meta']
[6.165s] Level 1:colcon.colcon_core.package_identification:_identify(env/lib/python3.10/site-packages/Cython/Utility) by extension 'colcon_meta'
[6.165s] Level 1:colcon.colcon_core.package_identification:_identify(env/lib/python3.10/site-packages/Cython/Utility) by extensions ['ros']
[6.166s] Level 1:colcon.colcon_core.package_identification:_identify(env/lib/python3.10/site-packages/Cython/Utility) by extension 'ros'
[6.167s] Level 1:colcon.colcon_core.package_identification:_identify(env/lib/python3.10/site-packages/Cython/Utility) by extensions ['cmake', 'python']
[6.167s] Level 1:colcon.colcon_core.package_identification:_identify(env/lib/python3.10/site-packages/Cython/Utility) by extension 'cmake'
[6.167s] Level 1:colcon.colcon_core.package_identification:_identify(env/lib/python3.10/site-packages/Cython/Utility) by extension 'python'
[6.168s] Level 1:colcon.colcon_core.package_identification:_identify(env/lib/python3.10/site-packages/Cython/Utility) by extensions ['python_setup_py']
[6.168s] Level 1:colcon.colcon_core.package_identification:_identify(env/lib/python3.10/site-packages/Cython/Utility) by extension 'python_setup_py'
[6.168s] Level 1:colcon.colcon_core.package_identification:_identify(env/lib/python3.10/site-packages/Cython/Utility/__pycache__) by extensions ['ignore', 'ignore_ament_install']
[6.169s] Level 1:colcon.colcon_core.package_identification:_identify(env/lib/python3.10/site-packages/Cython/Utility/__pycache__) by extension 'ignore'
[6.170s] Level 1:colcon.colcon_core.package_identification:_identify(env/lib/python3.10/site-packages/Cython/Utility/__pycache__) by extension 'ignore_ament_install'
[6.170s] Level 1:colcon.colcon_core.package_identification:_identify(env/lib/python3.10/site-packages/Cython/Utility/__pycache__) by extensions ['colcon_pkg']
[6.170s] Level 1:colcon.colcon_core.package_identification:_identify(env/lib/python3.10/site-packages/Cython/Utility/__pycache__) by extension 'colcon_pkg'
[6.171s] Level 1:colcon.colcon_core.package_identification:_identify(env/lib/python3.10/site-packages/Cython/Utility/__pycache__) by extensions ['colcon_meta']
[6.171s] Level 1:colcon.colcon_core.package_identification:_identify(env/lib/python3.10/site-packages/Cython/Utility/__pycache__) by extension 'colcon_meta'
[6.171s] Level 1:colcon.colcon_core.package_identification:_identify(env/lib/python3.10/site-packages/Cython/Utility/__pycache__) by extensions ['ros']
[6.172s] Level 1:colcon.colcon_core.package_identification:_identify(env/lib/python3.10/site-packages/Cython/Utility/__pycache__) by extension 'ros'
[6.177s] Level 1:colcon.colcon_core.package_identification:_identify(env/lib/python3.10/site-packages/Cython/Utility/__pycache__) by extensions ['cmake', 'python']
[6.177s] Level 1:colcon.colcon_core.package_identification:_identify(env/lib/python3.10/site-packages/Cython/Utility/__pycache__) by extension 'cmake'
[6.177s] Level 1:colcon.colcon_core.package_identification:_identify(env/lib/python3.10/site-packages/Cython/Utility/__pycache__) by extension 'python'
[6.178s] Level 1:colcon.colcon_core.package_identification:_identify(env/lib/python3.10/site-packages/Cython/Utility/__pycache__) by extensions ['python_setup_py']
[6.178s] Level 1:colcon.colcon_core.package_identification:_identify(env/lib/python3.10/site-packages/Cython/Utility/__pycache__) by extension 'python_setup_py'
[6.179s] Level 1:colcon.colcon_core.package_identification:_identify(env/lib/python3.10/site-packages/Cython/__pycache__) by extensions ['ignore', 'ignore_ament_install']
[6.179s] Level 1:colcon.colcon_core.package_identification:_identify(env/lib/python3.10/site-packages/Cython/__pycache__) by extension 'ignore'
[6.180s] Level 1:colcon.colcon_core.package_identification:_identify(env/lib/python3.10/site-packages/Cython/__pycache__) by extension 'ignore_ament_install'
[6.180s] Level 1:colcon.colcon_core.package_identification:_identify(env/lib/python3.10/site-packages/Cython/__pycache__) by extensions ['colcon_pkg']
[6.180s] Level 1:colcon.colcon_core.package_identification:_identify(env/lib/python3.10/site-packages/Cython/__pycache__) by extension 'colcon_pkg'
[6.185s] Level 1:colcon.colcon_core.package_identification:_identify(env/lib/python3.10/site-packages/Cython/__pycache__) by extensions ['colcon_meta']
[6.186s] Level 1:colcon.colcon_core.package_identification:_identify(env/lib/python3.10/site-packages/Cython/__pycache__) by extension 'colcon_meta'
[6.186s] Level 1:colcon.colcon_core.package_identification:_identify(env/lib/python3.10/site-packages/Cython/__pycache__) by extensions ['ros']
[6.187s] Level 1:colcon.colcon_core.package_identification:_identify(env/lib/python3.10/site-packages/Cython/__pycache__) by extension 'ros'
[6.187s] Level 1:colcon.colcon_core.package_identification:_identify(env/lib/python3.10/site-packages/Cython/__pycache__) by extensions ['cmake', 'python']
[6.187s] Level 1:colcon.colcon_core.package_identification:_identify(env/lib/python3.10/site-packages/Cython/__pycache__) by extension 'cmake'
[6.188s] Level 1:colcon.colcon_core.package_identification:_identify(env/lib/python3.10/site-packages/Cython/__pycache__) by extension 'python'
[6.188s] Level 1:colcon.colcon_core.package_identification:_identify(env/lib/python3.10/site-packages/Cython/__pycache__) by extensions ['python_setup_py']
[6.188s] Level 1:colcon.colcon_core.package_identification:_identify(env/lib/python3.10/site-packages/Cython/__pycache__) by extension 'python_setup_py'
[6.193s] Level 1:colcon.colcon_core.package_identification:_identify(env/lib/python3.10/site-packages/Cython-3.0.11.dist-info) by extensions ['ignore', 'ignore_ament_install']
[6.193s] Level 1:colcon.colcon_core.package_identification:_identify(env/lib/python3.10/site-packages/Cython-3.0.11.dist-info) by extension 'ignore'
[6.194s] Level 1:colcon.colcon_core.package_identification:_identify(env/lib/python3.10/site-packages/Cython-3.0.11.dist-info) by extension 'ignore_ament_install'
[6.194s] Level 1:colcon.colcon_core.package_identification:_identify(env/lib/python3.10/site-packages/Cython-3.0.11.dist-info) by extensions ['colcon_pkg']
[6.194s] Level 1:colcon.colcon_core.package_identification:_identify(env/lib/python3.10/site-packages/Cython-3.0.11.dist-info) by extension 'colcon_pkg'
[6.194s] Level 1:colcon.colcon_core.package_identification:_identify(env/lib/python3.10/site-packages/Cython-3.0.11.dist-info) by extensions ['colcon_meta']
[6.194s] Level 1:colcon.colcon_core.package_identification:_identify(env/lib/python3.10/site-packages/Cython-3.0.11.dist-info) by extension 'colcon_meta'
[6.201s] Level 1:colcon.colcon_core.package_identification:_identify(env/lib/python3.10/site-packages/Cython-3.0.11.dist-info) by extensions ['ros']
[6.201s] Level 1:colcon.colcon_core.package_identification:_identify(env/lib/python3.10/site-packages/Cython-3.0.11.dist-info) by extension 'ros'
[6.202s] Level 1:colcon.colcon_core.package_identification:_identify(env/lib/python3.10/site-packages/Cython-3.0.11.dist-info) by extensions ['cmake', 'python']
[6.202s] Level 1:colcon.colcon_core.package_identification:_identify(env/lib/python3.10/site-packages/Cython-3.0.11.dist-info) by extension 'cmake'
[6.202s] Level 1:colcon.colcon_core.package_identification:_identify(env/lib/python3.10/site-packages/Cython-3.0.11.dist-info) by extension 'python'
[6.203s] Level 1:colcon.colcon_core.package_identification:_identify(env/lib/python3.10/site-packages/Cython-3.0.11.dist-info) by extensions ['python_setup_py']
[6.203s] Level 1:colcon.colcon_core.package_identification:_identify(env/lib/python3.10/site-packages/Cython-3.0.11.dist-info) by extension 'python_setup_py'
[6.203s] Level 1:colcon.colcon_core.package_identification:_identify(env/lib/python3.10/site-packages/GemGIS-1.1.8.dist-info) by extensions ['ignore', 'ignore_ament_install']
[6.204s] Level 1:colcon.colcon_core.package_identification:_identify(env/lib/python3.10/site-packages/GemGIS-1.1.8.dist-info) by extension 'ignore'
[6.206s] Level 1:colcon.colcon_core.package_identification:_identify(env/lib/python3.10/site-packages/GemGIS-1.1.8.dist-info) by extension 'ignore_ament_install'
[6.207s] Level 1:colcon.colcon_core.package_identification:_identify(env/lib/python3.10/site-packages/GemGIS-1.1.8.dist-info) by extensions ['colcon_pkg']
[6.207s] Level 1:colcon.colcon_core.package_identification:_identify(env/lib/python3.10/site-packages/GemGIS-1.1.8.dist-info) by extension 'colcon_pkg'
[6.207s] Level 1:colcon.colcon_core.package_identification:_identify(env/lib/python3.10/site-packages/GemGIS-1.1.8.dist-info) by extensions ['colcon_meta']
[6.207s] Level 1:colcon.colcon_core.package_identification:_identify(env/lib/python3.10/site-packages/GemGIS-1.1.8.dist-info) by extension 'colcon_meta'
[6.212s] Level 1:colcon.colcon_core.package_identification:_identify(env/lib/python3.10/site-packages/GemGIS-1.1.8.dist-info) by extensions ['ros']
[6.212s] Level 1:colcon.colcon_core.package_identification:_identify(env/lib/python3.10/site-packages/GemGIS-1.1.8.dist-info) by extension 'ros'
[6.213s] Level 1:colcon.colcon_core.package_identification:_identify(env/lib/python3.10/site-packages/GemGIS-1.1.8.dist-info) by extensions ['cmake', 'python']
[6.213s] Level 1:colcon.colcon_core.package_identification:_identify(env/lib/python3.10/site-packages/GemGIS-1.1.8.dist-info) by extension 'cmake'
[6.213s] Level 1:colcon.colcon_core.package_identification:_identify(env/lib/python3.10/site-packages/GemGIS-1.1.8.dist-info) by extension 'python'
[6.218s] Level 1:colcon.colcon_core.package_identification:_identify(env/lib/python3.10/site-packages/GemGIS-1.1.8.dist-info) by extensions ['python_setup_py']
[6.218s] Level 1:colcon.colcon_core.package_identification:_identify(env/lib/python3.10/site-packages/GemGIS-1.1.8.dist-info) by extension 'python_setup_py'
[6.219s] Level 1:colcon.colcon_core.package_identification:_identify(env/lib/python3.10/site-packages/OpenGL) by extensions ['ignore', 'ignore_ament_install']
[6.219s] Level 1:colcon.colcon_core.package_identification:_identify(env/lib/python3.10/site-packages/OpenGL) by extension 'ignore'
[6.219s] Level 1:colcon.colcon_core.package_identification:_identify(env/lib/python3.10/site-packages/OpenGL) by extension 'ignore_ament_install'
[6.220s] Level 1:colcon.colcon_core.package_identification:_identify(env/lib/python3.10/site-packages/OpenGL) by extensions ['colcon_pkg']
[6.220s] Level 1:colcon.colcon_core.package_identification:_identify(env/lib/python3.10/site-packages/OpenGL) by extension 'colcon_pkg'
[6.220s] Level 1:colcon.colcon_core.package_identification:_identify(env/lib/python3.10/site-packages/OpenGL) by extensions ['colcon_meta']
[6.220s] Level 1:colcon.colcon_core.package_identification:_identify(env/lib/python3.10/site-packages/OpenGL) by extension 'colcon_meta'
[6.229s] Level 1:colcon.colcon_core.package_identification:_identify(env/lib/python3.10/site-packages/OpenGL) by extensions ['ros']
[6.229s] Level 1:colcon.colcon_core.package_identification:_identify(env/lib/python3.10/site-packages/OpenGL) by extension 'ros'
[6.230s] Level 1:colcon.colcon_core.package_identification:_identify(env/lib/python3.10/site-packages/OpenGL) by extensions ['cmake', 'python']
[6.230s] Level 1:colcon.colcon_core.package_identification:_identify(env/lib/python3.10/site-packages/OpenGL) by extension 'cmake'
[6.230s] Level 1:colcon.colcon_core.package_identification:_identify(env/lib/python3.10/site-packages/OpenGL) by extension 'python'
[6.231s] Level 1:colcon.colcon_core.package_identification:_identify(env/lib/python3.10/site-packages/OpenGL) by extensions ['python_setup_py']
[6.231s] Level 1:colcon.colcon_core.package_identification:_identify(env/lib/python3.10/site-packages/OpenGL) by extension 'python_setup_py'
[6.231s] Level 1:colcon.colcon_core.package_identification:_identify(env/lib/python3.10/site-packages/OpenGL/AGL) by extensions ['ignore', 'ignore_ament_install']
[6.232s] Level 1:colcon.colcon_core.package_identification:_identify(env/lib/python3.10/site-packages/OpenGL/AGL) by extension 'ignore'
[6.232s] Level 1:colcon.colcon_core.package_identification:_identify(env/lib/python3.10/site-packages/OpenGL/AGL) by extension 'ignore_ament_install'
[6.232s] Level 1:colcon.colcon_core.package_identification:_identify(env/lib/python3.10/site-packages/OpenGL/AGL) by extensions ['colcon_pkg']
[6.235s] Level 1:colcon.colcon_core.package_identification:_identify(env/lib/python3.10/site-packages/OpenGL/AGL) by extension 'colcon_pkg'
[6.235s] Level 1:colcon.colcon_core.package_identification:_identify(env/lib/python3.10/site-packages/OpenGL/AGL) by extensions ['colcon_meta']
[6.236s] Level 1:colcon.colcon_core.package_identification:_identify(env/lib/python3.10/site-packages/OpenGL/AGL) by extension 'colcon_meta'
[6.236s] Level 1:colcon.colcon_core.package_identification:_identify(env/lib/python3.10/site-packages/OpenGL/AGL) by extensions ['ros']
[6.236s] Level 1:colcon.colcon_core.package_identification:_identify(env/lib/python3.10/site-packages/OpenGL/AGL) by extension 'ros'
[6.242s] Level 1:colcon.colcon_core.package_identification:_identify(env/lib/python3.10/site-packages/OpenGL/AGL) by extensions ['cmake', 'python']
[6.243s] Level 1:colcon.colcon_core.package_identification:_identify(env/lib/python3.10/site-packages/OpenGL/AGL) by extension 'cmake'
[6.243s] Level 1:colcon.colcon_core.package_identification:_identify(env/lib/python3.10/site-packages/OpenGL/AGL) by extension 'python'
[6.243s] Level 1:colcon.colcon_core.package_identification:_identify(env/lib/python3.10/site-packages/OpenGL/AGL) by extensions ['python_setup_py']
[6.243s] Level 1:colcon.colcon_core.package_identification:_identify(env/lib/python3.10/site-packages/OpenGL/AGL) by extension 'python_setup_py'
[6.248s] Level 1:colcon.colcon_core.package_identification:_identify(env/lib/python3.10/site-packages/OpenGL/AGL/__pycache__) by extensions ['ignore', 'ignore_ament_install']
[6.252s] Level 1:colcon.colcon_core.package_identification:_identify(env/lib/python3.10/site-packages/OpenGL/AGL/__pycache__) by extension 'ignore'
[6.252s] Level 1:colcon.colcon_core.package_identification:_identify(env/lib/python3.10/site-packages/OpenGL/AGL/__pycache__) by extension 'ignore_ament_install'
[6.252s] Level 1:colcon.colcon_core.package_identification:_identify(env/lib/python3.10/site-packages/OpenGL/AGL/__pycache__) by extensions ['colcon_pkg']
[6.253s] Level 1:colcon.colcon_core.package_identification:_identify(env/lib/python3.10/site-packages/OpenGL/AGL/__pycache__) by extension 'colcon_pkg'
[6.253s] Level 1:colcon.colcon_core.package_identification:_identify(env/lib/python3.10/site-packages/OpenGL/AGL/__pycache__) by extensions ['colcon_meta']
[6.253s] Level 1:colcon.colcon_core.package_identification:_identify(env/lib/python3.10/site-packages/OpenGL/AGL/__pycache__) by extension 'colcon_meta'
[6.253s] Level 1:colcon.colcon_core.package_identification:_identify(env/lib/python3.10/site-packages/OpenGL/AGL/__pycache__) by extensions ['ros']
[6.253s] Level 1:colcon.colcon_core.package_identification:_identify(env/lib/python3.10/site-packages/OpenGL/AGL/__pycache__) by extension 'ros'
[6.254s] Level 1:colcon.colcon_core.package_identification:_identify(env/lib/python3.10/site-packages/OpenGL/AGL/__pycache__) by extensions ['cmake', 'python']
[6.254s] Level 1:colcon.colcon_core.package_identification:_identify(env/lib/python3.10/site-packages/OpenGL/AGL/__pycache__) by extension 'cmake'
[6.254s] Level 1:colcon.colcon_core.package_identification:_identify(env/lib/python3.10/site-packages/OpenGL/AGL/__pycache__) by extension 'python'
[6.255s] Level 1:colcon.colcon_core.package_identification:_identify(env/lib/python3.10/site-packages/OpenGL/AGL/__pycache__) by extensions ['python_setup_py']
[6.255s] Level 1:colcon.colcon_core.package_identification:_identify(env/lib/python3.10/site-packages/OpenGL/AGL/__pycache__) by extension 'python_setup_py'
[6.255s] Level 1:colcon.colcon_core.package_identification:_identify(env/lib/python3.10/site-packages/OpenGL/EGL) by extensions ['ignore', 'ignore_ament_install']
[6.260s] Level 1:colcon.colcon_core.package_identification:_identify(env/lib/python3.10/site-packages/OpenGL/EGL) by extension 'ignore'
[6.260s] Level 1:colcon.colcon_core.package_identification:_identify(env/lib/python3.10/site-packages/OpenGL/EGL) by extension 'ignore_ament_install'
[6.261s] Level 1:colcon.colcon_core.package_identification:_identify(env/lib/python3.10/site-packages/OpenGL/EGL) by extensions ['colcon_pkg']
[6.261s] Level 1:colcon.colcon_core.package_identification:_identify(env/lib/python3.10/site-packages/OpenGL/EGL) by extension 'colcon_pkg'
[6.261s] Level 1:colcon.colcon_core.package_identification:_identify(env/lib/python3.10/site-packages/OpenGL/EGL) by extensions ['colcon_meta']
[6.261s] Level 1:colcon.colcon_core.package_identification:_identify(env/lib/python3.10/site-packages/OpenGL/EGL) by extension 'colcon_meta'
[6.262s] Level 1:colcon.colcon_core.package_identification:_identify(env/lib/python3.10/site-packages/OpenGL/EGL) by extensions ['ros']
[6.262s] Level 1:colcon.colcon_core.package_identification:_identify(env/lib/python3.10/site-packages/OpenGL/EGL) by extension 'ros'
[6.262s] Level 1:colcon.colcon_core.package_identification:_identify(env/lib/python3.10/site-packages/OpenGL/EGL) by extensions ['cmake', 'python']
[6.263s] Level 1:colcon.colcon_core.package_identification:_identify(env/lib/python3.10/site-packages/OpenGL/EGL) by extension 'cmake'
[6.263s] Level 1:colcon.colcon_core.package_identification:_identify(env/lib/python3.10/site-packages/OpenGL/EGL) by extension 'python'
[6.263s] Level 1:colcon.colcon_core.package_identification:_identify(env/lib/python3.10/site-packages/OpenGL/EGL) by extensions ['python_setup_py']
[6.263s] Level 1:colcon.colcon_core.package_identification:_identify(env/lib/python3.10/site-packages/OpenGL/EGL) by extension 'python_setup_py'
[6.264s] Level 1:colcon.colcon_core.package_identification:_identify(env/lib/python3.10/site-packages/OpenGL/EGL/ANDROID) by extensions ['ignore', 'ignore_ament_install']
[6.264s] Level 1:colcon.colcon_core.package_identification:_identify(env/lib/python3.10/site-packages/OpenGL/EGL/ANDROID) by extension 'ignore'
[6.265s] Level 1:colcon.colcon_core.package_identification:_identify(env/lib/python3.10/site-packages/OpenGL/EGL/ANDROID) by extension 'ignore_ament_install'
[6.265s] Level 1:colcon.colcon_core.package_identification:_identify(env/lib/python3.10/site-packages/OpenGL/EGL/ANDROID) by extensions ['colcon_pkg']
[6.265s] Level 1:colcon.colcon_core.package_identification:_identify(env/lib/python3.10/site-packages/OpenGL/EGL/ANDROID) by extension 'colcon_pkg'
[6.265s] Level 1:colcon.colcon_core.package_identification:_identify(env/lib/python3.10/site-packages/OpenGL/EGL/ANDROID) by extensions ['colcon_meta']
[6.265s] Level 1:colcon.colcon_core.package_identification:_identify(env/lib/python3.10/site-packages/OpenGL/EGL/ANDROID) by extension 'colcon_meta'
[6.266s] Level 1:colcon.colcon_core.package_identification:_identify(env/lib/python3.10/site-packages/OpenGL/EGL/ANDROID) by extensions ['ros']
[6.266s] Level 1:colcon.colcon_core.package_identification:_identify(env/lib/python3.10/site-packages/OpenGL/EGL/ANDROID) by extension 'ros'
[6.266s] Level 1:colcon.colcon_core.package_identification:_identify(env/lib/python3.10/site-packages/OpenGL/EGL/ANDROID) by extensions ['cmake', 'python']
[6.266s] Level 1:colcon.colcon_core.package_identification:_identify(env/lib/python3.10/site-packages/OpenGL/EGL/ANDROID) by extension 'cmake'
[6.267s] Level 1:colcon.colcon_core.package_identification:_identify(env/lib/python3.10/site-packages/OpenGL/EGL/ANDROID) by extension 'python'
[6.267s] Level 1:colcon.colcon_core.package_identification:_identify(env/lib/python3.10/site-packages/OpenGL/EGL/ANDROID) by extensions ['python_setup_py']
[6.267s] Level 1:colcon.colcon_core.package_identification:_identify(env/lib/python3.10/site-packages/OpenGL/EGL/ANDROID) by extension 'python_setup_py'
[6.267s] Level 1:colcon.colcon_core.package_identification:_identify(env/lib/python3.10/site-packages/OpenGL/EGL/ANDROID/__pycache__) by extensions ['ignore', 'ignore_ament_install']
[6.269s] Level 1:colcon.colcon_core.package_identification:_identify(env/lib/python3.10/site-packages/OpenGL/EGL/ANDROID/__pycache__) by extension 'ignore'
[6.269s] Level 1:colcon.colcon_core.package_identification:_identify(env/lib/python3.10/site-packages/OpenGL/EGL/ANDROID/__pycache__) by extension 'ignore_ament_install'
[6.269s] Level 1:colcon.colcon_core.package_identification:_identify(env/lib/python3.10/site-packages/OpenGL/EGL/ANDROID/__pycache__) by extensions ['colcon_pkg']
[6.269s] Level 1:colcon.colcon_core.package_identification:_identify(env/lib/python3.10/site-packages/OpenGL/EGL/ANDROID/__pycache__) by extension 'colcon_pkg'
[6.269s] Level 1:colcon.colcon_core.package_identification:_identify(env/lib/python3.10/site-packages/OpenGL/EGL/ANDROID/__pycache__) by extensions ['colcon_meta']
[6.270s] Level 1:colcon.colcon_core.package_identification:_identify(env/lib/python3.10/site-packages/OpenGL/EGL/ANDROID/__pycache__) by extension 'colcon_meta'
[6.270s] Level 1:colcon.colcon_core.package_identification:_identify(env/lib/python3.10/site-packages/OpenGL/EGL/ANDROID/__pycache__) by extensions ['ros']
[6.270s] Level 1:colcon.colcon_core.package_identification:_identify(env/lib/python3.10/site-packages/OpenGL/EGL/ANDROID/__pycache__) by extension 'ros'
[6.271s] Level 1:colcon.colcon_core.package_identification:_identify(env/lib/python3.10/site-packages/OpenGL/EGL/ANDROID/__pycache__) by extensions ['cmake', 'python']
[6.271s] Level 1:colcon.colcon_core.package_identification:_identify(env/lib/python3.10/site-packages/OpenGL/EGL/ANDROID/__pycache__) by extension 'cmake'
[6.271s] Level 1:colcon.colcon_core.package_identification:_identify(env/lib/python3.10/site-packages/OpenGL/EGL/ANDROID/__pycache__) by extension 'python'
[6.271s] Level 1:colcon.colcon_core.package_identification:_identify(env/lib/python3.10/site-packages/OpenGL/EGL/ANDROID/__pycache__) by extensions ['python_setup_py']
[6.271s] Level 1:colcon.colcon_core.package_identification:_identify(env/lib/python3.10/site-packages/OpenGL/EGL/ANDROID/__pycache__) by extension 'python_setup_py'
[6.272s] Level 1:colcon.colcon_core.package_identification:_identify(env/lib/python3.10/site-packages/OpenGL/EGL/ANGLE) by extensions ['ignore', 'ignore_ament_install']
[6.272s] Level 1:colcon.colcon_core.package_identification:_identify(env/lib/python3.10/site-packages/OpenGL/EGL/ANGLE) by extension 'ignore'
[6.273s] Level 1:colcon.colcon_core.package_identification:_identify(env/lib/python3.10/site-packages/OpenGL/EGL/ANGLE) by extension 'ignore_ament_install'
[6.273s] Level 1:colcon.colcon_core.package_identification:_identify(env/lib/python3.10/site-packages/OpenGL/EGL/ANGLE) by extensions ['colcon_pkg']
[6.273s] Level 1:colcon.colcon_core.package_identification:_identify(env/lib/python3.10/site-packages/OpenGL/EGL/ANGLE) by extension 'colcon_pkg'
[6.273s] Level 1:colcon.colcon_core.package_identification:_identify(env/lib/python3.10/site-packages/OpenGL/EGL/ANGLE) by extensions ['colcon_meta']
[6.273s] Level 1:colcon.colcon_core.package_identification:_identify(env/lib/python3.10/site-packages/OpenGL/EGL/ANGLE) by extension 'colcon_meta'
[6.274s] Level 1:colcon.colcon_core.package_identification:_identify(env/lib/python3.10/site-packages/OpenGL/EGL/ANGLE) by extensions ['ros']
[6.274s] Level 1:colcon.colcon_core.package_identification:_identify(env/lib/python3.10/site-packages/OpenGL/EGL/ANGLE) by extension 'ros'
[6.275s] Level 1:colcon.colcon_core.package_identification:_identify(env/lib/python3.10/site-packages/OpenGL/EGL/ANGLE) by extensions ['cmake', 'python']
[6.284s] Level 1:colcon.colcon_core.package_identification:_identify(env/lib/python3.10/site-packages/OpenGL/EGL/ANGLE) by extension 'cmake'
[6.284s] Level 1:colcon.colcon_core.package_identification:_identify(env/lib/python3.10/site-packages/OpenGL/EGL/ANGLE) by extension 'python'
[6.284s] Level 1:colcon.colcon_core.package_identification:_identify(env/lib/python3.10/site-packages/OpenGL/EGL/ANGLE) by extensions ['python_setup_py']
[6.284s] Level 1:colcon.colcon_core.package_identification:_identify(env/lib/python3.10/site-packages/OpenGL/EGL/ANGLE) by extension 'python_setup_py'
[6.285s] Level 1:colcon.colcon_core.package_identification:_identify(env/lib/python3.10/site-packages/OpenGL/EGL/ANGLE/__pycache__) by extensions ['ignore', 'ignore_ament_install']
[6.286s] Level 1:colcon.colcon_core.package_identification:_identify(env/lib/python3.10/site-packages/OpenGL/EGL/ANGLE/__pycache__) by extension 'ignore'
[6.286s] Level 1:colcon.colcon_core.package_identification:_identify(env/lib/python3.10/site-packages/OpenGL/EGL/ANGLE/__pycache__) by extension 'ignore_ament_install'
[6.286s] Level 1:colcon.colcon_core.package_identification:_identify(env/lib/python3.10/site-packages/OpenGL/EGL/ANGLE/__pycache__) by extensions ['colcon_pkg']
[6.286s] Level 1:colcon.colcon_core.package_identification:_identify(env/lib/python3.10/site-packages/OpenGL/EGL/ANGLE/__pycache__) by extension 'colcon_pkg'
[6.286s] Level 1:colcon.colcon_core.package_identification:_identify(env/lib/python3.10/site-packages/OpenGL/EGL/ANGLE/__pycache__) by extensions ['colcon_meta']
[6.287s] Level 1:colcon.colcon_core.package_identification:_identify(env/lib/python3.10/site-packages/OpenGL/EGL/ANGLE/__pycache__) by extension 'colcon_meta'
[6.287s] Level 1:colcon.colcon_core.package_identification:_identify(env/lib/python3.10/site-packages/OpenGL/EGL/ANGLE/__pycache__) by extensions ['ros']
[6.287s] Level 1:colcon.colcon_core.package_identification:_identify(env/lib/python3.10/site-packages/OpenGL/EGL/ANGLE/__pycache__) by extension 'ros'
[6.288s] Level 1:colcon.colcon_core.package_identification:_identify(env/lib/python3.10/site-packages/OpenGL/EGL/ANGLE/__pycache__) by extensions ['cmake', 'python']
[6.288s] Level 1:colcon.colcon_core.package_identification:_identify(env/lib/python3.10/site-packages/OpenGL/EGL/ANGLE/__pycache__) by extension 'cmake'
[6.288s] Level 1:colcon.colcon_core.package_identification:_identify(env/lib/python3.10/site-packages/OpenGL/EGL/ANGLE/__pycache__) by extension 'python'
[6.289s] Level 1:colcon.colcon_core.package_identification:_identify(env/lib/python3.10/site-packages/OpenGL/EGL/ANGLE/__pycache__) by extensions ['python_setup_py']
[6.290s] Level 1:colcon.colcon_core.package_identification:_identify(env/lib/python3.10/site-packages/OpenGL/EGL/ANGLE/__pycache__) by extension 'python_setup_py'
[6.293s] Level 1:colcon.colcon_core.package_identification:_identify(env/lib/python3.10/site-packages/OpenGL/EGL/ARM) by extensions ['ignore', 'ignore_ament_install']
[6.293s] Level 1:colcon.colcon_core.package_identification:_identify(env/lib/python3.10/site-packages/OpenGL/EGL/ARM) by extension 'ignore'
[6.293s] Level 1:colcon.colcon_core.package_identification:_identify(env/lib/python3.10/site-packages/OpenGL/EGL/ARM) by extension 'ignore_ament_install'
[6.293s] Level 1:colcon.colcon_core.package_identification:_identify(env/lib/python3.10/site-packages/OpenGL/EGL/ARM) by extensions ['colcon_pkg']
[6.294s] Level 1:colcon.colcon_core.package_identification:_identify(env/lib/python3.10/site-packages/OpenGL/EGL/ARM) by extension 'colcon_pkg'
[6.294s] Level 1:colcon.colcon_core.package_identification:_identify(env/lib/python3.10/site-packages/OpenGL/EGL/ARM) by extensions ['colcon_meta']
[6.294s] Level 1:colcon.colcon_core.package_identification:_identify(env/lib/python3.10/site-packages/OpenGL/EGL/ARM) by extension 'colcon_meta'
[6.294s] Level 1:colcon.colcon_core.package_identification:_identify(env/lib/python3.10/site-packages/OpenGL/EGL/ARM) by extensions ['ros']
[6.295s] Level 1:colcon.colcon_core.package_identification:_identify(env/lib/python3.10/site-packages/OpenGL/EGL/ARM) by extension 'ros'
[6.295s] Level 1:colcon.colcon_core.package_identification:_identify(env/lib/python3.10/site-packages/OpenGL/EGL/ARM) by extensions ['cmake', 'python']
[6.295s] Level 1:colcon.colcon_core.package_identification:_identify(env/lib/python3.10/site-packages/OpenGL/EGL/ARM) by extension 'cmake'
[6.303s] Level 1:colcon.colcon_core.package_identification:_identify(env/lib/python3.10/site-packages/OpenGL/EGL/ARM) by extension 'python'
[6.303s] Level 1:colcon.colcon_core.package_identification:_identify(env/lib/python3.10/site-packages/OpenGL/EGL/ARM) by extensions ['python_setup_py']
[6.303s] Level 1:colcon.colcon_core.package_identification:_identify(env/lib/python3.10/site-packages/OpenGL/EGL/ARM) by extension 'python_setup_py'
[6.304s] Level 1:colcon.colcon_core.package_identification:_identify(env/lib/python3.10/site-packages/OpenGL/EGL/ARM/__pycache__) by extensions ['ignore', 'ignore_ament_install']
[6.305s] Level 1:colcon.colcon_core.package_identification:_identify(env/lib/python3.10/site-packages/OpenGL/EGL/ARM/__pycache__) by extension 'ignore'
[6.305s] Level 1:colcon.colcon_core.package_identification:_identify(env/lib/python3.10/site-packages/OpenGL/EGL/ARM/__pycache__) by extension 'ignore_ament_install'
[6.305s] Level 1:colcon.colcon_core.package_identification:_identify(env/lib/python3.10/site-packages/OpenGL/EGL/ARM/__pycache__) by extensions ['colcon_pkg']
[6.306s] Level 1:colcon.colcon_core.package_identification:_identify(env/lib/python3.10/site-packages/OpenGL/EGL/ARM/__pycache__) by extension 'colcon_pkg'
[6.306s] Level 1:colcon.colcon_core.package_identification:_identify(env/lib/python3.10/site-packages/OpenGL/EGL/ARM/__pycache__) by extensions ['colcon_meta']
[6.314s] Level 1:colcon.colcon_core.package_identification:_identify(env/lib/python3.10/site-packages/OpenGL/EGL/ARM/__pycache__) by extension 'colcon_meta'
[6.314s] Level 1:colcon.colcon_core.package_identification:_identify(env/lib/python3.10/site-packages/OpenGL/EGL/ARM/__pycache__) by extensions ['ros']
[6.326s] Level 1:colcon.colcon_core.package_identification:_identify(env/lib/python3.10/site-packages/OpenGL/EGL/ARM/__pycache__) by extension 'ros'
[6.326s] Level 1:colcon.colcon_core.package_identification:_identify(env/lib/python3.10/site-packages/OpenGL/EGL/ARM/__pycache__) by extensions ['cmake', 'python']
[6.326s] Level 1:colcon.colcon_core.package_identification:_identify(env/lib/python3.10/site-packages/OpenGL/EGL/ARM/__pycache__) by extension 'cmake'
[6.327s] Level 1:colcon.colcon_core.package_identification:_identify(env/lib/python3.10/site-packages/OpenGL/EGL/ARM/__pycache__) by extension 'python'
[6.327s] Level 1:colcon.colcon_core.package_identification:_identify(env/lib/python3.10/site-packages/OpenGL/EGL/ARM/__pycache__) by extensions ['python_setup_py']
[6.327s] Level 1:colcon.colcon_core.package_identification:_identify(env/lib/python3.10/site-packages/OpenGL/EGL/ARM/__pycache__) by extension 'python_setup_py'
[6.327s] Level 1:colcon.colcon_core.package_identification:_identify(env/lib/python3.10/site-packages/OpenGL/EGL/EXT) by extensions ['ignore', 'ignore_ament_install']
[6.328s] Level 1:colcon.colcon_core.package_identification:_identify(env/lib/python3.10/site-packages/OpenGL/EGL/EXT) by extension 'ignore'
[6.329s] Level 1:colcon.colcon_core.package_identification:_identify(env/lib/python3.10/site-packages/OpenGL/EGL/EXT) by extension 'ignore_ament_install'
[6.329s] Level 1:colcon.colcon_core.package_identification:_identify(env/lib/python3.10/site-packages/OpenGL/EGL/EXT) by extensions ['colcon_pkg']
[6.329s] Level 1:colcon.colcon_core.package_identification:_identify(env/lib/python3.10/site-packages/OpenGL/EGL/EXT) by extension 'colcon_pkg'
[6.329s] Level 1:colcon.colcon_core.package_identification:_identify(env/lib/python3.10/site-packages/OpenGL/EGL/EXT) by extensions ['colcon_meta']
[6.329s] Level 1:colcon.colcon_core.package_identification:_identify(env/lib/python3.10/site-packages/OpenGL/EGL/EXT) by extension 'colcon_meta'
[6.344s] Level 1:colcon.colcon_core.package_identification:_identify(env/lib/python3.10/site-packages/OpenGL/EGL/EXT) by extensions ['ros']
[6.344s] Level 1:colcon.colcon_core.package_identification:_identify(env/lib/python3.10/site-packages/OpenGL/EGL/EXT) by extension 'ros'
[6.345s] Level 1:colcon.colcon_core.package_identification:_identify(env/lib/python3.10/site-packages/OpenGL/EGL/EXT) by extensions ['cmake', 'python']
[6.345s] Level 1:colcon.colcon_core.package_identification:_identify(env/lib/python3.10/site-packages/OpenGL/EGL/EXT) by extension 'cmake'
[6.345s] Level 1:colcon.colcon_core.package_identification:_identify(env/lib/python3.10/site-packages/OpenGL/EGL/EXT) by extension 'python'
[6.346s] Level 1:colcon.colcon_core.package_identification:_identify(env/lib/python3.10/site-packages/OpenGL/EGL/EXT) by extensions ['python_setup_py']
[6.348s] Level 1:colcon.colcon_core.package_identification:_identify(env/lib/python3.10/site-packages/OpenGL/EGL/EXT) by extension 'python_setup_py'
[6.355s] Level 1:colcon.colcon_core.package_identification:_identify(env/lib/python3.10/site-packages/OpenGL/EGL/EXT/__pycache__) by extensions ['ignore', 'ignore_ament_install']
[6.355s] Level 1:colcon.colcon_core.package_identification:_identify(env/lib/python3.10/site-packages/OpenGL/EGL/EXT/__pycache__) by extension 'ignore'
[6.364s] Level 1:colcon.colcon_core.package_identification:_identify(env/lib/python3.10/site-packages/OpenGL/EGL/EXT/__pycache__) by extension 'ignore_ament_install'
[6.364s] Level 1:colcon.colcon_core.package_identification:_identify(env/lib/python3.10/site-packages/OpenGL/EGL/EXT/__pycache__) by extensions ['colcon_pkg']
[6.365s] Level 1:colcon.colcon_core.package_identification:_identify(env/lib/python3.10/site-packages/OpenGL/EGL/EXT/__pycache__) by extension 'colcon_pkg'
[6.365s] Level 1:colcon.colcon_core.package_identification:_identify(env/lib/python3.10/site-packages/OpenGL/EGL/EXT/__pycache__) by extensions ['colcon_meta']
[6.365s] Level 1:colcon.colcon_core.package_identification:_identify(env/lib/python3.10/site-packages/OpenGL/EGL/EXT/__pycache__) by extension 'colcon_meta'
[6.377s] Level 1:colcon.colcon_core.package_identification:_identify(env/lib/python3.10/site-packages/OpenGL/EGL/EXT/__pycache__) by extensions ['ros']
[6.377s] Level 1:colcon.colcon_core.package_identification:_identify(env/lib/python3.10/site-packages/OpenGL/EGL/EXT/__pycache__) by extension 'ros'
[6.385s] Level 1:colcon.colcon_core.package_identification:_identify(env/lib/python3.10/site-packages/OpenGL/EGL/EXT/__pycache__) by extensions ['cmake', 'python']
[6.386s] Level 1:colcon.colcon_core.package_identification:_identify(env/lib/python3.10/site-packages/OpenGL/EGL/EXT/__pycache__) by extension 'cmake'
[6.386s] Level 1:colcon.colcon_core.package_identification:_identify(env/lib/python3.10/site-packages/OpenGL/EGL/EXT/__pycache__) by extension 'python'
[6.387s] Level 1:colcon.colcon_core.package_identification:_identify(env/lib/python3.10/site-packages/OpenGL/EGL/EXT/__pycache__) by extensions ['python_setup_py']
[6.388s] Level 1:colcon.colcon_core.package_identification:_identify(env/lib/python3.10/site-packages/OpenGL/EGL/EXT/__pycache__) by extension 'python_setup_py'
[6.388s] Level 1:colcon.colcon_core.package_identification:_identify(env/lib/python3.10/site-packages/OpenGL/EGL/HI) by extensions ['ignore', 'ignore_ament_install']
[6.393s] Level 1:colcon.colcon_core.package_identification:_identify(env/lib/python3.10/site-packages/OpenGL/EGL/HI) by extension 'ignore'
[6.393s] Level 1:colcon.colcon_core.package_identification:_identify(env/lib/python3.10/site-packages/OpenGL/EGL/HI) by extension 'ignore_ament_install'
[6.394s] Level 1:colcon.colcon_core.package_identification:_identify(env/lib/python3.10/site-packages/OpenGL/EGL/HI) by extensions ['colcon_pkg']
[6.394s] Level 1:colcon.colcon_core.package_identification:_identify(env/lib/python3.10/site-packages/OpenGL/EGL/HI) by extension 'colcon_pkg'
[6.394s] Level 1:colcon.colcon_core.package_identification:_identify(env/lib/python3.10/site-packages/OpenGL/EGL/HI) by extensions ['colcon_meta']
[6.394s] Level 1:colcon.colcon_core.package_identification:_identify(env/lib/python3.10/site-packages/OpenGL/EGL/HI) by extension 'colcon_meta'
[6.394s] Level 1:colcon.colcon_core.package_identification:_identify(env/lib/python3.10/site-packages/OpenGL/EGL/HI) by extensions ['ros']
[6.395s] Level 1:colcon.colcon_core.package_identification:_identify(env/lib/python3.10/site-packages/OpenGL/EGL/HI) by extension 'ros'
[6.400s] Level 1:colcon.colcon_core.package_identification:_identify(env/lib/python3.10/site-packages/OpenGL/EGL/HI) by extensions ['cmake', 'python']
[6.400s] Level 1:colcon.colcon_core.package_identification:_identify(env/lib/python3.10/site-packages/OpenGL/EGL/HI) by extension 'cmake'
[6.400s] Level 1:colcon.colcon_core.package_identification:_identify(env/lib/python3.10/site-packages/OpenGL/EGL/HI) by extension 'python'
[6.401s] Level 1:colcon.colcon_core.package_identification:_identify(env/lib/python3.10/site-packages/OpenGL/EGL/HI) by extensions ['python_setup_py']
[6.402s] Level 1:colcon.colcon_core.package_identification:_identify(env/lib/python3.10/site-packages/OpenGL/EGL/HI) by extension 'python_setup_py'
[6.404s] Level 1:colcon.colcon_core.package_identification:_identify(env/lib/python3.10/site-packages/OpenGL/EGL/HI/__pycache__) by extensions ['ignore', 'ignore_ament_install']
[6.405s] Level 1:colcon.colcon_core.package_identification:_identify(env/lib/python3.10/site-packages/OpenGL/EGL/HI/__pycache__) by extension 'ignore'
[6.405s] Level 1:colcon.colcon_core.package_identification:_identify(env/lib/python3.10/site-packages/OpenGL/EGL/HI/__pycache__) by extension 'ignore_ament_install'
[6.406s] Level 1:colcon.colcon_core.package_identification:_identify(env/lib/python3.10/site-packages/OpenGL/EGL/HI/__pycache__) by extensions ['colcon_pkg']
[6.406s] Level 1:colcon.colcon_core.package_identification:_identify(env/lib/python3.10/site-packages/OpenGL/EGL/HI/__pycache__) by extension 'colcon_pkg'
[6.406s] Level 1:colcon.colcon_core.package_identification:_identify(env/lib/python3.10/site-packages/OpenGL/EGL/HI/__pycache__) by extensions ['colcon_meta']
[6.406s] Level 1:colcon.colcon_core.package_identification:_identify(env/lib/python3.10/site-packages/OpenGL/EGL/HI/__pycache__) by extension 'colcon_meta'
[6.406s] Level 1:colcon.colcon_core.package_identification:_identify(env/lib/python3.10/site-packages/OpenGL/EGL/HI/__pycache__) by extensions ['ros']
[6.406s] Level 1:colcon.colcon_core.package_identification:_identify(env/lib/python3.10/site-packages/OpenGL/EGL/HI/__pycache__) by extension 'ros'
[6.412s] Level 1:colcon.colcon_core.package_identification:_identify(env/lib/python3.10/site-packages/OpenGL/EGL/HI/__pycache__) by extensions ['cmake', 'python']
[6.413s] Level 1:colcon.colcon_core.package_identification:_identify(env/lib/python3.10/site-packages/OpenGL/EGL/HI/__pycache__) by extension 'cmake'
[6.413s] Level 1:colcon.colcon_core.package_identification:_identify(env/lib/python3.10/site-packages/OpenGL/EGL/HI/__pycache__) by extension 'python'
[6.414s] Level 1:colcon.colcon_core.package_identification:_identify(env/lib/python3.10/site-packages/OpenGL/EGL/HI/__pycache__) by extensions ['python_setup_py']
[6.414s] Level 1:colcon.colcon_core.package_identification:_identify(env/lib/python3.10/site-packages/OpenGL/EGL/HI/__pycache__) by extension 'python_setup_py'
[6.414s] Level 1:colcon.colcon_core.package_identification:_identify(env/lib/python3.10/site-packages/OpenGL/EGL/IMG) by extensions ['ignore', 'ignore_ament_install']
[6.415s] Level 1:colcon.colcon_core.package_identification:_identify(env/lib/python3.10/site-packages/OpenGL/EGL/IMG) by extension 'ignore'
[6.415s] Level 1:colcon.colcon_core.package_identification:_identify(env/lib/python3.10/site-packages/OpenGL/EGL/IMG) by extension 'ignore_ament_install'
[6.420s] Level 1:colcon.colcon_core.package_identification:_identify(env/lib/python3.10/site-packages/OpenGL/EGL/IMG) by extensions ['colcon_pkg']
[6.421s] Level 1:colcon.colcon_core.package_identification:_identify(env/lib/python3.10/site-packages/OpenGL/EGL/IMG) by extension 'colcon_pkg'
[6.425s] Level 1:colcon.colcon_core.package_identification:_identify(env/lib/python3.10/site-packages/OpenGL/EGL/IMG) by extensions ['colcon_meta']
[6.426s] Level 1:colcon.colcon_core.package_identification:_identify(env/lib/python3.10/site-packages/OpenGL/EGL/IMG) by extension 'colcon_meta'
[6.427s] Level 1:colcon.colcon_core.package_identification:_identify(env/lib/python3.10/site-packages/OpenGL/EGL/IMG) by extensions ['ros']
[6.428s] Level 1:colcon.colcon_core.package_identification:_identify(env/lib/python3.10/site-packages/OpenGL/EGL/IMG) by extension 'ros'
[6.428s] Level 1:colcon.colcon_core.package_identification:_identify(env/lib/python3.10/site-packages/OpenGL/EGL/IMG) by extensions ['cmake', 'python']
[6.441s] Level 1:colcon.colcon_core.package_identification:_identify(env/lib/python3.10/site-packages/OpenGL/EGL/IMG) by extension 'cmake'
[6.442s] Level 1:colcon.colcon_core.package_identification:_identify(env/lib/python3.10/site-packages/OpenGL/EGL/IMG) by extension 'python'
[6.442s] Level 1:colcon.colcon_core.package_identification:_identify(env/lib/python3.10/site-packages/OpenGL/EGL/IMG) by extensions ['python_setup_py']
[6.442s] Level 1:colcon.colcon_core.package_identification:_identify(env/lib/python3.10/site-packages/OpenGL/EGL/IMG) by extension 'python_setup_py'
[6.448s] Level 1:colcon.colcon_core.package_identification:_identify(env/lib/python3.10/site-packages/OpenGL/EGL/IMG/__pycache__) by extensions ['ignore', 'ignore_ament_install']
[6.455s] Level 1:colcon.colcon_core.package_identification:_identify(env/lib/python3.10/site-packages/OpenGL/EGL/IMG/__pycache__) by extension 'ignore'
[6.455s] Level 1:colcon.colcon_core.package_identification:_identify(env/lib/python3.10/site-packages/OpenGL/EGL/IMG/__pycache__) by extension 'ignore_ament_install'
[6.456s] Level 1:colcon.colcon_core.package_identification:_identify(env/lib/python3.10/site-packages/OpenGL/EGL/IMG/__pycache__) by extensions ['colcon_pkg']
[6.456s] Level 1:colcon.colcon_core.package_identification:_identify(env/lib/python3.10/site-packages/OpenGL/EGL/IMG/__pycache__) by extension 'colcon_pkg'
[6.457s] Level 1:colcon.colcon_core.package_identification:_identify(env/lib/python3.10/site-packages/OpenGL/EGL/IMG/__pycache__) by extensions ['colcon_meta']
[6.457s] Level 1:colcon.colcon_core.package_identification:_identify(env/lib/python3.10/site-packages/OpenGL/EGL/IMG/__pycache__) by extension 'colcon_meta'
[6.457s] Level 1:colcon.colcon_core.package_identification:_identify(env/lib/python3.10/site-packages/OpenGL/EGL/IMG/__pycache__) by extensions ['ros']
[6.457s] Level 1:colcon.colcon_core.package_identification:_identify(env/lib/python3.10/site-packages/OpenGL/EGL/IMG/__pycache__) by extension 'ros'
[6.458s] Level 1:colcon.colcon_core.package_identification:_identify(env/lib/python3.10/site-packages/OpenGL/EGL/IMG/__pycache__) by extensions ['cmake', 'python']
[6.458s] Level 1:colcon.colcon_core.package_identification:_identify(env/lib/python3.10/site-packages/OpenGL/EGL/IMG/__pycache__) by extension 'cmake'
[6.458s] Level 1:colcon.colcon_core.package_identification:_identify(env/lib/python3.10/site-packages/OpenGL/EGL/IMG/__pycache__) by extension 'python'
[6.464s] Level 1:colcon.colcon_core.package_identification:_identify(env/lib/python3.10/site-packages/OpenGL/EGL/IMG/__pycache__) by extensions ['python_setup_py']
[6.464s] Level 1:colcon.colcon_core.package_identification:_identify(env/lib/python3.10/site-packages/OpenGL/EGL/IMG/__pycache__) by extension 'python_setup_py'
[6.465s] Level 1:colcon.colcon_core.package_identification:_identify(env/lib/python3.10/site-packages/OpenGL/EGL/KHR) by extensions ['ignore', 'ignore_ament_install']
[6.465s] Level 1:colcon.colcon_core.package_identification:_identify(env/lib/python3.10/site-packages/OpenGL/EGL/KHR) by extension 'ignore'
[6.466s] Level 1:colcon.colcon_core.package_identification:_identify(env/lib/python3.10/site-packages/OpenGL/EGL/KHR) by extension 'ignore_ament_install'
[6.466s] Level 1:colcon.colcon_core.package_identification:_identify(env/lib/python3.10/site-packages/OpenGL/EGL/KHR) by extensions ['colcon_pkg']
[6.466s] Level 1:colcon.colcon_core.package_identification:_identify(env/lib/python3.10/site-packages/OpenGL/EGL/KHR) by extension 'colcon_pkg'
[6.467s] Level 1:colcon.colcon_core.package_identification:_identify(env/lib/python3.10/site-packages/OpenGL/EGL/KHR) by extensions ['colcon_meta']
[6.467s] Level 1:colcon.colcon_core.package_identification:_identify(env/lib/python3.10/site-packages/OpenGL/EGL/KHR) by extension 'colcon_meta'
[6.480s] Level 1:colcon.colcon_core.package_identification:_identify(env/lib/python3.10/site-packages/OpenGL/EGL/KHR) by extensions ['ros']
[6.488s] Level 1:colcon.colcon_core.package_identification:_identify(env/lib/python3.10/site-packages/OpenGL/EGL/KHR) by extension 'ros'
[6.488s] Level 1:colcon.colcon_core.package_identification:_identify(env/lib/python3.10/site-packages/OpenGL/EGL/KHR) by extensions ['cmake', 'python']
[6.488s] Level 1:colcon.colcon_core.package_identification:_identify(env/lib/python3.10/site-packages/OpenGL/EGL/KHR) by extension 'cmake'
[6.489s] Level 1:colcon.colcon_core.package_identification:_identify(env/lib/python3.10/site-packages/OpenGL/EGL/KHR) by extension 'python'
[6.489s] Level 1:colcon.colcon_core.package_identification:_identify(env/lib/python3.10/site-packages/OpenGL/EGL/KHR) by extensions ['python_setup_py']
[6.489s] Level 1:colcon.colcon_core.package_identification:_identify(env/lib/python3.10/site-packages/OpenGL/EGL/KHR) by extension 'python_setup_py'
[6.490s] Level 1:colcon.colcon_core.package_identification:_identify(env/lib/python3.10/site-packages/OpenGL/EGL/KHR/__pycache__) by extensions ['ignore', 'ignore_ament_install']
[6.510s] Level 1:colcon.colcon_core.package_identification:_identify(env/lib/python3.10/site-packages/OpenGL/EGL/KHR/__pycache__) by extension 'ignore'
[6.511s] Level 1:colcon.colcon_core.package_identification:_identify(env/lib/python3.10/site-packages/OpenGL/EGL/KHR/__pycache__) by extension 'ignore_ament_install'
[6.520s] Level 1:colcon.colcon_core.package_identification:_identify(env/lib/python3.10/site-packages/OpenGL/EGL/KHR/__pycache__) by extensions ['colcon_pkg']
[6.520s] Level 1:colcon.colcon_core.package_identification:_identify(env/lib/python3.10/site-packages/OpenGL/EGL/KHR/__pycache__) by extension 'colcon_pkg'
[6.521s] Level 1:colcon.colcon_core.package_identification:_identify(env/lib/python3.10/site-packages/OpenGL/EGL/KHR/__pycache__) by extensions ['colcon_meta']
[6.521s] Level 1:colcon.colcon_core.package_identification:_identify(env/lib/python3.10/site-packages/OpenGL/EGL/KHR/__pycache__) by extension 'colcon_meta'
[6.522s] Level 1:colcon.colcon_core.package_identification:_identify(env/lib/python3.10/site-packages/OpenGL/EGL/KHR/__pycache__) by extensions ['ros']
[6.522s] Level 1:colcon.colcon_core.package_identification:_identify(env/lib/python3.10/site-packages/OpenGL/EGL/KHR/__pycache__) by extension 'ros'
[6.522s] Level 1:colcon.colcon_core.package_identification:_identify(env/lib/python3.10/site-packages/OpenGL/EGL/KHR/__pycache__) by extensions ['cmake', 'python']
[6.536s] Level 1:colcon.colcon_core.package_identification:_identify(env/lib/python3.10/site-packages/OpenGL/EGL/KHR/__pycache__) by extension 'cmake'
[6.536s] Level 1:colcon.colcon_core.package_identification:_identify(env/lib/python3.10/site-packages/OpenGL/EGL/KHR/__pycache__) by extension 'python'
[6.537s] Level 1:colcon.colcon_core.package_identification:_identify(env/lib/python3.10/site-packages/OpenGL/EGL/KHR/__pycache__) by extensions ['python_setup_py']
[6.537s] Level 1:colcon.colcon_core.package_identification:_identify(env/lib/python3.10/site-packages/OpenGL/EGL/KHR/__pycache__) by extension 'python_setup_py'
[6.560s] Level 1:colcon.colcon_core.package_identification:_identify(env/lib/python3.10/site-packages/OpenGL/EGL/MESA) by extensions ['ignore', 'ignore_ament_install']
[6.561s] Level 1:colcon.colcon_core.package_identification:_identify(env/lib/python3.10/site-packages/OpenGL/EGL/MESA) by extension 'ignore'
[6.561s] Level 1:colcon.colcon_core.package_identification:_identify(env/lib/python3.10/site-packages/OpenGL/EGL/MESA) by extension 'ignore_ament_install'
[6.562s] Level 1:colcon.colcon_core.package_identification:_identify(env/lib/python3.10/site-packages/OpenGL/EGL/MESA) by extensions ['colcon_pkg']
[6.562s] Level 1:colcon.colcon_core.package_identification:_identify(env/lib/python3.10/site-packages/OpenGL/EGL/MESA) by extension 'colcon_pkg'
[6.562s] Level 1:colcon.colcon_core.package_identification:_identify(env/lib/python3.10/site-packages/OpenGL/EGL/MESA) by extensions ['colcon_meta']
[6.562s] Level 1:colcon.colcon_core.package_identification:_identify(env/lib/python3.10/site-packages/OpenGL/EGL/MESA) by extension 'colcon_meta'
[6.563s] Level 1:colcon.colcon_core.package_identification:_identify(env/lib/python3.10/site-packages/OpenGL/EGL/MESA) by extensions ['ros']
[6.563s] Level 1:colcon.colcon_core.package_identification:_identify(env/lib/python3.10/site-packages/OpenGL/EGL/MESA) by extension 'ros'
[6.564s] Level 1:colcon.colcon_core.package_identification:_identify(env/lib/python3.10/site-packages/OpenGL/EGL/MESA) by extensions ['cmake', 'python']
[6.564s] Level 1:colcon.colcon_core.package_identification:_identify(env/lib/python3.10/site-packages/OpenGL/EGL/MESA) by extension 'cmake'
[6.564s] Level 1:colcon.colcon_core.package_identification:_identify(env/lib/python3.10/site-packages/OpenGL/EGL/MESA) by extension 'python'
[6.564s] Level 1:colcon.colcon_core.package_identification:_identify(env/lib/python3.10/site-packages/OpenGL/EGL/MESA) by extensions ['python_setup_py']
[6.565s] Level 1:colcon.colcon_core.package_identification:_identify(env/lib/python3.10/site-packages/OpenGL/EGL/MESA) by extension 'python_setup_py'
[6.565s] Level 1:colcon.colcon_core.package_identification:_identify(env/lib/python3.10/site-packages/OpenGL/EGL/MESA/__pycache__) by extensions ['ignore', 'ignore_ament_install']
[6.566s] Level 1:colcon.colcon_core.package_identification:_identify(env/lib/python3.10/site-packages/OpenGL/EGL/MESA/__pycache__) by extension 'ignore'
[6.566s] Level 1:colcon.colcon_core.package_identification:_identify(env/lib/python3.10/site-packages/OpenGL/EGL/MESA/__pycache__) by extension 'ignore_ament_install'
[6.566s] Level 1:colcon.colcon_core.package_identification:_identify(env/lib/python3.10/site-packages/OpenGL/EGL/MESA/__pycache__) by extensions ['colcon_pkg']
[6.567s] Level 1:colcon.colcon_core.package_identification:_identify(env/lib/python3.10/site-packages/OpenGL/EGL/MESA/__pycache__) by extension 'colcon_pkg'
[6.567s] Level 1:colcon.colcon_core.package_identification:_identify(env/lib/python3.10/site-packages/OpenGL/EGL/MESA/__pycache__) by extensions ['colcon_meta']
[6.567s] Level 1:colcon.colcon_core.package_identification:_identify(env/lib/python3.10/site-packages/OpenGL/EGL/MESA/__pycache__) by extension 'colcon_meta'
[6.568s] Level 1:colcon.colcon_core.package_identification:_identify(env/lib/python3.10/site-packages/OpenGL/EGL/MESA/__pycache__) by extensions ['ros']
[6.568s] Level 1:colcon.colcon_core.package_identification:_identify(env/lib/python3.10/site-packages/OpenGL/EGL/MESA/__pycache__) by extension 'ros'
[6.568s] Level 1:colcon.colcon_core.package_identification:_identify(env/lib/python3.10/site-packages/OpenGL/EGL/MESA/__pycache__) by extensions ['cmake', 'python']
[6.569s] Level 1:colcon.colcon_core.package_identification:_identify(env/lib/python3.10/site-packages/OpenGL/EGL/MESA/__pycache__) by extension 'cmake'
[6.569s] Level 1:colcon.colcon_core.package_identification:_identify(env/lib/python3.10/site-packages/OpenGL/EGL/MESA/__pycache__) by extension 'python'
[6.569s] Level 1:colcon.colcon_core.package_identification:_identify(env/lib/python3.10/site-packages/OpenGL/EGL/MESA/__pycache__) by extensions ['python_setup_py']
[6.569s] Level 1:colcon.colcon_core.package_identification:_identify(env/lib/python3.10/site-packages/OpenGL/EGL/MESA/__pycache__) by extension 'python_setup_py'
[6.570s] Level 1:colcon.colcon_core.package_identification:_identify(env/lib/python3.10/site-packages/OpenGL/EGL/NOK) by extensions ['ignore', 'ignore_ament_install']
[6.571s] Level 1:colcon.colcon_core.package_identification:_identify(env/lib/python3.10/site-packages/OpenGL/EGL/NOK) by extension 'ignore'
[6.571s] Level 1:colcon.colcon_core.package_identification:_identify(env/lib/python3.10/site-packages/OpenGL/EGL/NOK) by extension 'ignore_ament_install'
[6.572s] Level 1:colcon.colcon_core.package_identification:_identify(env/lib/python3.10/site-packages/OpenGL/EGL/NOK) by extensions ['colcon_pkg']
[6.572s] Level 1:colcon.colcon_core.package_identification:_identify(env/lib/python3.10/site-packages/OpenGL/EGL/NOK) by extension 'colcon_pkg'
[6.572s] Level 1:colcon.colcon_core.package_identification:_identify(env/lib/python3.10/site-packages/OpenGL/EGL/NOK) by extensions ['colcon_meta']
[6.572s] Level 1:colcon.colcon_core.package_identification:_identify(env/lib/python3.10/site-packages/OpenGL/EGL/NOK) by extension 'colcon_meta'
[6.573s] Level 1:colcon.colcon_core.package_identification:_identify(env/lib/python3.10/site-packages/OpenGL/EGL/NOK) by extensions ['ros']
[6.573s] Level 1:colcon.colcon_core.package_identification:_identify(env/lib/python3.10/site-packages/OpenGL/EGL/NOK) by extension 'ros'
[6.574s] Level 1:colcon.colcon_core.package_identification:_identify(env/lib/python3.10/site-packages/OpenGL/EGL/NOK) by extensions ['cmake', 'python']
[6.574s] Level 1:colcon.colcon_core.package_identification:_identify(env/lib/python3.10/site-packages/OpenGL/EGL/NOK) by extension 'cmake'
[6.575s] Level 1:colcon.colcon_core.package_identification:_identify(env/lib/python3.10/site-packages/OpenGL/EGL/NOK) by extension 'python'
[6.575s] Level 1:colcon.colcon_core.package_identification:_identify(env/lib/python3.10/site-packages/OpenGL/EGL/NOK) by extensions ['python_setup_py']
[6.576s] Level 1:colcon.colcon_core.package_identification:_identify(env/lib/python3.10/site-packages/OpenGL/EGL/NOK) by extension 'python_setup_py'
[6.576s] Level 1:colcon.colcon_core.package_identification:_identify(env/lib/python3.10/site-packages/OpenGL/EGL/NOK/__pycache__) by extensions ['ignore', 'ignore_ament_install']
[6.577s] Level 1:colcon.colcon_core.package_identification:_identify(env/lib/python3.10/site-packages/OpenGL/EGL/NOK/__pycache__) by extension 'ignore'
[6.578s] Level 1:colcon.colcon_core.package_identification:_identify(env/lib/python3.10/site-packages/OpenGL/EGL/NOK/__pycache__) by extension 'ignore_ament_install'
[6.578s] Level 1:colcon.colcon_core.package_identification:_identify(env/lib/python3.10/site-packages/OpenGL/EGL/NOK/__pycache__) by extensions ['colcon_pkg']
[6.578s] Level 1:colcon.colcon_core.package_identification:_identify(env/lib/python3.10/site-packages/OpenGL/EGL/NOK/__pycache__) by extension 'colcon_pkg'
[6.578s] Level 1:colcon.colcon_core.package_identification:_identify(env/lib/python3.10/site-packages/OpenGL/EGL/NOK/__pycache__) by extensions ['colcon_meta']
[6.578s] Level 1:colcon.colcon_core.package_identification:_identify(env/lib/python3.10/site-packages/OpenGL/EGL/NOK/__pycache__) by extension 'colcon_meta'
[6.579s] Level 1:colcon.colcon_core.package_identification:_identify(env/lib/python3.10/site-packages/OpenGL/EGL/NOK/__pycache__) by extensions ['ros']
[6.579s] Level 1:colcon.colcon_core.package_identification:_identify(env/lib/python3.10/site-packages/OpenGL/EGL/NOK/__pycache__) by extension 'ros'
[6.580s] Level 1:colcon.colcon_core.package_identification:_identify(env/lib/python3.10/site-packages/OpenGL/EGL/NOK/__pycache__) by extensions ['cmake', 'python']
[6.580s] Level 1:colcon.colcon_core.package_identification:_identify(env/lib/python3.10/site-packages/OpenGL/EGL/NOK/__pycache__) by extension 'cmake'
[6.580s] Level 1:colcon.colcon_core.package_identification:_identify(env/lib/python3.10/site-packages/OpenGL/EGL/NOK/__pycache__) by extension 'python'
[6.580s] Level 1:colcon.colcon_core.package_identification:_identify(env/lib/python3.10/site-packages/OpenGL/EGL/NOK/__pycache__) by extensions ['python_setup_py']
[6.581s] Level 1:colcon.colcon_core.package_identification:_identify(env/lib/python3.10/site-packages/OpenGL/EGL/NOK/__pycache__) by extension 'python_setup_py'
[6.581s] Level 1:colcon.colcon_core.package_identification:_identify(env/lib/python3.10/site-packages/OpenGL/EGL/NV) by extensions ['ignore', 'ignore_ament_install']
[6.582s] Level 1:colcon.colcon_core.package_identification:_identify(env/lib/python3.10/site-packages/OpenGL/EGL/NV) by extension 'ignore'
[6.582s] Level 1:colcon.colcon_core.package_identification:_identify(env/lib/python3.10/site-packages/OpenGL/EGL/NV) by extension 'ignore_ament_install'
[6.582s] Level 1:colcon.colcon_core.package_identification:_identify(env/lib/python3.10/site-packages/OpenGL/EGL/NV) by extensions ['colcon_pkg']
[6.583s] Level 1:colcon.colcon_core.package_identification:_identify(env/lib/python3.10/site-packages/OpenGL/EGL/NV) by extension 'colcon_pkg'
[6.583s] Level 1:colcon.colcon_core.package_identification:_identify(env/lib/python3.10/site-packages/OpenGL/EGL/NV) by extensions ['colcon_meta']
[6.583s] Level 1:colcon.colcon_core.package_identification:_identify(env/lib/python3.10/site-packages/OpenGL/EGL/NV) by extension 'colcon_meta'
[6.584s] Level 1:colcon.colcon_core.package_identification:_identify(env/lib/python3.10/site-packages/OpenGL/EGL/NV) by extensions ['ros']
[6.584s] Level 1:colcon.colcon_core.package_identification:_identify(env/lib/python3.10/site-packages/OpenGL/EGL/NV) by extension 'ros'
[6.585s] Level 1:colcon.colcon_core.package_identification:_identify(env/lib/python3.10/site-packages/OpenGL/EGL/NV) by extensions ['cmake', 'python']
[6.585s] Level 1:colcon.colcon_core.package_identification:_identify(env/lib/python3.10/site-packages/OpenGL/EGL/NV) by extension 'cmake'
[6.586s] Level 1:colcon.colcon_core.package_identification:_identify(env/lib/python3.10/site-packages/OpenGL/EGL/NV) by extension 'python'
[6.586s] Level 1:colcon.colcon_core.package_identification:_identify(env/lib/python3.10/site-packages/OpenGL/EGL/NV) by extensions ['python_setup_py']
[6.586s] Level 1:colcon.colcon_core.package_identification:_identify(env/lib/python3.10/site-packages/OpenGL/EGL/NV) by extension 'python_setup_py'
[6.587s] Level 1:colcon.colcon_core.package_identification:_identify(env/lib/python3.10/site-packages/OpenGL/EGL/NV/__pycache__) by extensions ['ignore', 'ignore_ament_install']
[6.587s] Level 1:colcon.colcon_core.package_identification:_identify(env/lib/python3.10/site-packages/OpenGL/EGL/NV/__pycache__) by extension 'ignore'
[6.588s] Level 1:colcon.colcon_core.package_identification:_identify(env/lib/python3.10/site-packages/OpenGL/EGL/NV/__pycache__) by extension 'ignore_ament_install'
[6.588s] Level 1:colcon.colcon_core.package_identification:_identify(env/lib/python3.10/site-packages/OpenGL/EGL/NV/__pycache__) by extensions ['colcon_pkg']
[6.588s] Level 1:colcon.colcon_core.package_identification:_identify(env/lib/python3.10/site-packages/OpenGL/EGL/NV/__pycache__) by extension 'colcon_pkg'
[6.588s] Level 1:colcon.colcon_core.package_identification:_identify(env/lib/python3.10/site-packages/OpenGL/EGL/NV/__pycache__) by extensions ['colcon_meta']
[6.589s] Level 1:colcon.colcon_core.package_identification:_identify(env/lib/python3.10/site-packages/OpenGL/EGL/NV/__pycache__) by extension 'colcon_meta'
[6.589s] Level 1:colcon.colcon_core.package_identification:_identify(env/lib/python3.10/site-packages/OpenGL/EGL/NV/__pycache__) by extensions ['ros']
[6.589s] Level 1:colcon.colcon_core.package_identification:_identify(env/lib/python3.10/site-packages/OpenGL/EGL/NV/__pycache__) by extension 'ros'
[6.590s] Level 1:colcon.colcon_core.package_identification:_identify(env/lib/python3.10/site-packages/OpenGL/EGL/NV/__pycache__) by extensions ['cmake', 'python']
[6.590s] Level 1:colcon.colcon_core.package_identification:_identify(env/lib/python3.10/site-packages/OpenGL/EGL/NV/__pycache__) by extension 'cmake'
[6.590s] Level 1:colcon.colcon_core.package_identification:_identify(env/lib/python3.10/site-packages/OpenGL/EGL/NV/__pycache__) by extension 'python'
[6.591s] Level 1:colcon.colcon_core.package_identification:_identify(env/lib/python3.10/site-packages/OpenGL/EGL/NV/__pycache__) by extensions ['python_setup_py']
[6.591s] Level 1:colcon.colcon_core.package_identification:_identify(env/lib/python3.10/site-packages/OpenGL/EGL/NV/__pycache__) by extension 'python_setup_py'
[6.592s] Level 1:colcon.colcon_core.package_identification:_identify(env/lib/python3.10/site-packages/OpenGL/EGL/TIZEN) by extensions ['ignore', 'ignore_ament_install']
[6.592s] Level 1:colcon.colcon_core.package_identification:_identify(env/lib/python3.10/site-packages/OpenGL/EGL/TIZEN) by extension 'ignore'
[6.592s] Level 1:colcon.colcon_core.package_identification:_identify(env/lib/python3.10/site-packages/OpenGL/EGL/TIZEN) by extension 'ignore_ament_install'
[6.593s] Level 1:colcon.colcon_core.package_identification:_identify(env/lib/python3.10/site-packages/OpenGL/EGL/TIZEN) by extensions ['colcon_pkg']
[6.593s] Level 1:colcon.colcon_core.package_identification:_identify(env/lib/python3.10/site-packages/OpenGL/EGL/TIZEN) by extension 'colcon_pkg'
[6.593s] Level 1:colcon.colcon_core.package_identification:_identify(env/lib/python3.10/site-packages/OpenGL/EGL/TIZEN) by extensions ['colcon_meta']
[6.594s] Level 1:colcon.colcon_core.package_identification:_identify(env/lib/python3.10/site-packages/OpenGL/EGL/TIZEN) by extension 'colcon_meta'
[6.594s] Level 1:colcon.colcon_core.package_identification:_identify(env/lib/python3.10/site-packages/OpenGL/EGL/TIZEN) by extensions ['ros']
[6.594s] Level 1:colcon.colcon_core.package_identification:_identify(env/lib/python3.10/site-packages/OpenGL/EGL/TIZEN) by extension 'ros'
[6.595s] Level 1:colcon.colcon_core.package_identification:_identify(env/lib/python3.10/site-packages/OpenGL/EGL/TIZEN) by extensions ['cmake', 'python']
[6.595s] Level 1:colcon.colcon_core.package_identification:_identify(env/lib/python3.10/site-packages/OpenGL/EGL/TIZEN) by extension 'cmake'
[6.595s] Level 1:colcon.colcon_core.package_identification:_identify(env/lib/python3.10/site-packages/OpenGL/EGL/TIZEN) by extension 'python'
[6.595s] Level 1:colcon.colcon_core.package_identification:_identify(env/lib/python3.10/site-packages/OpenGL/EGL/TIZEN) by extensions ['python_setup_py']
[6.595s] Level 1:colcon.colcon_core.package_identification:_identify(env/lib/python3.10/site-packages/OpenGL/EGL/TIZEN) by extension 'python_setup_py'
[6.596s] Level 1:colcon.colcon_core.package_identification:_identify(env/lib/python3.10/site-packages/OpenGL/EGL/TIZEN/__pycache__) by extensions ['ignore', 'ignore_ament_install']
[6.597s] Level 1:colcon.colcon_core.package_identification:_identify(env/lib/python3.10/site-packages/OpenGL/EGL/TIZEN/__pycache__) by extension 'ignore'
[6.597s] Level 1:colcon.colcon_core.package_identification:_identify(env/lib/python3.10/site-packages/OpenGL/EGL/TIZEN/__pycache__) by extension 'ignore_ament_install'
[6.597s] Level 1:colcon.colcon_core.package_identification:_identify(env/lib/python3.10/site-packages/OpenGL/EGL/TIZEN/__pycache__) by extensions ['colcon_pkg']
[6.598s] Level 1:colcon.colcon_core.package_identification:_identify(env/lib/python3.10/site-packages/OpenGL/EGL/TIZEN/__pycache__) by extension 'colcon_pkg'
[6.598s] Level 1:colcon.colcon_core.package_identification:_identify(env/lib/python3.10/site-packages/OpenGL/EGL/TIZEN/__pycache__) by extensions ['colcon_meta']
[6.598s] Level 1:colcon.colcon_core.package_identification:_identify(env/lib/python3.10/site-packages/OpenGL/EGL/TIZEN/__pycache__) by extension 'colcon_meta'
[6.599s] Level 1:colcon.colcon_core.package_identification:_identify(env/lib/python3.10/site-packages/OpenGL/EGL/TIZEN/__pycache__) by extensions ['ros']
[6.599s] Level 1:colcon.colcon_core.package_identification:_identify(env/lib/python3.10/site-packages/OpenGL/EGL/TIZEN/__pycache__) by extension 'ros'
[6.599s] Level 1:colcon.colcon_core.package_identification:_identify(env/lib/python3.10/site-packages/OpenGL/EGL/TIZEN/__pycache__) by extensions ['cmake', 'python']
[6.599s] Level 1:colcon.colcon_core.package_identification:_identify(env/lib/python3.10/site-packages/OpenGL/EGL/TIZEN/__pycache__) by extension 'cmake'
[6.600s] Level 1:colcon.colcon_core.package_identification:_identify(env/lib/python3.10/site-packages/OpenGL/EGL/TIZEN/__pycache__) by extension 'python'
[6.600s] Level 1:colcon.colcon_core.package_identification:_identify(env/lib/python3.10/site-packages/OpenGL/EGL/TIZEN/__pycache__) by extensions ['python_setup_py']
[6.600s] Level 1:colcon.colcon_core.package_identification:_identify(env/lib/python3.10/site-packages/OpenGL/EGL/TIZEN/__pycache__) by extension 'python_setup_py'
[6.601s] Level 1:colcon.colcon_core.package_identification:_identify(env/lib/python3.10/site-packages/OpenGL/EGL/VERSION) by extensions ['ignore', 'ignore_ament_install']
[6.601s] Level 1:colcon.colcon_core.package_identification:_identify(env/lib/python3.10/site-packages/OpenGL/EGL/VERSION) by extension 'ignore'
[6.602s] Level 1:colcon.colcon_core.package_identification:_identify(env/lib/python3.10/site-packages/OpenGL/EGL/VERSION) by extension 'ignore_ament_install'
[6.602s] Level 1:colcon.colcon_core.package_identification:_identify(env/lib/python3.10/site-packages/OpenGL/EGL/VERSION) by extensions ['colcon_pkg']
[6.602s] Level 1:colcon.colcon_core.package_identification:_identify(env/lib/python3.10/site-packages/OpenGL/EGL/VERSION) by extension 'colcon_pkg'
[6.603s] Level 1:colcon.colcon_core.package_identification:_identify(env/lib/python3.10/site-packages/OpenGL/EGL/VERSION) by extensions ['colcon_meta']
[6.603s] Level 1:colcon.colcon_core.package_identification:_identify(env/lib/python3.10/site-packages/OpenGL/EGL/VERSION) by extension 'colcon_meta'
[6.603s] Level 1:colcon.colcon_core.package_identification:_identify(env/lib/python3.10/site-packages/OpenGL/EGL/VERSION) by extensions ['ros']
[6.603s] Level 1:colcon.colcon_core.package_identification:_identify(env/lib/python3.10/site-packages/OpenGL/EGL/VERSION) by extension 'ros'
[6.604s] Level 1:colcon.colcon_core.package_identification:_identify(env/lib/python3.10/site-packages/OpenGL/EGL/VERSION) by extensions ['cmake', 'python']
[6.604s] Level 1:colcon.colcon_core.package_identification:_identify(env/lib/python3.10/site-packages/OpenGL/EGL/VERSION) by extension 'cmake'
[6.605s] Level 1:colcon.colcon_core.package_identification:_identify(env/lib/python3.10/site-packages/OpenGL/EGL/VERSION) by extension 'python'
[6.605s] Level 1:colcon.colcon_core.package_identification:_identify(env/lib/python3.10/site-packages/OpenGL/EGL/VERSION) by extensions ['python_setup_py']
[6.605s] Level 1:colcon.colcon_core.package_identification:_identify(env/lib/python3.10/site-packages/OpenGL/EGL/VERSION) by extension 'python_setup_py'
[6.606s] Level 1:colcon.colcon_core.package_identification:_identify(env/lib/python3.10/site-packages/OpenGL/EGL/VERSION/__pycache__) by extensions ['ignore', 'ignore_ament_install']
[6.607s] Level 1:colcon.colcon_core.package_identification:_identify(env/lib/python3.10/site-packages/OpenGL/EGL/VERSION/__pycache__) by extension 'ignore'
[6.607s] Level 1:colcon.colcon_core.package_identification:_identify(env/lib/python3.10/site-packages/OpenGL/EGL/VERSION/__pycache__) by extension 'ignore_ament_install'
[6.607s] Level 1:colcon.colcon_core.package_identification:_identify(env/lib/python3.10/site-packages/OpenGL/EGL/VERSION/__pycache__) by extensions ['colcon_pkg']
[6.607s] Level 1:colcon.colcon_core.package_identification:_identify(env/lib/python3.10/site-packages/OpenGL/EGL/VERSION/__pycache__) by extension 'colcon_pkg'
[6.608s] Level 1:colcon.colcon_core.package_identification:_identify(env/lib/python3.10/site-packages/OpenGL/EGL/VERSION/__pycache__) by extensions ['colcon_meta']
[6.608s] Level 1:colcon.colcon_core.package_identification:_identify(env/lib/python3.10/site-packages/OpenGL/EGL/VERSION/__pycache__) by extension 'colcon_meta'
[6.608s] Level 1:colcon.colcon_core.package_identification:_identify(env/lib/python3.10/site-packages/OpenGL/EGL/VERSION/__pycache__) by extensions ['ros']
[6.608s] Level 1:colcon.colcon_core.package_identification:_identify(env/lib/python3.10/site-packages/OpenGL/EGL/VERSION/__pycache__) by extension 'ros'
[6.609s] Level 1:colcon.colcon_core.package_identification:_identify(env/lib/python3.10/site-packages/OpenGL/EGL/VERSION/__pycache__) by extensions ['cmake', 'python']
[6.609s] Level 1:colcon.colcon_core.package_identification:_identify(env/lib/python3.10/site-packages/OpenGL/EGL/VERSION/__pycache__) by extension 'cmake'
[6.610s] Level 1:colcon.colcon_core.package_identification:_identify(env/lib/python3.10/site-packages/OpenGL/EGL/VERSION/__pycache__) by extension 'python'
[6.610s] Level 1:colcon.colcon_core.package_identification:_identify(env/lib/python3.10/site-packages/OpenGL/EGL/VERSION/__pycache__) by extensions ['python_setup_py']
[6.610s] Level 1:colcon.colcon_core.package_identification:_identify(env/lib/python3.10/site-packages/OpenGL/EGL/VERSION/__pycache__) by extension 'python_setup_py'
[6.611s] Level 1:colcon.colcon_core.package_identification:_identify(env/lib/python3.10/site-packages/OpenGL/EGL/__pycache__) by extensions ['ignore', 'ignore_ament_install']
[6.611s] Level 1:colcon.colcon_core.package_identification:_identify(env/lib/python3.10/site-packages/OpenGL/EGL/__pycache__) by extension 'ignore'
[6.612s] Level 1:colcon.colcon_core.package_identification:_identify(env/lib/python3.10/site-packages/OpenGL/EGL/__pycache__) by extension 'ignore_ament_install'
[6.612s] Level 1:colcon.colcon_core.package_identification:_identify(env/lib/python3.10/site-packages/OpenGL/EGL/__pycache__) by extensions ['colcon_pkg']
[6.612s] Level 1:colcon.colcon_core.package_identification:_identify(env/lib/python3.10/site-packages/OpenGL/EGL/__pycache__) by extension 'colcon_pkg'
[6.613s] Level 1:colcon.colcon_core.package_identification:_identify(env/lib/python3.10/site-packages/OpenGL/EGL/__pycache__) by extensions ['colcon_meta']
[6.613s] Level 1:colcon.colcon_core.package_identification:_identify(env/lib/python3.10/site-packages/OpenGL/EGL/__pycache__) by extension 'colcon_meta'
[6.613s] Level 1:colcon.colcon_core.package_identification:_identify(env/lib/python3.10/site-packages/OpenGL/EGL/__pycache__) by extensions ['ros']
[6.614s] Level 1:colcon.colcon_core.package_identification:_identify(env/lib/python3.10/site-packages/OpenGL/EGL/__pycache__) by extension 'ros'
[6.614s] Level 1:colcon.colcon_core.package_identification:_identify(env/lib/python3.10/site-packages/OpenGL/EGL/__pycache__) by extensions ['cmake', 'python']
[6.614s] Level 1:colcon.colcon_core.package_identification:_identify(env/lib/python3.10/site-packages/OpenGL/EGL/__pycache__) by extension 'cmake'
[6.614s] Level 1:colcon.colcon_core.package_identification:_identify(env/lib/python3.10/site-packages/OpenGL/EGL/__pycache__) by extension 'python'
[6.615s] Level 1:colcon.colcon_core.package_identification:_identify(env/lib/python3.10/site-packages/OpenGL/EGL/__pycache__) by extensions ['python_setup_py']
[6.615s] Level 1:colcon.colcon_core.package_identification:_identify(env/lib/python3.10/site-packages/OpenGL/EGL/__pycache__) by extension 'python_setup_py'
[6.616s] Level 1:colcon.colcon_core.package_identification:_identify(env/lib/python3.10/site-packages/OpenGL/GL) by extensions ['ignore', 'ignore_ament_install']
[6.616s] Level 1:colcon.colcon_core.package_identification:_identify(env/lib/python3.10/site-packages/OpenGL/GL) by extension 'ignore'
[6.617s] Level 1:colcon.colcon_core.package_identification:_identify(env/lib/python3.10/site-packages/OpenGL/GL) by extension 'ignore_ament_install'
[6.617s] Level 1:colcon.colcon_core.package_identification:_identify(env/lib/python3.10/site-packages/OpenGL/GL) by extensions ['colcon_pkg']
[6.617s] Level 1:colcon.colcon_core.package_identification:_identify(env/lib/python3.10/site-packages/OpenGL/GL) by extension 'colcon_pkg'
[6.618s] Level 1:colcon.colcon_core.package_identification:_identify(env/lib/python3.10/site-packages/OpenGL/GL) by extensions ['colcon_meta']
[6.618s] Level 1:colcon.colcon_core.package_identification:_identify(env/lib/python3.10/site-packages/OpenGL/GL) by extension 'colcon_meta'
[6.618s] Level 1:colcon.colcon_core.package_identification:_identify(env/lib/python3.10/site-packages/OpenGL/GL) by extensions ['ros']
[6.618s] Level 1:colcon.colcon_core.package_identification:_identify(env/lib/python3.10/site-packages/OpenGL/GL) by extension 'ros'
[6.619s] Level 1:colcon.colcon_core.package_identification:_identify(env/lib/python3.10/site-packages/OpenGL/GL) by extensions ['cmake', 'python']
[6.619s] Level 1:colcon.colcon_core.package_identification:_identify(env/lib/python3.10/site-packages/OpenGL/GL) by extension 'cmake'
[6.620s] Level 1:colcon.colcon_core.package_identification:_identify(env/lib/python3.10/site-packages/OpenGL/GL) by extension 'python'
[6.620s] Level 1:colcon.colcon_core.package_identification:_identify(env/lib/python3.10/site-packages/OpenGL/GL) by extensions ['python_setup_py']
[6.620s] Level 1:colcon.colcon_core.package_identification:_identify(env/lib/python3.10/site-packages/OpenGL/GL) by extension 'python_setup_py'
[6.621s] Level 1:colcon.colcon_core.package_identification:_identify(env/lib/python3.10/site-packages/OpenGL/GL/AMD) by extensions ['ignore', 'ignore_ament_install']
[6.621s] Level 1:colcon.colcon_core.package_identification:_identify(env/lib/python3.10/site-packages/OpenGL/GL/AMD) by extension 'ignore'
[6.622s] Level 1:colcon.colcon_core.package_identification:_identify(env/lib/python3.10/site-packages/OpenGL/GL/AMD) by extension 'ignore_ament_install'
[6.622s] Level 1:colcon.colcon_core.package_identification:_identify(env/lib/python3.10/site-packages/OpenGL/GL/AMD) by extensions ['colcon_pkg']
[6.622s] Level 1:colcon.colcon_core.package_identification:_identify(env/lib/python3.10/site-packages/OpenGL/GL/AMD) by extension 'colcon_pkg'
[6.623s] Level 1:colcon.colcon_core.package_identification:_identify(env/lib/python3.10/site-packages/OpenGL/GL/AMD) by extensions ['colcon_meta']
[6.623s] Level 1:colcon.colcon_core.package_identification:_identify(env/lib/python3.10/site-packages/OpenGL/GL/AMD) by extension 'colcon_meta'
[6.623s] Level 1:colcon.colcon_core.package_identification:_identify(env/lib/python3.10/site-packages/OpenGL/GL/AMD) by extensions ['ros']
[6.623s] Level 1:colcon.colcon_core.package_identification:_identify(env/lib/python3.10/site-packages/OpenGL/GL/AMD) by extension 'ros'
[6.624s] Level 1:colcon.colcon_core.package_identification:_identify(env/lib/python3.10/site-packages/OpenGL/GL/AMD) by extensions ['cmake', 'python']
[6.624s] Level 1:colcon.colcon_core.package_identification:_identify(env/lib/python3.10/site-packages/OpenGL/GL/AMD) by extension 'cmake'
[6.624s] Level 1:colcon.colcon_core.package_identification:_identify(env/lib/python3.10/site-packages/OpenGL/GL/AMD) by extension 'python'
[6.625s] Level 1:colcon.colcon_core.package_identification:_identify(env/lib/python3.10/site-packages/OpenGL/GL/AMD) by extensions ['python_setup_py']
[6.625s] Level 1:colcon.colcon_core.package_identification:_identify(env/lib/python3.10/site-packages/OpenGL/GL/AMD) by extension 'python_setup_py'
[6.626s] Level 1:colcon.colcon_core.package_identification:_identify(env/lib/python3.10/site-packages/OpenGL/GL/AMD/__pycache__) by extensions ['ignore', 'ignore_ament_install']
[6.626s] Level 1:colcon.colcon_core.package_identification:_identify(env/lib/python3.10/site-packages/OpenGL/GL/AMD/__pycache__) by extension 'ignore'
[6.627s] Level 1:colcon.colcon_core.package_identification:_identify(env/lib/python3.10/site-packages/OpenGL/GL/AMD/__pycache__) by extension 'ignore_ament_install'
[6.627s] Level 1:colcon.colcon_core.package_identification:_identify(env/lib/python3.10/site-packages/OpenGL/GL/AMD/__pycache__) by extensions ['colcon_pkg']
[6.627s] Level 1:colcon.colcon_core.package_identification:_identify(env/lib/python3.10/site-packages/OpenGL/GL/AMD/__pycache__) by extension 'colcon_pkg'
[6.628s] Level 1:colcon.colcon_core.package_identification:_identify(env/lib/python3.10/site-packages/OpenGL/GL/AMD/__pycache__) by extensions ['colcon_meta']
[6.628s] Level 1:colcon.colcon_core.package_identification:_identify(env/lib/python3.10/site-packages/OpenGL/GL/AMD/__pycache__) by extension 'colcon_meta'
[6.628s] Level 1:colcon.colcon_core.package_identification:_identify(env/lib/python3.10/site-packages/OpenGL/GL/AMD/__pycache__) by extensions ['ros']
[6.629s] Level 1:colcon.colcon_core.package_identification:_identify(env/lib/python3.10/site-packages/OpenGL/GL/AMD/__pycache__) by extension 'ros'
[6.629s] Level 1:colcon.colcon_core.package_identification:_identify(env/lib/python3.10/site-packages/OpenGL/GL/AMD/__pycache__) by extensions ['cmake', 'python']
[6.629s] Level 1:colcon.colcon_core.package_identification:_identify(env/lib/python3.10/site-packages/OpenGL/GL/AMD/__pycache__) by extension 'cmake'
[6.629s] Level 1:colcon.colcon_core.package_identification:_identify(env/lib/python3.10/site-packages/OpenGL/GL/AMD/__pycache__) by extension 'python'
[6.630s] Level 1:colcon.colcon_core.package_identification:_identify(env/lib/python3.10/site-packages/OpenGL/GL/AMD/__pycache__) by extensions ['python_setup_py']
[6.630s] Level 1:colcon.colcon_core.package_identification:_identify(env/lib/python3.10/site-packages/OpenGL/GL/AMD/__pycache__) by extension 'python_setup_py'
[6.631s] Level 1:colcon.colcon_core.package_identification:_identify(env/lib/python3.10/site-packages/OpenGL/GL/ANGLE) by extensions ['ignore', 'ignore_ament_install']
[6.631s] Level 1:colcon.colcon_core.package_identification:_identify(env/lib/python3.10/site-packages/OpenGL/GL/ANGLE) by extension 'ignore'
[6.631s] Level 1:colcon.colcon_core.package_identification:_identify(env/lib/python3.10/site-packages/OpenGL/GL/ANGLE) by extension 'ignore_ament_install'
[6.632s] Level 1:colcon.colcon_core.package_identification:_identify(env/lib/python3.10/site-packages/OpenGL/GL/ANGLE) by extensions ['colcon_pkg']
[6.632s] Level 1:colcon.colcon_core.package_identification:_identify(env/lib/python3.10/site-packages/OpenGL/GL/ANGLE) by extension 'colcon_pkg'
[6.632s] Level 1:colcon.colcon_core.package_identification:_identify(env/lib/python3.10/site-packages/OpenGL/GL/ANGLE) by extensions ['colcon_meta']
[6.632s] Level 1:colcon.colcon_core.package_identification:_identify(env/lib/python3.10/site-packages/OpenGL/GL/ANGLE) by extension 'colcon_meta'
[6.633s] Level 1:colcon.colcon_core.package_identification:_identify(env/lib/python3.10/site-packages/OpenGL/GL/ANGLE) by extensions ['ros']
[6.633s] Level 1:colcon.colcon_core.package_identification:_identify(env/lib/python3.10/site-packages/OpenGL/GL/ANGLE) by extension 'ros'
[6.633s] Level 1:colcon.colcon_core.package_identification:_identify(env/lib/python3.10/site-packages/OpenGL/GL/ANGLE) by extensions ['cmake', 'python']
[6.634s] Level 1:colcon.colcon_core.package_identification:_identify(env/lib/python3.10/site-packages/OpenGL/GL/ANGLE) by extension 'cmake'
[6.634s] Level 1:colcon.colcon_core.package_identification:_identify(env/lib/python3.10/site-packages/OpenGL/GL/ANGLE) by extension 'python'
[6.634s] Level 1:colcon.colcon_core.package_identification:_identify(env/lib/python3.10/site-packages/OpenGL/GL/ANGLE) by extensions ['python_setup_py']
[6.634s] Level 1:colcon.colcon_core.package_identification:_identify(env/lib/python3.10/site-packages/OpenGL/GL/ANGLE) by extension 'python_setup_py'
[6.635s] Level 1:colcon.colcon_core.package_identification:_identify(env/lib/python3.10/site-packages/OpenGL/GL/ANGLE/__pycache__) by extensions ['ignore', 'ignore_ament_install']
[6.635s] Level 1:colcon.colcon_core.package_identification:_identify(env/lib/python3.10/site-packages/OpenGL/GL/ANGLE/__pycache__) by extension 'ignore'
[6.635s] Level 1:colcon.colcon_core.package_identification:_identify(env/lib/python3.10/site-packages/OpenGL/GL/ANGLE/__pycache__) by extension 'ignore_ament_install'
[6.636s] Level 1:colcon.colcon_core.package_identification:_identify(env/lib/python3.10/site-packages/OpenGL/GL/ANGLE/__pycache__) by extensions ['colcon_pkg']
[6.636s] Level 1:colcon.colcon_core.package_identification:_identify(env/lib/python3.10/site-packages/OpenGL/GL/ANGLE/__pycache__) by extension 'colcon_pkg'
[6.636s] Level 1:colcon.colcon_core.package_identification:_identify(env/lib/python3.10/site-packages/OpenGL/GL/ANGLE/__pycache__) by extensions ['colcon_meta']
[6.636s] Level 1:colcon.colcon_core.package_identification:_identify(env/lib/python3.10/site-packages/OpenGL/GL/ANGLE/__pycache__) by extension 'colcon_meta'
[6.637s] Level 1:colcon.colcon_core.package_identification:_identify(env/lib/python3.10/site-packages/OpenGL/GL/ANGLE/__pycache__) by extensions ['ros']
[6.637s] Level 1:colcon.colcon_core.package_identification:_identify(env/lib/python3.10/site-packages/OpenGL/GL/ANGLE/__pycache__) by extension 'ros'
[6.638s] Level 1:colcon.colcon_core.package_identification:_identify(env/lib/python3.10/site-packages/OpenGL/GL/ANGLE/__pycache__) by extensions ['cmake', 'python']
[6.638s] Level 1:colcon.colcon_core.package_identification:_identify(env/lib/python3.10/site-packages/OpenGL/GL/ANGLE/__pycache__) by extension 'cmake'
[6.638s] Level 1:colcon.colcon_core.package_identification:_identify(env/lib/python3.10/site-packages/OpenGL/GL/ANGLE/__pycache__) by extension 'python'
[6.638s] Level 1:colcon.colcon_core.package_identification:_identify(env/lib/python3.10/site-packages/OpenGL/GL/ANGLE/__pycache__) by extensions ['python_setup_py']
[6.639s] Level 1:colcon.colcon_core.package_identification:_identify(env/lib/python3.10/site-packages/OpenGL/GL/ANGLE/__pycache__) by extension 'python_setup_py'
[6.639s] Level 1:colcon.colcon_core.package_identification:_identify(env/lib/python3.10/site-packages/OpenGL/GL/APPLE) by extensions ['ignore', 'ignore_ament_install']
[6.639s] Level 1:colcon.colcon_core.package_identification:_identify(env/lib/python3.10/site-packages/OpenGL/GL/APPLE) by extension 'ignore'
[6.640s] Level 1:colcon.colcon_core.package_identification:_identify(env/lib/python3.10/site-packages/OpenGL/GL/APPLE) by extension 'ignore_ament_install'
[6.640s] Level 1:colcon.colcon_core.package_identification:_identify(env/lib/python3.10/site-packages/OpenGL/GL/APPLE) by extensions ['colcon_pkg']
[6.640s] Level 1:colcon.colcon_core.package_identification:_identify(env/lib/python3.10/site-packages/OpenGL/GL/APPLE) by extension 'colcon_pkg'
[6.641s] Level 1:colcon.colcon_core.package_identification:_identify(env/lib/python3.10/site-packages/OpenGL/GL/APPLE) by extensions ['colcon_meta']
[6.641s] Level 1:colcon.colcon_core.package_identification:_identify(env/lib/python3.10/site-packages/OpenGL/GL/APPLE) by extension 'colcon_meta'
[6.641s] Level 1:colcon.colcon_core.package_identification:_identify(env/lib/python3.10/site-packages/OpenGL/GL/APPLE) by extensions ['ros']
[6.641s] Level 1:colcon.colcon_core.package_identification:_identify(env/lib/python3.10/site-packages/OpenGL/GL/APPLE) by extension 'ros'
[6.642s] Level 1:colcon.colcon_core.package_identification:_identify(env/lib/python3.10/site-packages/OpenGL/GL/APPLE) by extensions ['cmake', 'python']
[6.642s] Level 1:colcon.colcon_core.package_identification:_identify(env/lib/python3.10/site-packages/OpenGL/GL/APPLE) by extension 'cmake'
[6.642s] Level 1:colcon.colcon_core.package_identification:_identify(env/lib/python3.10/site-packages/OpenGL/GL/APPLE) by extension 'python'
[6.643s] Level 1:colcon.colcon_core.package_identification:_identify(env/lib/python3.10/site-packages/OpenGL/GL/APPLE) by extensions ['python_setup_py']
[6.643s] Level 1:colcon.colcon_core.package_identification:_identify(env/lib/python3.10/site-packages/OpenGL/GL/APPLE) by extension 'python_setup_py'
[6.643s] Level 1:colcon.colcon_core.package_identification:_identify(env/lib/python3.10/site-packages/OpenGL/GL/APPLE/__pycache__) by extensions ['ignore', 'ignore_ament_install']
[6.644s] Level 1:colcon.colcon_core.package_identification:_identify(env/lib/python3.10/site-packages/OpenGL/GL/APPLE/__pycache__) by extension 'ignore'
[6.644s] Level 1:colcon.colcon_core.package_identification:_identify(env/lib/python3.10/site-packages/OpenGL/GL/APPLE/__pycache__) by extension 'ignore_ament_install'
[6.645s] Level 1:colcon.colcon_core.package_identification:_identify(env/lib/python3.10/site-packages/OpenGL/GL/APPLE/__pycache__) by extensions ['colcon_pkg']
[6.645s] Level 1:colcon.colcon_core.package_identification:_identify(env/lib/python3.10/site-packages/OpenGL/GL/APPLE/__pycache__) by extension 'colcon_pkg'
[6.645s] Level 1:colcon.colcon_core.package_identification:_identify(env/lib/python3.10/site-packages/OpenGL/GL/APPLE/__pycache__) by extensions ['colcon_meta']
[6.645s] Level 1:colcon.colcon_core.package_identification:_identify(env/lib/python3.10/site-packages/OpenGL/GL/APPLE/__pycache__) by extension 'colcon_meta'
[6.646s] Level 1:colcon.colcon_core.package_identification:_identify(env/lib/python3.10/site-packages/OpenGL/GL/APPLE/__pycache__) by extensions ['ros']
[6.646s] Level 1:colcon.colcon_core.package_identification:_identify(env/lib/python3.10/site-packages/OpenGL/GL/APPLE/__pycache__) by extension 'ros'
[6.647s] Level 1:colcon.colcon_core.package_identification:_identify(env/lib/python3.10/site-packages/OpenGL/GL/APPLE/__pycache__) by extensions ['cmake', 'python']
[6.647s] Level 1:colcon.colcon_core.package_identification:_identify(env/lib/python3.10/site-packages/OpenGL/GL/APPLE/__pycache__) by extension 'cmake'
[6.647s] Level 1:colcon.colcon_core.package_identification:_identify(env/lib/python3.10/site-packages/OpenGL/GL/APPLE/__pycache__) by extension 'python'
[6.647s] Level 1:colcon.colcon_core.package_identification:_identify(env/lib/python3.10/site-packages/OpenGL/GL/APPLE/__pycache__) by extensions ['python_setup_py']
[6.648s] Level 1:colcon.colcon_core.package_identification:_identify(env/lib/python3.10/site-packages/OpenGL/GL/APPLE/__pycache__) by extension 'python_setup_py'
[6.649s] Level 1:colcon.colcon_core.package_identification:_identify(env/lib/python3.10/site-packages/OpenGL/GL/ARB) by extensions ['ignore', 'ignore_ament_install']
[6.650s] Level 1:colcon.colcon_core.package_identification:_identify(env/lib/python3.10/site-packages/OpenGL/GL/ARB) by extension 'ignore'
[6.651s] Level 1:colcon.colcon_core.package_identification:_identify(env/lib/python3.10/site-packages/OpenGL/GL/ARB) by extension 'ignore_ament_install'
[6.651s] Level 1:colcon.colcon_core.package_identification:_identify(env/lib/python3.10/site-packages/OpenGL/GL/ARB) by extensions ['colcon_pkg']
[6.651s] Level 1:colcon.colcon_core.package_identification:_identify(env/lib/python3.10/site-packages/OpenGL/GL/ARB) by extension 'colcon_pkg'
[6.652s] Level 1:colcon.colcon_core.package_identification:_identify(env/lib/python3.10/site-packages/OpenGL/GL/ARB) by extensions ['colcon_meta']
[6.652s] Level 1:colcon.colcon_core.package_identification:_identify(env/lib/python3.10/site-packages/OpenGL/GL/ARB) by extension 'colcon_meta'
[6.652s] Level 1:colcon.colcon_core.package_identification:_identify(env/lib/python3.10/site-packages/OpenGL/GL/ARB) by extensions ['ros']
[6.652s] Level 1:colcon.colcon_core.package_identification:_identify(env/lib/python3.10/site-packages/OpenGL/GL/ARB) by extension 'ros'
[6.653s] Level 1:colcon.colcon_core.package_identification:_identify(env/lib/python3.10/site-packages/OpenGL/GL/ARB) by extensions ['cmake', 'python']
[6.653s] Level 1:colcon.colcon_core.package_identification:_identify(env/lib/python3.10/site-packages/OpenGL/GL/ARB) by extension 'cmake'
[6.654s] Level 1:colcon.colcon_core.package_identification:_identify(env/lib/python3.10/site-packages/OpenGL/GL/ARB) by extension 'python'
[6.654s] Level 1:colcon.colcon_core.package_identification:_identify(env/lib/python3.10/site-packages/OpenGL/GL/ARB) by extensions ['python_setup_py']
[6.654s] Level 1:colcon.colcon_core.package_identification:_identify(env/lib/python3.10/site-packages/OpenGL/GL/ARB) by extension 'python_setup_py'
[6.656s] Level 1:colcon.colcon_core.package_identification:_identify(env/lib/python3.10/site-packages/OpenGL/GL/ARB/__pycache__) by extensions ['ignore', 'ignore_ament_install']
[6.657s] Level 1:colcon.colcon_core.package_identification:_identify(env/lib/python3.10/site-packages/OpenGL/GL/ARB/__pycache__) by extension 'ignore'
[6.657s] Level 1:colcon.colcon_core.package_identification:_identify(env/lib/python3.10/site-packages/OpenGL/GL/ARB/__pycache__) by extension 'ignore_ament_install'
[6.657s] Level 1:colcon.colcon_core.package_identification:_identify(env/lib/python3.10/site-packages/OpenGL/GL/ARB/__pycache__) by extensions ['colcon_pkg']
[6.658s] Level 1:colcon.colcon_core.package_identification:_identify(env/lib/python3.10/site-packages/OpenGL/GL/ARB/__pycache__) by extension 'colcon_pkg'
[6.658s] Level 1:colcon.colcon_core.package_identification:_identify(env/lib/python3.10/site-packages/OpenGL/GL/ARB/__pycache__) by extensions ['colcon_meta']
[6.658s] Level 1:colcon.colcon_core.package_identification:_identify(env/lib/python3.10/site-packages/OpenGL/GL/ARB/__pycache__) by extension 'colcon_meta'
[6.659s] Level 1:colcon.colcon_core.package_identification:_identify(env/lib/python3.10/site-packages/OpenGL/GL/ARB/__pycache__) by extensions ['ros']
[6.659s] Level 1:colcon.colcon_core.package_identification:_identify(env/lib/python3.10/site-packages/OpenGL/GL/ARB/__pycache__) by extension 'ros'
[6.659s] Level 1:colcon.colcon_core.package_identification:_identify(env/lib/python3.10/site-packages/OpenGL/GL/ARB/__pycache__) by extensions ['cmake', 'python']
[6.660s] Level 1:colcon.colcon_core.package_identification:_identify(env/lib/python3.10/site-packages/OpenGL/GL/ARB/__pycache__) by extension 'cmake'
[6.660s] Level 1:colcon.colcon_core.package_identification:_identify(env/lib/python3.10/site-packages/OpenGL/GL/ARB/__pycache__) by extension 'python'
[6.660s] Level 1:colcon.colcon_core.package_identification:_identify(env/lib/python3.10/site-packages/OpenGL/GL/ARB/__pycache__) by extensions ['python_setup_py']
[6.660s] Level 1:colcon.colcon_core.package_identification:_identify(env/lib/python3.10/site-packages/OpenGL/GL/ARB/__pycache__) by extension 'python_setup_py'
[6.661s] Level 1:colcon.colcon_core.package_identification:_identify(env/lib/python3.10/site-packages/OpenGL/GL/ARM) by extensions ['ignore', 'ignore_ament_install']
[6.662s] Level 1:colcon.colcon_core.package_identification:_identify(env/lib/python3.10/site-packages/OpenGL/GL/ARM) by extension 'ignore'
[6.662s] Level 1:colcon.colcon_core.package_identification:_identify(env/lib/python3.10/site-packages/OpenGL/GL/ARM) by extension 'ignore_ament_install'
[6.662s] Level 1:colcon.colcon_core.package_identification:_identify(env/lib/python3.10/site-packages/OpenGL/GL/ARM) by extensions ['colcon_pkg']
[6.663s] Level 1:colcon.colcon_core.package_identification:_identify(env/lib/python3.10/site-packages/OpenGL/GL/ARM) by extension 'colcon_pkg'
[6.663s] Level 1:colcon.colcon_core.package_identification:_identify(env/lib/python3.10/site-packages/OpenGL/GL/ARM) by extensions ['colcon_meta']
[6.663s] Level 1:colcon.colcon_core.package_identification:_identify(env/lib/python3.10/site-packages/OpenGL/GL/ARM) by extension 'colcon_meta'
[6.664s] Level 1:colcon.colcon_core.package_identification:_identify(env/lib/python3.10/site-packages/OpenGL/GL/ARM) by extensions ['ros']
[6.664s] Level 1:colcon.colcon_core.package_identification:_identify(env/lib/python3.10/site-packages/OpenGL/GL/ARM) by extension 'ros'
[6.664s] Level 1:colcon.colcon_core.package_identification:_identify(env/lib/python3.10/site-packages/OpenGL/GL/ARM) by extensions ['cmake', 'python']
[6.664s] Level 1:colcon.colcon_core.package_identification:_identify(env/lib/python3.10/site-packages/OpenGL/GL/ARM) by extension 'cmake'
[6.665s] Level 1:colcon.colcon_core.package_identification:_identify(env/lib/python3.10/site-packages/OpenGL/GL/ARM) by extension 'python'
[6.665s] Level 1:colcon.colcon_core.package_identification:_identify(env/lib/python3.10/site-packages/OpenGL/GL/ARM) by extensions ['python_setup_py']
[6.665s] Level 1:colcon.colcon_core.package_identification:_identify(env/lib/python3.10/site-packages/OpenGL/GL/ARM) by extension 'python_setup_py'
[6.666s] Level 1:colcon.colcon_core.package_identification:_identify(env/lib/python3.10/site-packages/OpenGL/GL/ARM/__pycache__) by extensions ['ignore', 'ignore_ament_install']
[6.666s] Level 1:colcon.colcon_core.package_identification:_identify(env/lib/python3.10/site-packages/OpenGL/GL/ARM/__pycache__) by extension 'ignore'
[6.666s] Level 1:colcon.colcon_core.package_identification:_identify(env/lib/python3.10/site-packages/OpenGL/GL/ARM/__pycache__) by extension 'ignore_ament_install'
[6.667s] Level 1:colcon.colcon_core.package_identification:_identify(env/lib/python3.10/site-packages/OpenGL/GL/ARM/__pycache__) by extensions ['colcon_pkg']
[6.667s] Level 1:colcon.colcon_core.package_identification:_identify(env/lib/python3.10/site-packages/OpenGL/GL/ARM/__pycache__) by extension 'colcon_pkg'
[6.667s] Level 1:colcon.colcon_core.package_identification:_identify(env/lib/python3.10/site-packages/OpenGL/GL/ARM/__pycache__) by extensions ['colcon_meta']
[6.667s] Level 1:colcon.colcon_core.package_identification:_identify(env/lib/python3.10/site-packages/OpenGL/GL/ARM/__pycache__) by extension 'colcon_meta'
[6.668s] Level 1:colcon.colcon_core.package_identification:_identify(env/lib/python3.10/site-packages/OpenGL/GL/ARM/__pycache__) by extensions ['ros']
[6.668s] Level 1:colcon.colcon_core.package_identification:_identify(env/lib/python3.10/site-packages/OpenGL/GL/ARM/__pycache__) by extension 'ros'
[6.669s] Level 1:colcon.colcon_core.package_identification:_identify(env/lib/python3.10/site-packages/OpenGL/GL/ARM/__pycache__) by extensions ['cmake', 'python']
[6.669s] Level 1:colcon.colcon_core.package_identification:_identify(env/lib/python3.10/site-packages/OpenGL/GL/ARM/__pycache__) by extension 'cmake'
[6.669s] Level 1:colcon.colcon_core.package_identification:_identify(env/lib/python3.10/site-packages/OpenGL/GL/ARM/__pycache__) by extension 'python'
[6.669s] Level 1:colcon.colcon_core.package_identification:_identify(env/lib/python3.10/site-packages/OpenGL/GL/ARM/__pycache__) by extensions ['python_setup_py']
[6.669s] Level 1:colcon.colcon_core.package_identification:_identify(env/lib/python3.10/site-packages/OpenGL/GL/ARM/__pycache__) by extension 'python_setup_py'
[6.670s] Level 1:colcon.colcon_core.package_identification:_identify(env/lib/python3.10/site-packages/OpenGL/GL/ATI) by extensions ['ignore', 'ignore_ament_install']
[6.671s] Level 1:colcon.colcon_core.package_identification:_identify(env/lib/python3.10/site-packages/OpenGL/GL/ATI) by extension 'ignore'
[6.671s] Level 1:colcon.colcon_core.package_identification:_identify(env/lib/python3.10/site-packages/OpenGL/GL/ATI) by extension 'ignore_ament_install'
[6.672s] Level 1:colcon.colcon_core.package_identification:_identify(env/lib/python3.10/site-packages/OpenGL/GL/ATI) by extensions ['colcon_pkg']
[6.672s] Level 1:colcon.colcon_core.package_identification:_identify(env/lib/python3.10/site-packages/OpenGL/GL/ATI) by extension 'colcon_pkg'
[6.672s] Level 1:colcon.colcon_core.package_identification:_identify(env/lib/python3.10/site-packages/OpenGL/GL/ATI) by extensions ['colcon_meta']
[6.672s] Level 1:colcon.colcon_core.package_identification:_identify(env/lib/python3.10/site-packages/OpenGL/GL/ATI) by extension 'colcon_meta'
[6.672s] Level 1:colcon.colcon_core.package_identification:_identify(env/lib/python3.10/site-packages/OpenGL/GL/ATI) by extensions ['ros']
[6.672s] Level 1:colcon.colcon_core.package_identification:_identify(env/lib/python3.10/site-packages/OpenGL/GL/ATI) by extension 'ros'
[6.673s] Level 1:colcon.colcon_core.package_identification:_identify(env/lib/python3.10/site-packages/OpenGL/GL/ATI) by extensions ['cmake', 'python']
[6.673s] Level 1:colcon.colcon_core.package_identification:_identify(env/lib/python3.10/site-packages/OpenGL/GL/ATI) by extension 'cmake'
[6.673s] Level 1:colcon.colcon_core.package_identification:_identify(env/lib/python3.10/site-packages/OpenGL/GL/ATI) by extension 'python'
[6.674s] Level 1:colcon.colcon_core.package_identification:_identify(env/lib/python3.10/site-packages/OpenGL/GL/ATI) by extensions ['python_setup_py']
[6.674s] Level 1:colcon.colcon_core.package_identification:_identify(env/lib/python3.10/site-packages/OpenGL/GL/ATI) by extension 'python_setup_py'
[6.675s] Level 1:colcon.colcon_core.package_identification:_identify(env/lib/python3.10/site-packages/OpenGL/GL/ATI/__pycache__) by extensions ['ignore', 'ignore_ament_install']
[6.675s] Level 1:colcon.colcon_core.package_identification:_identify(env/lib/python3.10/site-packages/OpenGL/GL/ATI/__pycache__) by extension 'ignore'
[6.675s] Level 1:colcon.colcon_core.package_identification:_identify(env/lib/python3.10/site-packages/OpenGL/GL/ATI/__pycache__) by extension 'ignore_ament_install'
[6.676s] Level 1:colcon.colcon_core.package_identification:_identify(env/lib/python3.10/site-packages/OpenGL/GL/ATI/__pycache__) by extensions ['colcon_pkg']
[6.676s] Level 1:colcon.colcon_core.package_identification:_identify(env/lib/python3.10/site-packages/OpenGL/GL/ATI/__pycache__) by extension 'colcon_pkg'
[6.676s] Level 1:colcon.colcon_core.package_identification:_identify(env/lib/python3.10/site-packages/OpenGL/GL/ATI/__pycache__) by extensions ['colcon_meta']
[6.676s] Level 1:colcon.colcon_core.package_identification:_identify(env/lib/python3.10/site-packages/OpenGL/GL/ATI/__pycache__) by extension 'colcon_meta'
[6.677s] Level 1:colcon.colcon_core.package_identification:_identify(env/lib/python3.10/site-packages/OpenGL/GL/ATI/__pycache__) by extensions ['ros']
[6.677s] Level 1:colcon.colcon_core.package_identification:_identify(env/lib/python3.10/site-packages/OpenGL/GL/ATI/__pycache__) by extension 'ros'
[6.678s] Level 1:colcon.colcon_core.package_identification:_identify(env/lib/python3.10/site-packages/OpenGL/GL/ATI/__pycache__) by extensions ['cmake', 'python']
[6.678s] Level 1:colcon.colcon_core.package_identification:_identify(env/lib/python3.10/site-packages/OpenGL/GL/ATI/__pycache__) by extension 'cmake'
[6.678s] Level 1:colcon.colcon_core.package_identification:_identify(env/lib/python3.10/site-packages/OpenGL/GL/ATI/__pycache__) by extension 'python'
[6.678s] Level 1:colcon.colcon_core.package_identification:_identify(env/lib/python3.10/site-packages/OpenGL/GL/ATI/__pycache__) by extensions ['python_setup_py']
[6.679s] Level 1:colcon.colcon_core.package_identification:_identify(env/lib/python3.10/site-packages/OpenGL/GL/ATI/__pycache__) by extension 'python_setup_py'
[6.680s] Level 1:colcon.colcon_core.package_identification:_identify(env/lib/python3.10/site-packages/OpenGL/GL/DFX) by extensions ['ignore', 'ignore_ament_install']
[6.680s] Level 1:colcon.colcon_core.package_identification:_identify(env/lib/python3.10/site-packages/OpenGL/GL/DFX) by extension 'ignore'
[6.680s] Level 1:colcon.colcon_core.package_identification:_identify(env/lib/python3.10/site-packages/OpenGL/GL/DFX) by extension 'ignore_ament_install'
[6.681s] Level 1:colcon.colcon_core.package_identification:_identify(env/lib/python3.10/site-packages/OpenGL/GL/DFX) by extensions ['colcon_pkg']
[6.681s] Level 1:colcon.colcon_core.package_identification:_identify(env/lib/python3.10/site-packages/OpenGL/GL/DFX) by extension 'colcon_pkg'
[6.681s] Level 1:colcon.colcon_core.package_identification:_identify(env/lib/python3.10/site-packages/OpenGL/GL/DFX) by extensions ['colcon_meta']
[6.681s] Level 1:colcon.colcon_core.package_identification:_identify(env/lib/python3.10/site-packages/OpenGL/GL/DFX) by extension 'colcon_meta'
[6.682s] Level 1:colcon.colcon_core.package_identification:_identify(env/lib/python3.10/site-packages/OpenGL/GL/DFX) by extensions ['ros']
[6.682s] Level 1:colcon.colcon_core.package_identification:_identify(env/lib/python3.10/site-packages/OpenGL/GL/DFX) by extension 'ros'
[6.683s] Level 1:colcon.colcon_core.package_identification:_identify(env/lib/python3.10/site-packages/OpenGL/GL/DFX) by extensions ['cmake', 'python']
[6.683s] Level 1:colcon.colcon_core.package_identification:_identify(env/lib/python3.10/site-packages/OpenGL/GL/DFX) by extension 'cmake'
[6.683s] Level 1:colcon.colcon_core.package_identification:_identify(env/lib/python3.10/site-packages/OpenGL/GL/DFX) by extension 'python'
[6.683s] Level 1:colcon.colcon_core.package_identification:_identify(env/lib/python3.10/site-packages/OpenGL/GL/DFX) by extensions ['python_setup_py']
[6.683s] Level 1:colcon.colcon_core.package_identification:_identify(env/lib/python3.10/site-packages/OpenGL/GL/DFX) by extension 'python_setup_py'
[6.684s] Level 1:colcon.colcon_core.package_identification:_identify(env/lib/python3.10/site-packages/OpenGL/GL/DFX/__pycache__) by extensions ['ignore', 'ignore_ament_install']
[6.685s] Level 1:colcon.colcon_core.package_identification:_identify(env/lib/python3.10/site-packages/OpenGL/GL/DFX/__pycache__) by extension 'ignore'
[6.685s] Level 1:colcon.colcon_core.package_identification:_identify(env/lib/python3.10/site-packages/OpenGL/GL/DFX/__pycache__) by extension 'ignore_ament_install'
[6.686s] Level 1:colcon.colcon_core.package_identification:_identify(env/lib/python3.10/site-packages/OpenGL/GL/DFX/__pycache__) by extensions ['colcon_pkg']
[6.686s] Level 1:colcon.colcon_core.package_identification:_identify(env/lib/python3.10/site-packages/OpenGL/GL/DFX/__pycache__) by extension 'colcon_pkg'
[6.686s] Level 1:colcon.colcon_core.package_identification:_identify(env/lib/python3.10/site-packages/OpenGL/GL/DFX/__pycache__) by extensions ['colcon_meta']
[6.686s] Level 1:colcon.colcon_core.package_identification:_identify(env/lib/python3.10/site-packages/OpenGL/GL/DFX/__pycache__) by extension 'colcon_meta'
[6.687s] Level 1:colcon.colcon_core.package_identification:_identify(env/lib/python3.10/site-packages/OpenGL/GL/DFX/__pycache__) by extensions ['ros']
[6.687s] Level 1:colcon.colcon_core.package_identification:_identify(env/lib/python3.10/site-packages/OpenGL/GL/DFX/__pycache__) by extension 'ros'
[6.688s] Level 1:colcon.colcon_core.package_identification:_identify(env/lib/python3.10/site-packages/OpenGL/GL/DFX/__pycache__) by extensions ['cmake', 'python']
[6.688s] Level 1:colcon.colcon_core.package_identification:_identify(env/lib/python3.10/site-packages/OpenGL/GL/DFX/__pycache__) by extension 'cmake'
[6.689s] Level 1:colcon.colcon_core.package_identification:_identify(env/lib/python3.10/site-packages/OpenGL/GL/DFX/__pycache__) by extension 'python'
[6.689s] Level 1:colcon.colcon_core.package_identification:_identify(env/lib/python3.10/site-packages/OpenGL/GL/DFX/__pycache__) by extensions ['python_setup_py']
[6.690s] Level 1:colcon.colcon_core.package_identification:_identify(env/lib/python3.10/site-packages/OpenGL/GL/DFX/__pycache__) by extension 'python_setup_py'
[6.690s] Level 1:colcon.colcon_core.package_identification:_identify(env/lib/python3.10/site-packages/OpenGL/GL/DMP) by extensions ['ignore', 'ignore_ament_install']
[6.690s] Level 1:colcon.colcon_core.package_identification:_identify(env/lib/python3.10/site-packages/OpenGL/GL/DMP) by extension 'ignore'
[6.691s] Level 1:colcon.colcon_core.package_identification:_identify(env/lib/python3.10/site-packages/OpenGL/GL/DMP) by extension 'ignore_ament_install'
[6.691s] Level 1:colcon.colcon_core.package_identification:_identify(env/lib/python3.10/site-packages/OpenGL/GL/DMP) by extensions ['colcon_pkg']
[6.691s] Level 1:colcon.colcon_core.package_identification:_identify(env/lib/python3.10/site-packages/OpenGL/GL/DMP) by extension 'colcon_pkg'
[6.691s] Level 1:colcon.colcon_core.package_identification:_identify(env/lib/python3.10/site-packages/OpenGL/GL/DMP) by extensions ['colcon_meta']
[6.692s] Level 1:colcon.colcon_core.package_identification:_identify(env/lib/python3.10/site-packages/OpenGL/GL/DMP) by extension 'colcon_meta'
[6.692s] Level 1:colcon.colcon_core.package_identification:_identify(env/lib/python3.10/site-packages/OpenGL/GL/DMP) by extensions ['ros']
[6.692s] Level 1:colcon.colcon_core.package_identification:_identify(env/lib/python3.10/site-packages/OpenGL/GL/DMP) by extension 'ros'
[6.692s] Level 1:colcon.colcon_core.package_identification:_identify(env/lib/python3.10/site-packages/OpenGL/GL/DMP) by extensions ['cmake', 'python']
[6.693s] Level 1:colcon.colcon_core.package_identification:_identify(env/lib/python3.10/site-packages/OpenGL/GL/DMP) by extension 'cmake'
[6.693s] Level 1:colcon.colcon_core.package_identification:_identify(env/lib/python3.10/site-packages/OpenGL/GL/DMP) by extension 'python'
[6.693s] Level 1:colcon.colcon_core.package_identification:_identify(env/lib/python3.10/site-packages/OpenGL/GL/DMP) by extensions ['python_setup_py']
[6.693s] Level 1:colcon.colcon_core.package_identification:_identify(env/lib/python3.10/site-packages/OpenGL/GL/DMP) by extension 'python_setup_py'
[6.694s] Level 1:colcon.colcon_core.package_identification:_identify(env/lib/python3.10/site-packages/OpenGL/GL/DMP/__pycache__) by extensions ['ignore', 'ignore_ament_install']
[6.694s] Level 1:colcon.colcon_core.package_identification:_identify(env/lib/python3.10/site-packages/OpenGL/GL/DMP/__pycache__) by extension 'ignore'
[6.695s] Level 1:colcon.colcon_core.package_identification:_identify(env/lib/python3.10/site-packages/OpenGL/GL/DMP/__pycache__) by extension 'ignore_ament_install'
[6.695s] Level 1:colcon.colcon_core.package_identification:_identify(env/lib/python3.10/site-packages/OpenGL/GL/DMP/__pycache__) by extensions ['colcon_pkg']
[6.695s] Level 1:colcon.colcon_core.package_identification:_identify(env/lib/python3.10/site-packages/OpenGL/GL/DMP/__pycache__) by extension 'colcon_pkg'
[6.696s] Level 1:colcon.colcon_core.package_identification:_identify(env/lib/python3.10/site-packages/OpenGL/GL/DMP/__pycache__) by extensions ['colcon_meta']
[6.696s] Level 1:colcon.colcon_core.package_identification:_identify(env/lib/python3.10/site-packages/OpenGL/GL/DMP/__pycache__) by extension 'colcon_meta'
[6.696s] Level 1:colcon.colcon_core.package_identification:_identify(env/lib/python3.10/site-packages/OpenGL/GL/DMP/__pycache__) by extensions ['ros']
[6.696s] Level 1:colcon.colcon_core.package_identification:_identify(env/lib/python3.10/site-packages/OpenGL/GL/DMP/__pycache__) by extension 'ros'
[6.697s] Level 1:colcon.colcon_core.package_identification:_identify(env/lib/python3.10/site-packages/OpenGL/GL/DMP/__pycache__) by extensions ['cmake', 'python']
[6.698s] Level 1:colcon.colcon_core.package_identification:_identify(env/lib/python3.10/site-packages/OpenGL/GL/DMP/__pycache__) by extension 'cmake'
[6.698s] Level 1:colcon.colcon_core.package_identification:_identify(env/lib/python3.10/site-packages/OpenGL/GL/DMP/__pycache__) by extension 'python'
[6.698s] Level 1:colcon.colcon_core.package_identification:_identify(env/lib/python3.10/site-packages/OpenGL/GL/DMP/__pycache__) by extensions ['python_setup_py']
[6.698s] Level 1:colcon.colcon_core.package_identification:_identify(env/lib/python3.10/site-packages/OpenGL/GL/DMP/__pycache__) by extension 'python_setup_py'
[6.700s] Level 1:colcon.colcon_core.package_identification:_identify(env/lib/python3.10/site-packages/OpenGL/GL/EXT) by extensions ['ignore', 'ignore_ament_install']
[6.700s] Level 1:colcon.colcon_core.package_identification:_identify(env/lib/python3.10/site-packages/OpenGL/GL/EXT) by extension 'ignore'
[6.700s] Level 1:colcon.colcon_core.package_identification:_identify(env/lib/python3.10/site-packages/OpenGL/GL/EXT) by extension 'ignore_ament_install'
[6.700s] Level 1:colcon.colcon_core.package_identification:_identify(env/lib/python3.10/site-packages/OpenGL/GL/EXT) by extensions ['colcon_pkg']
[6.701s] Level 1:colcon.colcon_core.package_identification:_identify(env/lib/python3.10/site-packages/OpenGL/GL/EXT) by extension 'colcon_pkg'
[6.701s] Level 1:colcon.colcon_core.package_identification:_identify(env/lib/python3.10/site-packages/OpenGL/GL/EXT) by extensions ['colcon_meta']
[6.701s] Level 1:colcon.colcon_core.package_identification:_identify(env/lib/python3.10/site-packages/OpenGL/GL/EXT) by extension 'colcon_meta'
[6.702s] Level 1:colcon.colcon_core.package_identification:_identify(env/lib/python3.10/site-packages/OpenGL/GL/EXT) by extensions ['ros']
[6.702s] Level 1:colcon.colcon_core.package_identification:_identify(env/lib/python3.10/site-packages/OpenGL/GL/EXT) by extension 'ros'
[6.702s] Level 1:colcon.colcon_core.package_identification:_identify(env/lib/python3.10/site-packages/OpenGL/GL/EXT) by extensions ['cmake', 'python']
[6.703s] Level 1:colcon.colcon_core.package_identification:_identify(env/lib/python3.10/site-packages/OpenGL/GL/EXT) by extension 'cmake'
[6.703s] Level 1:colcon.colcon_core.package_identification:_identify(env/lib/python3.10/site-packages/OpenGL/GL/EXT) by extension 'python'
[6.703s] Level 1:colcon.colcon_core.package_identification:_identify(env/lib/python3.10/site-packages/OpenGL/GL/EXT) by extensions ['python_setup_py']
[6.703s] Level 1:colcon.colcon_core.package_identification:_identify(env/lib/python3.10/site-packages/OpenGL/GL/EXT) by extension 'python_setup_py'
[6.705s] Level 1:colcon.colcon_core.package_identification:_identify(env/lib/python3.10/site-packages/OpenGL/GL/EXT/__pycache__) by extensions ['ignore', 'ignore_ament_install']
[6.705s] Level 1:colcon.colcon_core.package_identification:_identify(env/lib/python3.10/site-packages/OpenGL/GL/EXT/__pycache__) by extension 'ignore'
[6.706s] Level 1:colcon.colcon_core.package_identification:_identify(env/lib/python3.10/site-packages/OpenGL/GL/EXT/__pycache__) by extension 'ignore_ament_install'
[6.706s] Level 1:colcon.colcon_core.package_identification:_identify(env/lib/python3.10/site-packages/OpenGL/GL/EXT/__pycache__) by extensions ['colcon_pkg']
[6.706s] Level 1:colcon.colcon_core.package_identification:_identify(env/lib/python3.10/site-packages/OpenGL/GL/EXT/__pycache__) by extension 'colcon_pkg'
[6.706s] Level 1:colcon.colcon_core.package_identification:_identify(env/lib/python3.10/site-packages/OpenGL/GL/EXT/__pycache__) by extensions ['colcon_meta']
[6.707s] Level 1:colcon.colcon_core.package_identification:_identify(env/lib/python3.10/site-packages/OpenGL/GL/EXT/__pycache__) by extension 'colcon_meta'
[6.707s] Level 1:colcon.colcon_core.package_identification:_identify(env/lib/python3.10/site-packages/OpenGL/GL/EXT/__pycache__) by extensions ['ros']
[6.707s] Level 1:colcon.colcon_core.package_identification:_identify(env/lib/python3.10/site-packages/OpenGL/GL/EXT/__pycache__) by extension 'ros'
[6.708s] Level 1:colcon.colcon_core.package_identification:_identify(env/lib/python3.10/site-packages/OpenGL/GL/EXT/__pycache__) by extensions ['cmake', 'python']
[6.708s] Level 1:colcon.colcon_core.package_identification:_identify(env/lib/python3.10/site-packages/OpenGL/GL/EXT/__pycache__) by extension 'cmake'
[6.709s] Level 1:colcon.colcon_core.package_identification:_identify(env/lib/python3.10/site-packages/OpenGL/GL/EXT/__pycache__) by extension 'python'
[6.709s] Level 1:colcon.colcon_core.package_identification:_identify(env/lib/python3.10/site-packages/OpenGL/GL/EXT/__pycache__) by extensions ['python_setup_py']
[6.709s] Level 1:colcon.colcon_core.package_identification:_identify(env/lib/python3.10/site-packages/OpenGL/GL/EXT/__pycache__) by extension 'python_setup_py'
[6.710s] Level 1:colcon.colcon_core.package_identification:_identify(env/lib/python3.10/site-packages/OpenGL/GL/FJ) by extensions ['ignore', 'ignore_ament_install']
[6.711s] Level 1:colcon.colcon_core.package_identification:_identify(env/lib/python3.10/site-packages/OpenGL/GL/FJ) by extension 'ignore'
[6.711s] Level 1:colcon.colcon_core.package_identification:_identify(env/lib/python3.10/site-packages/OpenGL/GL/FJ) by extension 'ignore_ament_install'
[6.711s] Level 1:colcon.colcon_core.package_identification:_identify(env/lib/python3.10/site-packages/OpenGL/GL/FJ) by extensions ['colcon_pkg']
[6.711s] Level 1:colcon.colcon_core.package_identification:_identify(env/lib/python3.10/site-packages/OpenGL/GL/FJ) by extension 'colcon_pkg'
[6.711s] Level 1:colcon.colcon_core.package_identification:_identify(env/lib/python3.10/site-packages/OpenGL/GL/FJ) by extensions ['colcon_meta']
[6.712s] Level 1:colcon.colcon_core.package_identification:_identify(env/lib/python3.10/site-packages/OpenGL/GL/FJ) by extension 'colcon_meta'
[6.712s] Level 1:colcon.colcon_core.package_identification:_identify(env/lib/python3.10/site-packages/OpenGL/GL/FJ) by extensions ['ros']
[6.712s] Level 1:colcon.colcon_core.package_identification:_identify(env/lib/python3.10/site-packages/OpenGL/GL/FJ) by extension 'ros'
[6.713s] Level 1:colcon.colcon_core.package_identification:_identify(env/lib/python3.10/site-packages/OpenGL/GL/FJ) by extensions ['cmake', 'python']
[6.713s] Level 1:colcon.colcon_core.package_identification:_identify(env/lib/python3.10/site-packages/OpenGL/GL/FJ) by extension 'cmake'
[6.713s] Level 1:colcon.colcon_core.package_identification:_identify(env/lib/python3.10/site-packages/OpenGL/GL/FJ) by extension 'python'
[6.713s] Level 1:colcon.colcon_core.package_identification:_identify(env/lib/python3.10/site-packages/OpenGL/GL/FJ) by extensions ['python_setup_py']
[6.714s] Level 1:colcon.colcon_core.package_identification:_identify(env/lib/python3.10/site-packages/OpenGL/GL/FJ) by extension 'python_setup_py'
[6.714s] Level 1:colcon.colcon_core.package_identification:_identify(env/lib/python3.10/site-packages/OpenGL/GL/FJ/__pycache__) by extensions ['ignore', 'ignore_ament_install']
[6.715s] Level 1:colcon.colcon_core.package_identification:_identify(env/lib/python3.10/site-packages/OpenGL/GL/FJ/__pycache__) by extension 'ignore'
[6.715s] Level 1:colcon.colcon_core.package_identification:_identify(env/lib/python3.10/site-packages/OpenGL/GL/FJ/__pycache__) by extension 'ignore_ament_install'
[6.715s] Level 1:colcon.colcon_core.package_identification:_identify(env/lib/python3.10/site-packages/OpenGL/GL/FJ/__pycache__) by extensions ['colcon_pkg']
[6.716s] Level 1:colcon.colcon_core.package_identification:_identify(env/lib/python3.10/site-packages/OpenGL/GL/FJ/__pycache__) by extension 'colcon_pkg'
[6.716s] Level 1:colcon.colcon_core.package_identification:_identify(env/lib/python3.10/site-packages/OpenGL/GL/FJ/__pycache__) by extensions ['colcon_meta']
[6.716s] Level 1:colcon.colcon_core.package_identification:_identify(env/lib/python3.10/site-packages/OpenGL/GL/FJ/__pycache__) by extension 'colcon_meta'
[6.716s] Level 1:colcon.colcon_core.package_identification:_identify(env/lib/python3.10/site-packages/OpenGL/GL/FJ/__pycache__) by extensions ['ros']
[6.717s] Level 1:colcon.colcon_core.package_identification:_identify(env/lib/python3.10/site-packages/OpenGL/GL/FJ/__pycache__) by extension 'ros'
[6.717s] Level 1:colcon.colcon_core.package_identification:_identify(env/lib/python3.10/site-packages/OpenGL/GL/FJ/__pycache__) by extensions ['cmake', 'python']
[6.717s] Level 1:colcon.colcon_core.package_identification:_identify(env/lib/python3.10/site-packages/OpenGL/GL/FJ/__pycache__) by extension 'cmake'
[6.724s] Level 1:colcon.colcon_core.package_identification:_identify(env/lib/python3.10/site-packages/OpenGL/GL/FJ/__pycache__) by extension 'python'
[6.724s] Level 1:colcon.colcon_core.package_identification:_identify(env/lib/python3.10/site-packages/OpenGL/GL/FJ/__pycache__) by extensions ['python_setup_py']
[6.725s] Level 1:colcon.colcon_core.package_identification:_identify(env/lib/python3.10/site-packages/OpenGL/GL/FJ/__pycache__) by extension 'python_setup_py'
[6.726s] Level 1:colcon.colcon_core.package_identification:_identify(env/lib/python3.10/site-packages/OpenGL/GL/GREMEDY) by extensions ['ignore', 'ignore_ament_install']
[6.726s] Level 1:colcon.colcon_core.package_identification:_identify(env/lib/python3.10/site-packages/OpenGL/GL/GREMEDY) by extension 'ignore'
[6.727s] Level 1:colcon.colcon_core.package_identification:_identify(env/lib/python3.10/site-packages/OpenGL/GL/GREMEDY) by extension 'ignore_ament_install'
[6.727s] Level 1:colcon.colcon_core.package_identification:_identify(env/lib/python3.10/site-packages/OpenGL/GL/GREMEDY) by extensions ['colcon_pkg']
[6.727s] Level 1:colcon.colcon_core.package_identification:_identify(env/lib/python3.10/site-packages/OpenGL/GL/GREMEDY) by extension 'colcon_pkg'
[6.733s] Level 1:colcon.colcon_core.package_identification:_identify(env/lib/python3.10/site-packages/OpenGL/GL/GREMEDY) by extensions ['colcon_meta']
[6.733s] Level 1:colcon.colcon_core.package_identification:_identify(env/lib/python3.10/site-packages/OpenGL/GL/GREMEDY) by extension 'colcon_meta'
[6.734s] Level 1:colcon.colcon_core.package_identification:_identify(env/lib/python3.10/site-packages/OpenGL/GL/GREMEDY) by extensions ['ros']
[6.734s] Level 1:colcon.colcon_core.package_identification:_identify(env/lib/python3.10/site-packages/OpenGL/GL/GREMEDY) by extension 'ros'
[6.734s] Level 1:colcon.colcon_core.package_identification:_identify(env/lib/python3.10/site-packages/OpenGL/GL/GREMEDY) by extensions ['cmake', 'python']
[6.734s] Level 1:colcon.colcon_core.package_identification:_identify(env/lib/python3.10/site-packages/OpenGL/GL/GREMEDY) by extension 'cmake'
[6.735s] Level 1:colcon.colcon_core.package_identification:_identify(env/lib/python3.10/site-packages/OpenGL/GL/GREMEDY) by extension 'python'
[6.735s] Level 1:colcon.colcon_core.package_identification:_identify(env/lib/python3.10/site-packages/OpenGL/GL/GREMEDY) by extensions ['python_setup_py']
[6.735s] Level 1:colcon.colcon_core.package_identification:_identify(env/lib/python3.10/site-packages/OpenGL/GL/GREMEDY) by extension 'python_setup_py'
[6.736s] Level 1:colcon.colcon_core.package_identification:_identify(env/lib/python3.10/site-packages/OpenGL/GL/GREMEDY/__pycache__) by extensions ['ignore', 'ignore_ament_install']
[6.744s] Level 1:colcon.colcon_core.package_identification:_identify(env/lib/python3.10/site-packages/OpenGL/GL/GREMEDY/__pycache__) by extension 'ignore'
[6.745s] Level 1:colcon.colcon_core.package_identification:_identify(env/lib/python3.10/site-packages/OpenGL/GL/GREMEDY/__pycache__) by extension 'ignore_ament_install'
[6.745s] Level 1:colcon.colcon_core.package_identification:_identify(env/lib/python3.10/site-packages/OpenGL/GL/GREMEDY/__pycache__) by extensions ['colcon_pkg']
[6.745s] Level 1:colcon.colcon_core.package_identification:_identify(env/lib/python3.10/site-packages/OpenGL/GL/GREMEDY/__pycache__) by extension 'colcon_pkg'
[6.746s] Level 1:colcon.colcon_core.package_identification:_identify(env/lib/python3.10/site-packages/OpenGL/GL/GREMEDY/__pycache__) by extensions ['colcon_meta']
[6.746s] Level 1:colcon.colcon_core.package_identification:_identify(env/lib/python3.10/site-packages/OpenGL/GL/GREMEDY/__pycache__) by extension 'colcon_meta'
[6.746s] Level 1:colcon.colcon_core.package_identification:_identify(env/lib/python3.10/site-packages/OpenGL/GL/GREMEDY/__pycache__) by extensions ['ros']
[6.747s] Level 1:colcon.colcon_core.package_identification:_identify(env/lib/python3.10/site-packages/OpenGL/GL/GREMEDY/__pycache__) by extension 'ros'
[6.747s] Level 1:colcon.colcon_core.package_identification:_identify(env/lib/python3.10/site-packages/OpenGL/GL/GREMEDY/__pycache__) by extensions ['cmake', 'python']
[6.755s] Level 1:colcon.colcon_core.package_identification:_identify(env/lib/python3.10/site-packages/OpenGL/GL/GREMEDY/__pycache__) by extension 'cmake'
[6.755s] Level 1:colcon.colcon_core.package_identification:_identify(env/lib/python3.10/site-packages/OpenGL/GL/GREMEDY/__pycache__) by extension 'python'
[6.755s] Level 1:colcon.colcon_core.package_identification:_identify(env/lib/python3.10/site-packages/OpenGL/GL/GREMEDY/__pycache__) by extensions ['python_setup_py']
[6.755s] Level 1:colcon.colcon_core.package_identification:_identify(env/lib/python3.10/site-packages/OpenGL/GL/GREMEDY/__pycache__) by extension 'python_setup_py'
[6.756s] Level 1:colcon.colcon_core.package_identification:_identify(env/lib/python3.10/site-packages/OpenGL/GL/HP) by extensions ['ignore', 'ignore_ament_install']
[6.756s] Level 1:colcon.colcon_core.package_identification:_identify(env/lib/python3.10/site-packages/OpenGL/GL/HP) by extension 'ignore'
[6.757s] Level 1:colcon.colcon_core.package_identification:_identify(env/lib/python3.10/site-packages/OpenGL/GL/HP) by extension 'ignore_ament_install'
[6.757s] Level 1:colcon.colcon_core.package_identification:_identify(env/lib/python3.10/site-packages/OpenGL/GL/HP) by extensions ['colcon_pkg']
[6.757s] Level 1:colcon.colcon_core.package_identification:_identify(env/lib/python3.10/site-packages/OpenGL/GL/HP) by extension 'colcon_pkg'
[6.757s] Level 1:colcon.colcon_core.package_identification:_identify(env/lib/python3.10/site-packages/OpenGL/GL/HP) by extensions ['colcon_meta']
[6.758s] Level 1:colcon.colcon_core.package_identification:_identify(env/lib/python3.10/site-packages/OpenGL/GL/HP) by extension 'colcon_meta'
[6.758s] Level 1:colcon.colcon_core.package_identification:_identify(env/lib/python3.10/site-packages/OpenGL/GL/HP) by extensions ['ros']
[6.758s] Level 1:colcon.colcon_core.package_identification:_identify(env/lib/python3.10/site-packages/OpenGL/GL/HP) by extension 'ros'
[6.758s] Level 1:colcon.colcon_core.package_identification:_identify(env/lib/python3.10/site-packages/OpenGL/GL/HP) by extensions ['cmake', 'python']
[6.758s] Level 1:colcon.colcon_core.package_identification:_identify(env/lib/python3.10/site-packages/OpenGL/GL/HP) by extension 'cmake'
[6.767s] Level 1:colcon.colcon_core.package_identification:_identify(env/lib/python3.10/site-packages/OpenGL/GL/HP) by extension 'python'
[6.768s] Level 1:colcon.colcon_core.package_identification:_identify(env/lib/python3.10/site-packages/OpenGL/GL/HP) by extensions ['python_setup_py']
[6.768s] Level 1:colcon.colcon_core.package_identification:_identify(env/lib/python3.10/site-packages/OpenGL/GL/HP) by extension 'python_setup_py'
[6.769s] Level 1:colcon.colcon_core.package_identification:_identify(env/lib/python3.10/site-packages/OpenGL/GL/HP/__pycache__) by extensions ['ignore', 'ignore_ament_install']
[6.769s] Level 1:colcon.colcon_core.package_identification:_identify(env/lib/python3.10/site-packages/OpenGL/GL/HP/__pycache__) by extension 'ignore'
[6.770s] Level 1:colcon.colcon_core.package_identification:_identify(env/lib/python3.10/site-packages/OpenGL/GL/HP/__pycache__) by extension 'ignore_ament_install'
[6.770s] Level 1:colcon.colcon_core.package_identification:_identify(env/lib/python3.10/site-packages/OpenGL/GL/HP/__pycache__) by extensions ['colcon_pkg']
[6.770s] Level 1:colcon.colcon_core.package_identification:_identify(env/lib/python3.10/site-packages/OpenGL/GL/HP/__pycache__) by extension 'colcon_pkg'
[6.777s] Level 1:colcon.colcon_core.package_identification:_identify(env/lib/python3.10/site-packages/OpenGL/GL/HP/__pycache__) by extensions ['colcon_meta']
[6.777s] Level 1:colcon.colcon_core.package_identification:_identify(env/lib/python3.10/site-packages/OpenGL/GL/HP/__pycache__) by extension 'colcon_meta'
[6.778s] Level 1:colcon.colcon_core.package_identification:_identify(env/lib/python3.10/site-packages/OpenGL/GL/HP/__pycache__) by extensions ['ros']
[6.778s] Level 1:colcon.colcon_core.package_identification:_identify(env/lib/python3.10/site-packages/OpenGL/GL/HP/__pycache__) by extension 'ros'
[6.779s] Level 1:colcon.colcon_core.package_identification:_identify(env/lib/python3.10/site-packages/OpenGL/GL/HP/__pycache__) by extensions ['cmake', 'python']
[6.779s] Level 1:colcon.colcon_core.package_identification:_identify(env/lib/python3.10/site-packages/OpenGL/GL/HP/__pycache__) by extension 'cmake'
[6.779s] Level 1:colcon.colcon_core.package_identification:_identify(env/lib/python3.10/site-packages/OpenGL/GL/HP/__pycache__) by extension 'python'
[6.779s] Level 1:colcon.colcon_core.package_identification:_identify(env/lib/python3.10/site-packages/OpenGL/GL/HP/__pycache__) by extensions ['python_setup_py']
[6.779s] Level 1:colcon.colcon_core.package_identification:_identify(env/lib/python3.10/site-packages/OpenGL/GL/HP/__pycache__) by extension 'python_setup_py'
[6.783s] Level 1:colcon.colcon_core.package_identification:_identify(env/lib/python3.10/site-packages/OpenGL/GL/IBM) by extensions ['ignore', 'ignore_ament_install']
[6.787s] Level 1:colcon.colcon_core.package_identification:_identify(env/lib/python3.10/site-packages/OpenGL/GL/IBM) by extension 'ignore'
[6.787s] Level 1:colcon.colcon_core.package_identification:_identify(env/lib/python3.10/site-packages/OpenGL/GL/IBM) by extension 'ignore_ament_install'
[6.788s] Level 1:colcon.colcon_core.package_identification:_identify(env/lib/python3.10/site-packages/OpenGL/GL/IBM) by extensions ['colcon_pkg']
[6.788s] Level 1:colcon.colcon_core.package_identification:_identify(env/lib/python3.10/site-packages/OpenGL/GL/IBM) by extension 'colcon_pkg'
[6.788s] Level 1:colcon.colcon_core.package_identification:_identify(env/lib/python3.10/site-packages/OpenGL/GL/IBM) by extensions ['colcon_meta']
[6.788s] Level 1:colcon.colcon_core.package_identification:_identify(env/lib/python3.10/site-packages/OpenGL/GL/IBM) by extension 'colcon_meta'
[6.789s] Level 1:colcon.colcon_core.package_identification:_identify(env/lib/python3.10/site-packages/OpenGL/GL/IBM) by extensions ['ros']
[6.789s] Level 1:colcon.colcon_core.package_identification:_identify(env/lib/python3.10/site-packages/OpenGL/GL/IBM) by extension 'ros'
[6.813s] Level 1:colcon.colcon_core.package_identification:_identify(env/lib/python3.10/site-packages/OpenGL/GL/IBM) by extensions ['cmake', 'python']
[6.813s] Level 1:colcon.colcon_core.package_identification:_identify(env/lib/python3.10/site-packages/OpenGL/GL/IBM) by extension 'cmake'
[6.813s] Level 1:colcon.colcon_core.package_identification:_identify(env/lib/python3.10/site-packages/OpenGL/GL/IBM) by extension 'python'
[6.813s] Level 1:colcon.colcon_core.package_identification:_identify(env/lib/python3.10/site-packages/OpenGL/GL/IBM) by extensions ['python_setup_py']
[6.814s] Level 1:colcon.colcon_core.package_identification:_identify(env/lib/python3.10/site-packages/OpenGL/GL/IBM) by extension 'python_setup_py'
[6.814s] Level 1:colcon.colcon_core.package_identification:_identify(env/lib/python3.10/site-packages/OpenGL/GL/IBM/__pycache__) by extensions ['ignore', 'ignore_ament_install']
[6.815s] Level 1:colcon.colcon_core.package_identification:_identify(env/lib/python3.10/site-packages/OpenGL/GL/IBM/__pycache__) by extension 'ignore'
[6.815s] Level 1:colcon.colcon_core.package_identification:_identify(env/lib/python3.10/site-packages/OpenGL/GL/IBM/__pycache__) by extension 'ignore_ament_install'
[6.815s] Level 1:colcon.colcon_core.package_identification:_identify(env/lib/python3.10/site-packages/OpenGL/GL/IBM/__pycache__) by extensions ['colcon_pkg']
[6.831s] Level 1:colcon.colcon_core.package_identification:_identify(env/lib/python3.10/site-packages/OpenGL/GL/IBM/__pycache__) by extension 'colcon_pkg'
[6.832s] Level 1:colcon.colcon_core.package_identification:_identify(env/lib/python3.10/site-packages/OpenGL/GL/IBM/__pycache__) by extensions ['colcon_meta']
[6.832s] Level 1:colcon.colcon_core.package_identification:_identify(env/lib/python3.10/site-packages/OpenGL/GL/IBM/__pycache__) by extension 'colcon_meta'
[6.832s] Level 1:colcon.colcon_core.package_identification:_identify(env/lib/python3.10/site-packages/OpenGL/GL/IBM/__pycache__) by extensions ['ros']
[6.833s] Level 1:colcon.colcon_core.package_identification:_identify(env/lib/python3.10/site-packages/OpenGL/GL/IBM/__pycache__) by extension 'ros'
[6.833s] Level 1:colcon.colcon_core.package_identification:_identify(env/lib/python3.10/site-packages/OpenGL/GL/IBM/__pycache__) by extensions ['cmake', 'python']
[6.833s] Level 1:colcon.colcon_core.package_identification:_identify(env/lib/python3.10/site-packages/OpenGL/GL/IBM/__pycache__) by extension 'cmake'
[6.834s] Level 1:colcon.colcon_core.package_identification:_identify(env/lib/python3.10/site-packages/OpenGL/GL/IBM/__pycache__) by extension 'python'
[6.834s] Level 1:colcon.colcon_core.package_identification:_identify(env/lib/python3.10/site-packages/OpenGL/GL/IBM/__pycache__) by extensions ['python_setup_py']
[6.834s] Level 1:colcon.colcon_core.package_identification:_identify(env/lib/python3.10/site-packages/OpenGL/GL/IBM/__pycache__) by extension 'python_setup_py'
[6.852s] Level 1:colcon.colcon_core.package_identification:_identify(env/lib/python3.10/site-packages/OpenGL/GL/IMG) by extensions ['ignore', 'ignore_ament_install']
[6.853s] Level 1:colcon.colcon_core.package_identification:_identify(env/lib/python3.10/site-packages/OpenGL/GL/IMG) by extension 'ignore'
[6.853s] Level 1:colcon.colcon_core.package_identification:_identify(env/lib/python3.10/site-packages/OpenGL/GL/IMG) by extension 'ignore_ament_install'
[6.853s] Level 1:colcon.colcon_core.package_identification:_identify(env/lib/python3.10/site-packages/OpenGL/GL/IMG) by extensions ['colcon_pkg']
[6.853s] Level 1:colcon.colcon_core.package_identification:_identify(env/lib/python3.10/site-packages/OpenGL/GL/IMG) by extension 'colcon_pkg'
[6.854s] Level 1:colcon.colcon_core.package_identification:_identify(env/lib/python3.10/site-packages/OpenGL/GL/IMG) by extensions ['colcon_meta']
[6.854s] Level 1:colcon.colcon_core.package_identification:_identify(env/lib/python3.10/site-packages/OpenGL/GL/IMG) by extension 'colcon_meta'
[6.874s] Level 1:colcon.colcon_core.package_identification:_identify(env/lib/python3.10/site-packages/OpenGL/GL/IMG) by extensions ['ros']
[6.874s] Level 1:colcon.colcon_core.package_identification:_identify(env/lib/python3.10/site-packages/OpenGL/GL/IMG) by extension 'ros'
[6.875s] Level 1:colcon.colcon_core.package_identification:_identify(env/lib/python3.10/site-packages/OpenGL/GL/IMG) by extensions ['cmake', 'python']
[6.875s] Level 1:colcon.colcon_core.package_identification:_identify(env/lib/python3.10/site-packages/OpenGL/GL/IMG) by extension 'cmake'
[6.875s] Level 1:colcon.colcon_core.package_identification:_identify(env/lib/python3.10/site-packages/OpenGL/GL/IMG) by extension 'python'
[6.875s] Level 1:colcon.colcon_core.package_identification:_identify(env/lib/python3.10/site-packages/OpenGL/GL/IMG) by extensions ['python_setup_py']
[6.875s] Level 1:colcon.colcon_core.package_identification:_identify(env/lib/python3.10/site-packages/OpenGL/GL/IMG) by extension 'python_setup_py'
[6.876s] Level 1:colcon.colcon_core.package_identification:_identify(env/lib/python3.10/site-packages/OpenGL/GL/IMG/__pycache__) by extensions ['ignore', 'ignore_ament_install']
[6.876s] Level 1:colcon.colcon_core.package_identification:_identify(env/lib/python3.10/site-packages/OpenGL/GL/IMG/__pycache__) by extension 'ignore'
[6.877s] Level 1:colcon.colcon_core.package_identification:_identify(env/lib/python3.10/site-packages/OpenGL/GL/IMG/__pycache__) by extension 'ignore_ament_install'
[6.877s] Level 1:colcon.colcon_core.package_identification:_identify(env/lib/python3.10/site-packages/OpenGL/GL/IMG/__pycache__) by extensions ['colcon_pkg']
[6.877s] Level 1:colcon.colcon_core.package_identification:_identify(env/lib/python3.10/site-packages/OpenGL/GL/IMG/__pycache__) by extension 'colcon_pkg'
[6.902s] Level 1:colcon.colcon_core.package_identification:_identify(env/lib/python3.10/site-packages/OpenGL/GL/IMG/__pycache__) by extensions ['colcon_meta']
[6.902s] Level 1:colcon.colcon_core.package_identification:_identify(env/lib/python3.10/site-packages/OpenGL/GL/IMG/__pycache__) by extension 'colcon_meta'
[6.902s] Level 1:colcon.colcon_core.package_identification:_identify(env/lib/python3.10/site-packages/OpenGL/GL/IMG/__pycache__) by extensions ['ros']
[6.902s] Level 1:colcon.colcon_core.package_identification:_identify(env/lib/python3.10/site-packages/OpenGL/GL/IMG/__pycache__) by extension 'ros'
[6.903s] Level 1:colcon.colcon_core.package_identification:_identify(env/lib/python3.10/site-packages/OpenGL/GL/IMG/__pycache__) by extensions ['cmake', 'python']
[6.903s] Level 1:colcon.colcon_core.package_identification:_identify(env/lib/python3.10/site-packages/OpenGL/GL/IMG/__pycache__) by extension 'cmake'
[6.908s] Level 1:colcon.colcon_core.package_identification:_identify(env/lib/python3.10/site-packages/OpenGL/GL/IMG/__pycache__) by extension 'python'
[6.908s] Level 1:colcon.colcon_core.package_identification:_identify(env/lib/python3.10/site-packages/OpenGL/GL/IMG/__pycache__) by extensions ['python_setup_py']
[6.908s] Level 1:colcon.colcon_core.package_identification:_identify(env/lib/python3.10/site-packages/OpenGL/GL/IMG/__pycache__) by extension 'python_setup_py'
[6.925s] Level 1:colcon.colcon_core.package_identification:_identify(env/lib/python3.10/site-packages/OpenGL/GL/INGR) by extensions ['ignore', 'ignore_ament_install']
[6.926s] Level 1:colcon.colcon_core.package_identification:_identify(env/lib/python3.10/site-packages/OpenGL/GL/INGR) by extension 'ignore'
[6.926s] Level 1:colcon.colcon_core.package_identification:_identify(env/lib/python3.10/site-packages/OpenGL/GL/INGR) by extension 'ignore_ament_install'
[6.926s] Level 1:colcon.colcon_core.package_identification:_identify(env/lib/python3.10/site-packages/OpenGL/GL/INGR) by extensions ['colcon_pkg']
[6.927s] Level 1:colcon.colcon_core.package_identification:_identify(env/lib/python3.10/site-packages/OpenGL/GL/INGR) by extension 'colcon_pkg'
[6.927s] Level 1:colcon.colcon_core.package_identification:_identify(env/lib/python3.10/site-packages/OpenGL/GL/INGR) by extensions ['colcon_meta']
[6.927s] Level 1:colcon.colcon_core.package_identification:_identify(env/lib/python3.10/site-packages/OpenGL/GL/INGR) by extension 'colcon_meta'
[6.927s] Level 1:colcon.colcon_core.package_identification:_identify(env/lib/python3.10/site-packages/OpenGL/GL/INGR) by extensions ['ros']
[6.927s] Level 1:colcon.colcon_core.package_identification:_identify(env/lib/python3.10/site-packages/OpenGL/GL/INGR) by extension 'ros'
[6.928s] Level 1:colcon.colcon_core.package_identification:_identify(env/lib/python3.10/site-packages/OpenGL/GL/INGR) by extensions ['cmake', 'python']
[6.928s] Level 1:colcon.colcon_core.package_identification:_identify(env/lib/python3.10/site-packages/OpenGL/GL/INGR) by extension 'cmake'
[6.928s] Level 1:colcon.colcon_core.package_identification:_identify(env/lib/python3.10/site-packages/OpenGL/GL/INGR) by extension 'python'
[6.928s] Level 1:colcon.colcon_core.package_identification:_identify(env/lib/python3.10/site-packages/OpenGL/GL/INGR) by extensions ['python_setup_py']
[6.956s] Level 1:colcon.colcon_core.package_identification:_identify(env/lib/python3.10/site-packages/OpenGL/GL/INGR) by extension 'python_setup_py'
[6.957s] Level 1:colcon.colcon_core.package_identification:_identify(env/lib/python3.10/site-packages/OpenGL/GL/INGR/__pycache__) by extensions ['ignore', 'ignore_ament_install']
[6.957s] Level 1:colcon.colcon_core.package_identification:_identify(env/lib/python3.10/site-packages/OpenGL/GL/INGR/__pycache__) by extension 'ignore'
[6.957s] Level 1:colcon.colcon_core.package_identification:_identify(env/lib/python3.10/site-packages/OpenGL/GL/INGR/__pycache__) by extension 'ignore_ament_install'
[6.958s] Level 1:colcon.colcon_core.package_identification:_identify(env/lib/python3.10/site-packages/OpenGL/GL/INGR/__pycache__) by extensions ['colcon_pkg']
[6.958s] Level 1:colcon.colcon_core.package_identification:_identify(env/lib/python3.10/site-packages/OpenGL/GL/INGR/__pycache__) by extension 'colcon_pkg'
[6.958s] Level 1:colcon.colcon_core.package_identification:_identify(env/lib/python3.10/site-packages/OpenGL/GL/INGR/__pycache__) by extensions ['colcon_meta']
[6.958s] Level 1:colcon.colcon_core.package_identification:_identify(env/lib/python3.10/site-packages/OpenGL/GL/INGR/__pycache__) by extension 'colcon_meta'
[6.959s] Level 1:colcon.colcon_core.package_identification:_identify(env/lib/python3.10/site-packages/OpenGL/GL/INGR/__pycache__) by extensions ['ros']
