[0.000000] (-) TimerEvent: {}
[0.001254] (my-test-package) JobQueued: {'identifier': 'my-test-package', 'dependencies': OrderedDict()}
[0.001480] (my_package) JobQueued: {'identifier': 'my_package', 'dependencies': OrderedDict()}
[0.002491] (my_robot_wallinterfaces) JobQueued: {'identifier': 'my_robot_wallinterfaces', 'dependencies': OrderedDict()}
[0.002721] (talker_listener) JobQueued: {'identifier': 'talker_listener', 'dependencies': OrderedDict([('my_robot_wallinterfaces', '/home/ubuntu/ros2_ws/src/Greyform-linux/Python_Application/install/my_robot_wallinterfaces')])}
[0.002849] (my_robot_wallinterfaces) JobStarted: {'identifier': 'my_robot_wallinterfaces'}
[0.039557] (my-test-package) JobStarted: {'identifier': 'my-test-package'}
[0.060715] (my_package) JobStarted: {'identifier': 'my_package'}
[0.087787] (my_robot_wallinterfaces) JobProgress: {'identifier': 'my_robot_wallinterfaces', 'progress': 'cmake'}
[0.095852] (-) TimerEvent: {}
[0.100550] (my_robot_wallinterfaces) JobProgress: {'identifier': 'my_robot_wallinterfaces', 'progress': 'build'}
[0.100769] (my_robot_wallinterfaces) Command: {'cmd': ['/usr/bin/cmake', '--build', '/home/ubuntu/ros2_ws/src/Greyform-linux/Python_Application/build/my_robot_wallinterfaces', '--', '-j8', '-l8'], 'cwd': '/home/ubuntu/ros2_ws/src/Greyform-linux/Python_Application/build/my_robot_wallinterfaces', 'env': OrderedDict([('GJS_DEBUG_TOPICS', 'JS ERROR;JS LOG'), ('LESSOPEN', '| /usr/bin/lesspipe %s'), ('USER', 'ubuntu'), ('LC_TIME', 'id_ID.UTF-8'), ('FONTCONFIG_PATH', '/etc/fonts'), ('GIO_MODULE_DIR', '/home/ubuntu/snap/code/common/.cache/gio-modules'), ('XDG_SESSION_TYPE', 'x11'), ('GIT_ASKPASS', '/snap/code/191/usr/share/code/resources/app/extensions/git/dist/askpass.sh'), ('GTK_EXE_PREFIX_VSCODE_SNAP_ORIG', ''), ('GDK_BACKEND_VSCODE_SNAP_ORIG', ''), ('SHLVL', '1'), ('LD_LIBRARY_PATH', '/opt/ros/humble/opt/rviz_ogre_vendor/lib:/opt/ros/humble/lib/x86_64-linux-gnu:/opt/ros/humble/lib'), ('HOME', '/home/ubuntu'), ('CHROME_DESKTOP', 'code.desktop'), ('LOCPATH_VSCODE_SNAP_ORIG', ''), ('TERM_PROGRAM_VERSION', '1.99.3'), ('DESKTOP_SESSION', 'ubuntu-xorg'), ('GTK_PATH', '/snap/code/191/usr/lib/x86_64-linux-gnu/gtk-3.0'), ('XDG_DATA_HOME_VSCODE_SNAP_ORIG', ''), ('GTK_IM_MODULE_FILE', '/home/ubuntu/snap/code/common/.cache/immodules/immodules.cache'), ('GIO_LAUNCHED_DESKTOP_FILE', '/var/lib/snapd/desktop/applications/code_code.desktop'), ('ROS_PYTHON_VERSION', '3'), ('GNOME_SHELL_SESSION_MODE', 'ubuntu'), ('GTK_MODULES', 'gail:atk-bridge'), ('GSETTINGS_SCHEMA_DIR_VSCODE_SNAP_ORIG', ''), ('VSCODE_GIT_ASKPASS_MAIN', '/snap/code/191/usr/share/code/resources/app/extensions/git/dist/askpass-main.js'), ('LC_MONETARY', 'id_ID.UTF-8'), ('VSCODE_GIT_ASKPASS_NODE', '/snap/code/191/usr/share/code/code'), ('MANAGERPID', '1707'), ('PYDEVD_DISABLE_FILE_VALIDATION', '1'), ('SYSTEMD_EXEC_PID', '3509'), ('BUNDLED_DEBUGPY_PATH', '/home/ubuntu/.vscode/extensions/ms-python.debugpy-2025.6.0-linux-x64/bundled/libs/debugpy'), ('DBUS_SESSION_BUS_ADDRESS', 'unix:path=/run/user/1000/bus'), ('COLORTERM', 'truecolor'), ('GIO_LAUNCHED_DESKTOP_FILE_PID', '4570'), ('IM_CONFIG_PHASE', '1'), ('ROS_DISTRO', 'humble'), ('GTK_IM_MODULE', 'ibus'), ('LOGNAME', 'ubuntu'), ('JOURNAL_STREAM', '8:42282'), ('_', '/usr/bin/colcon'), ('ROS_VERSION', '2'), ('XDG_CONFIG_DIRS_VSCODE_SNAP_ORIG', '/etc/xdg/xdg-ubuntu-xorg:/etc/xdg'), ('XDG_SESSION_CLASS', 'user'), ('XDG_DATA_DIRS_VSCODE_SNAP_ORIG', '/usr/share/ubuntu-xorg:/usr/share/gnome:/home/ubuntu/.local/share/flatpak/exports/share:/var/lib/flatpak/exports/share:/usr/local/share/:/usr/share/:/var/lib/snapd/desktop'), ('USERNAME', 'ubuntu'), ('TERM', 'xterm-256color'), ('GNOME_DESKTOP_SESSION_ID', 'this-is-deprecated'), ('ROS_LOCALHOST_ONLY', '0'), ('WINDOWPATH', '2'), ('PATH', '/home/ubuntu/.local/bin:/opt/ros/humble/bin:/home/ubuntu/.local/bin:/usr/local/sbin:/usr/local/bin:/usr/sbin:/usr/bin:/sbin:/bin:/usr/games:/usr/local/games:/snap/bin:/snap/bin:/home/ubuntu/.vscode/extensions/ms-python.debugpy-2025.6.0-linux-x64/bundled/scripts/noConfigScripts'), ('SESSION_MANAGER', 'local/ubuntu-virtual-machine:@/tmp/.ICE-unix/3481,unix/ubuntu-virtual-machine:/tmp/.ICE-unix/3481'), ('GTK_EXE_PREFIX', '/snap/code/191/usr'), ('INVOCATION_ID', '81c1b3bacc4140db977ba66a9b84b73d'), ('XDG_MENU_PREFIX', 'gnome-'), ('LC_ADDRESS', 'id_ID.UTF-8'), ('BAMF_DESKTOP_FILE_HINT', '/var/lib/snapd/desktop/applications/code_code.desktop'), ('XDG_RUNTIME_DIR', '/run/user/1000'), ('GDK_BACKEND', 'x11'), ('DISPLAY', ':0'), ('LOCPATH', '/snap/code/191/usr/lib/locale'), ('VSCODE_DEBUGPY_ADAPTER_ENDPOINTS', '/home/ubuntu/.vscode/extensions/ms-python.debugpy-2025.6.0-linux-x64/.noConfigDebugAdapterEndpoints/endpoint-5c4e4c73dc4993ee.txt'), ('LANG', 'en_US.UTF-8'), ('XDG_CURRENT_DESKTOP', 'Unity'), ('LC_TELEPHONE', 'id_ID.UTF-8'), ('GIO_MODULE_DIR_VSCODE_SNAP_ORIG', ''), ('XDG_DATA_HOME', '/home/ubuntu/snap/code/191/.local/share'), ('XMODIFIERS', '@im=ibus'), ('XDG_SESSION_DESKTOP', 'ubuntu-xorg'), ('XAUTHORITY', '/run/user/1000/gdm/Xauthority'), ('LS_COLORS', 'rs=0:di=01;34:ln=01;36:mh=00:pi=40;33:so=01;35:do=01;35:bd=40;33;01:cd=40;33;01:or=40;31;01:mi=00:su=37;41:sg=30;43:ca=30;41:tw=30;42:ow=34;42:st=37;44:ex=01;32:*.tar=01;31:*.tgz=01;31:*.arc=01;31:*.arj=01;31:*.taz=01;31:*.lha=01;31:*.lz4=01;31:*.lzh=01;31:*.lzma=01;31:*.tlz=01;31:*.txz=01;31:*.tzo=01;31:*.t7z=01;31:*.zip=01;31:*.z=01;31:*.dz=01;31:*.gz=01;31:*.lrz=01;31:*.lz=01;31:*.lzo=01;31:*.xz=01;31:*.zst=01;31:*.tzst=01;31:*.bz2=01;31:*.bz=01;31:*.tbz=01;31:*.tbz2=01;31:*.tz=01;31:*.deb=01;31:*.rpm=01;31:*.jar=01;31:*.war=01;31:*.ear=01;31:*.sar=01;31:*.rar=01;31:*.alz=01;31:*.ace=01;31:*.zoo=01;31:*.cpio=01;31:*.7z=01;31:*.rz=01;31:*.cab=01;31:*.wim=01;31:*.swm=01;31:*.dwm=01;31:*.esd=01;31:*.jpg=01;35:*.jpeg=01;35:*.mjpg=01;35:*.mjpeg=01;35:*.gif=01;35:*.bmp=01;35:*.pbm=01;35:*.pgm=01;35:*.ppm=01;35:*.tga=01;35:*.xbm=01;35:*.xpm=01;35:*.tif=01;35:*.tiff=01;35:*.png=01;35:*.svg=01;35:*.svgz=01;35:*.mng=01;35:*.pcx=01;35:*.mov=01;35:*.mpg=01;35:*.mpeg=01;35:*.m2v=01;35:*.mkv=01;35:*.webm=01;35:*.webp=01;35:*.ogm=01;35:*.mp4=01;35:*.m4v=01;35:*.mp4v=01;35:*.vob=01;35:*.qt=01;35:*.nuv=01;35:*.wmv=01;35:*.asf=01;35:*.rm=01;35:*.rmvb=01;35:*.flc=01;35:*.avi=01;35:*.fli=01;35:*.flv=01;35:*.gl=01;35:*.dl=01;35:*.xcf=01;35:*.xwd=01;35:*.yuv=01;35:*.cgm=01;35:*.emf=01;35:*.ogv=01;35:*.ogx=01;35:*.aac=00;36:*.au=00;36:*.flac=00;36:*.m4a=00;36:*.mid=00;36:*.midi=00;36:*.mka=00;36:*.mp3=00;36:*.mpc=00;36:*.ogg=00;36:*.ra=00;36:*.wav=00;36:*.oga=00;36:*.opus=00;36:*.spx=00;36:*.xspf=00;36:'), ('VSCODE_GIT_IPC_HANDLE', '/run/user/1000/vscode-git-93ae0fd6cc.sock'), ('TERM_PROGRAM', 'vscode'), ('SSH_AGENT_LAUNCHER', 'gnome-keyring'), ('SSH_AUTH_SOCK', '/run/user/1000/keyring/ssh'), ('GSETTINGS_SCHEMA_DIR', '/home/ubuntu/snap/code/191/.local/share/glib-2.0/schemas'), ('AMENT_PREFIX_PATH', '/opt/ros/humble'), ('ORIGINAL_XDG_CURRENT_DESKTOP', 'ubuntu:GNOME'), ('SHELL', '/bin/bash'), ('LC_NAME', 'id_ID.UTF-8'), ('QT_ACCESSIBILITY', '1'), ('GDMSESSION', 'ubuntu-xorg'), ('LESSCLOSE', '/usr/bin/lesspipe %s %s'), ('GTK_PATH_VSCODE_SNAP_ORIG', ''), ('FONTCONFIG_FILE', '/etc/fonts/fonts.conf'), ('GTK_IM_MODULE_FILE_VSCODE_SNAP_ORIG', ''), ('LC_MEASUREMENT', 'id_ID.UTF-8'), ('GPG_AGENT_INFO', '/run/user/1000/gnupg/S.gpg-agent:0:1'), ('GJS_DEBUG_OUTPUT', 'stderr'), ('LC_IDENTIFICATION', 'id_ID.UTF-8'), ('VSCODE_GIT_ASKPASS_EXTRA_ARGS', ''), ('QT_IM_MODULE', 'ibus'), ('PWD', '/home/ubuntu/ros2_ws/src/Greyform-linux/Python_Application/build/my_robot_wallinterfaces'), ('QT_QPA_PLATFORM', 'xcb'), ('LC_ALL', 'en_US.UTF-8'), ('XDG_CONFIG_DIRS', '/etc/xdg/xdg-ubuntu-xorg:/etc/xdg'), ('XDG_DATA_DIRS', '/home/ubuntu/snap/code/191/.local/share/flatpak/exports/share:/home/ubuntu/snap/code/191/.local/share:/home/ubuntu/snap/code/191:/snap/code/191/usr/share:/usr/share/ubuntu-xorg:/usr/share/gnome:/home/ubuntu/.local/share/flatpak/exports/share:/var/lib/flatpak/exports/share:/usr/local/share/:/usr/share/:/var/lib/snapd/desktop'), ('PYTHONPATH', '/opt/ros/humble/lib/python3.10/site-packages:/opt/ros/humble/local/lib/python3.10/dist-packages'), ('LC_NUMERIC', 'id_ID.UTF-8'), ('LC_PAPER', 'id_ID.UTF-8'), ('COLCON', '1'), ('CMAKE_PREFIX_PATH', '/opt/ros/humble')]), 'shell': False}
[0.196266] (-) TimerEvent: {}
[0.299837] (-) TimerEvent: {}
[0.400734] (-) TimerEvent: {}
[0.502068] (-) TimerEvent: {}
[0.602952] (-) TimerEvent: {}
[0.705486] (-) TimerEvent: {}
[0.730912] (my_robot_wallinterfaces) StdoutLine: {'line': b'[  2%] Built target my_robot_wallinterfaces__cpp\n'}
[0.805934] (-) TimerEvent: {}
[0.906708] (-) TimerEvent: {}
[1.009102] (-) TimerEvent: {}
[1.066067] (my_robot_wallinterfaces) StdoutLine: {'line': b'[  2%] Built target ament_cmake_python_copy_my_robot_wallinterfaces\n'}
[1.109353] (-) TimerEvent: {}
[1.210694] (-) TimerEvent: {}
[1.316598] (-) TimerEvent: {}
[1.365029] (my_robot_wallinterfaces) StdoutLine: {'line': b'[ 12%] Built target my_robot_wallinterfaces__rosidl_typesupport_cpp\n'}
[1.416772] (-) TimerEvent: {}
[1.519126] (-) TimerEvent: {}
[1.619971] (-) TimerEvent: {}
[1.723076] (-) TimerEvent: {}
[1.825202] (-) TimerEvent: {}
[1.929081] (-) TimerEvent: {}
[2.032960] (-) TimerEvent: {}
[2.136092] (-) TimerEvent: {}
[2.237036] (-) TimerEvent: {}
[2.338634] (-) TimerEvent: {}
[2.440343] (-) TimerEvent: {}
[2.489079] (my_package) JobProgress: {'identifier': 'my_package', 'progress': 'cmake'}
[2.496696] (my_package) JobProgress: {'identifier': 'my_package', 'progress': 'build'}
[2.501747] (my_package) Command: {'cmd': ['/usr/bin/cmake', '--build', '/home/ubuntu/ros2_ws/src/Greyform-linux/Python_Application/build/my_package', '--', '-j8', '-l8'], 'cwd': '/home/ubuntu/ros2_ws/src/Greyform-linux/Python_Application/build/my_package', 'env': OrderedDict([('GJS_DEBUG_TOPICS', 'JS ERROR;JS LOG'), ('LESSOPEN', '| /usr/bin/lesspipe %s'), ('USER', 'ubuntu'), ('LC_TIME', 'id_ID.UTF-8'), ('FONTCONFIG_PATH', '/etc/fonts'), ('GIO_MODULE_DIR', '/home/ubuntu/snap/code/common/.cache/gio-modules'), ('XDG_SESSION_TYPE', 'x11'), ('GIT_ASKPASS', '/snap/code/191/usr/share/code/resources/app/extensions/git/dist/askpass.sh'), ('GTK_EXE_PREFIX_VSCODE_SNAP_ORIG', ''), ('GDK_BACKEND_VSCODE_SNAP_ORIG', ''), ('SHLVL', '1'), ('LD_LIBRARY_PATH', '/opt/ros/humble/opt/rviz_ogre_vendor/lib:/opt/ros/humble/lib/x86_64-linux-gnu:/opt/ros/humble/lib'), ('HOME', '/home/ubuntu'), ('CHROME_DESKTOP', 'code.desktop'), ('LOCPATH_VSCODE_SNAP_ORIG', ''), ('TERM_PROGRAM_VERSION', '1.99.3'), ('DESKTOP_SESSION', 'ubuntu-xorg'), ('GTK_PATH', '/snap/code/191/usr/lib/x86_64-linux-gnu/gtk-3.0'), ('XDG_DATA_HOME_VSCODE_SNAP_ORIG', ''), ('GTK_IM_MODULE_FILE', '/home/ubuntu/snap/code/common/.cache/immodules/immodules.cache'), ('GIO_LAUNCHED_DESKTOP_FILE', '/var/lib/snapd/desktop/applications/code_code.desktop'), ('ROS_PYTHON_VERSION', '3'), ('GNOME_SHELL_SESSION_MODE', 'ubuntu'), ('GTK_MODULES', 'gail:atk-bridge'), ('GSETTINGS_SCHEMA_DIR_VSCODE_SNAP_ORIG', ''), ('VSCODE_GIT_ASKPASS_MAIN', '/snap/code/191/usr/share/code/resources/app/extensions/git/dist/askpass-main.js'), ('LC_MONETARY', 'id_ID.UTF-8'), ('VSCODE_GIT_ASKPASS_NODE', '/snap/code/191/usr/share/code/code'), ('MANAGERPID', '1707'), ('PYDEVD_DISABLE_FILE_VALIDATION', '1'), ('SYSTEMD_EXEC_PID', '3509'), ('BUNDLED_DEBUGPY_PATH', '/home/ubuntu/.vscode/extensions/ms-python.debugpy-2025.6.0-linux-x64/bundled/libs/debugpy'), ('DBUS_SESSION_BUS_ADDRESS', 'unix:path=/run/user/1000/bus'), ('COLORTERM', 'truecolor'), ('GIO_LAUNCHED_DESKTOP_FILE_PID', '4570'), ('IM_CONFIG_PHASE', '1'), ('ROS_DISTRO', 'humble'), ('GTK_IM_MODULE', 'ibus'), ('LOGNAME', 'ubuntu'), ('JOURNAL_STREAM', '8:42282'), ('_', '/usr/bin/colcon'), ('ROS_VERSION', '2'), ('XDG_CONFIG_DIRS_VSCODE_SNAP_ORIG', '/etc/xdg/xdg-ubuntu-xorg:/etc/xdg'), ('XDG_SESSION_CLASS', 'user'), ('XDG_DATA_DIRS_VSCODE_SNAP_ORIG', '/usr/share/ubuntu-xorg:/usr/share/gnome:/home/ubuntu/.local/share/flatpak/exports/share:/var/lib/flatpak/exports/share:/usr/local/share/:/usr/share/:/var/lib/snapd/desktop'), ('USERNAME', 'ubuntu'), ('TERM', 'xterm-256color'), ('GNOME_DESKTOP_SESSION_ID', 'this-is-deprecated'), ('ROS_LOCALHOST_ONLY', '0'), ('WINDOWPATH', '2'), ('PATH', '/home/ubuntu/.local/bin:/opt/ros/humble/bin:/home/ubuntu/.local/bin:/usr/local/sbin:/usr/local/bin:/usr/sbin:/usr/bin:/sbin:/bin:/usr/games:/usr/local/games:/snap/bin:/snap/bin:/home/ubuntu/.vscode/extensions/ms-python.debugpy-2025.6.0-linux-x64/bundled/scripts/noConfigScripts'), ('SESSION_MANAGER', 'local/ubuntu-virtual-machine:@/tmp/.ICE-unix/3481,unix/ubuntu-virtual-machine:/tmp/.ICE-unix/3481'), ('GTK_EXE_PREFIX', '/snap/code/191/usr'), ('INVOCATION_ID', '81c1b3bacc4140db977ba66a9b84b73d'), ('XDG_MENU_PREFIX', 'gnome-'), ('LC_ADDRESS', 'id_ID.UTF-8'), ('BAMF_DESKTOP_FILE_HINT', '/var/lib/snapd/desktop/applications/code_code.desktop'), ('XDG_RUNTIME_DIR', '/run/user/1000'), ('GDK_BACKEND', 'x11'), ('DISPLAY', ':0'), ('LOCPATH', '/snap/code/191/usr/lib/locale'), ('VSCODE_DEBUGPY_ADAPTER_ENDPOINTS', '/home/ubuntu/.vscode/extensions/ms-python.debugpy-2025.6.0-linux-x64/.noConfigDebugAdapterEndpoints/endpoint-5c4e4c73dc4993ee.txt'), ('LANG', 'en_US.UTF-8'), ('XDG_CURRENT_DESKTOP', 'Unity'), ('LC_TELEPHONE', 'id_ID.UTF-8'), ('GIO_MODULE_DIR_VSCODE_SNAP_ORIG', ''), ('XDG_DATA_HOME', '/home/ubuntu/snap/code/191/.local/share'), ('XMODIFIERS', '@im=ibus'), ('XDG_SESSION_DESKTOP', 'ubuntu-xorg'), ('XAUTHORITY', '/run/user/1000/gdm/Xauthority'), ('LS_COLORS', 'rs=0:di=01;34:ln=01;36:mh=00:pi=40;33:so=01;35:do=01;35:bd=40;33;01:cd=40;33;01:or=40;31;01:mi=00:su=37;41:sg=30;43:ca=30;41:tw=30;42:ow=34;42:st=37;44:ex=01;32:*.tar=01;31:*.tgz=01;31:*.arc=01;31:*.arj=01;31:*.taz=01;31:*.lha=01;31:*.lz4=01;31:*.lzh=01;31:*.lzma=01;31:*.tlz=01;31:*.txz=01;31:*.tzo=01;31:*.t7z=01;31:*.zip=01;31:*.z=01;31:*.dz=01;31:*.gz=01;31:*.lrz=01;31:*.lz=01;31:*.lzo=01;31:*.xz=01;31:*.zst=01;31:*.tzst=01;31:*.bz2=01;31:*.bz=01;31:*.tbz=01;31:*.tbz2=01;31:*.tz=01;31:*.deb=01;31:*.rpm=01;31:*.jar=01;31:*.war=01;31:*.ear=01;31:*.sar=01;31:*.rar=01;31:*.alz=01;31:*.ace=01;31:*.zoo=01;31:*.cpio=01;31:*.7z=01;31:*.rz=01;31:*.cab=01;31:*.wim=01;31:*.swm=01;31:*.dwm=01;31:*.esd=01;31:*.jpg=01;35:*.jpeg=01;35:*.mjpg=01;35:*.mjpeg=01;35:*.gif=01;35:*.bmp=01;35:*.pbm=01;35:*.pgm=01;35:*.ppm=01;35:*.tga=01;35:*.xbm=01;35:*.xpm=01;35:*.tif=01;35:*.tiff=01;35:*.png=01;35:*.svg=01;35:*.svgz=01;35:*.mng=01;35:*.pcx=01;35:*.mov=01;35:*.mpg=01;35:*.mpeg=01;35:*.m2v=01;35:*.mkv=01;35:*.webm=01;35:*.webp=01;35:*.ogm=01;35:*.mp4=01;35:*.m4v=01;35:*.mp4v=01;35:*.vob=01;35:*.qt=01;35:*.nuv=01;35:*.wmv=01;35:*.asf=01;35:*.rm=01;35:*.rmvb=01;35:*.flc=01;35:*.avi=01;35:*.fli=01;35:*.flv=01;35:*.gl=01;35:*.dl=01;35:*.xcf=01;35:*.xwd=01;35:*.yuv=01;35:*.cgm=01;35:*.emf=01;35:*.ogv=01;35:*.ogx=01;35:*.aac=00;36:*.au=00;36:*.flac=00;36:*.m4a=00;36:*.mid=00;36:*.midi=00;36:*.mka=00;36:*.mp3=00;36:*.mpc=00;36:*.ogg=00;36:*.ra=00;36:*.wav=00;36:*.oga=00;36:*.opus=00;36:*.spx=00;36:*.xspf=00;36:'), ('VSCODE_GIT_IPC_HANDLE', '/run/user/1000/vscode-git-93ae0fd6cc.sock'), ('TERM_PROGRAM', 'vscode'), ('SSH_AGENT_LAUNCHER', 'gnome-keyring'), ('SSH_AUTH_SOCK', '/run/user/1000/keyring/ssh'), ('GSETTINGS_SCHEMA_DIR', '/home/ubuntu/snap/code/191/.local/share/glib-2.0/schemas'), ('AMENT_PREFIX_PATH', '/opt/ros/humble'), ('ORIGINAL_XDG_CURRENT_DESKTOP', 'ubuntu:GNOME'), ('SHELL', '/bin/bash'), ('LC_NAME', 'id_ID.UTF-8'), ('QT_ACCESSIBILITY', '1'), ('GDMSESSION', 'ubuntu-xorg'), ('LESSCLOSE', '/usr/bin/lesspipe %s %s'), ('GTK_PATH_VSCODE_SNAP_ORIG', ''), ('FONTCONFIG_FILE', '/etc/fonts/fonts.conf'), ('GTK_IM_MODULE_FILE_VSCODE_SNAP_ORIG', ''), ('LC_MEASUREMENT', 'id_ID.UTF-8'), ('GPG_AGENT_INFO', '/run/user/1000/gnupg/S.gpg-agent:0:1'), ('GJS_DEBUG_OUTPUT', 'stderr'), ('LC_IDENTIFICATION', 'id_ID.UTF-8'), ('VSCODE_GIT_ASKPASS_EXTRA_ARGS', ''), ('QT_IM_MODULE', 'ibus'), ('PWD', '/home/ubuntu/ros2_ws/src/Greyform-linux/Python_Application/build/my_package'), ('QT_QPA_PLATFORM', 'xcb'), ('LC_ALL', 'en_US.UTF-8'), ('XDG_CONFIG_DIRS', '/etc/xdg/xdg-ubuntu-xorg:/etc/xdg'), ('XDG_DATA_DIRS', '/home/ubuntu/snap/code/191/.local/share/flatpak/exports/share:/home/ubuntu/snap/code/191/.local/share:/home/ubuntu/snap/code/191:/snap/code/191/usr/share:/usr/share/ubuntu-xorg:/usr/share/gnome:/home/ubuntu/.local/share/flatpak/exports/share:/var/lib/flatpak/exports/share:/usr/local/share/:/usr/share/:/var/lib/snapd/desktop'), ('PYTHONPATH', '/opt/ros/humble/lib/python3.10/site-packages:/opt/ros/humble/local/lib/python3.10/dist-packages'), ('LC_NUMERIC', 'id_ID.UTF-8'), ('LC_PAPER', 'id_ID.UTF-8'), ('COLCON', '1'), ('CMAKE_PREFIX_PATH', '/opt/ros/humble')]), 'shell': False}
[2.541734] (-) TimerEvent: {}
[2.646239] (-) TimerEvent: {}
[2.748142] (-) TimerEvent: {}
[2.850266] (-) TimerEvent: {}
[2.954144] (-) TimerEvent: {}
[2.959013] (my_package) CommandEnded: {'returncode': 0}
[2.970286] (my_package) JobProgress: {'identifier': 'my_package', 'progress': 'install'}
[3.056491] (-) TimerEvent: {}
[3.102194] (my_package) Command: {'cmd': ['/usr/bin/cmake', '--install', '/home/ubuntu/ros2_ws/src/Greyform-linux/Python_Application/build/my_package'], 'cwd': '/home/ubuntu/ros2_ws/src/Greyform-linux/Python_Application/build/my_package', 'env': OrderedDict([('GJS_DEBUG_TOPICS', 'JS ERROR;JS LOG'), ('LESSOPEN', '| /usr/bin/lesspipe %s'), ('USER', 'ubuntu'), ('LC_TIME', 'id_ID.UTF-8'), ('FONTCONFIG_PATH', '/etc/fonts'), ('GIO_MODULE_DIR', '/home/ubuntu/snap/code/common/.cache/gio-modules'), ('XDG_SESSION_TYPE', 'x11'), ('GIT_ASKPASS', '/snap/code/191/usr/share/code/resources/app/extensions/git/dist/askpass.sh'), ('GTK_EXE_PREFIX_VSCODE_SNAP_ORIG', ''), ('GDK_BACKEND_VSCODE_SNAP_ORIG', ''), ('SHLVL', '1'), ('LD_LIBRARY_PATH', '/opt/ros/humble/opt/rviz_ogre_vendor/lib:/opt/ros/humble/lib/x86_64-linux-gnu:/opt/ros/humble/lib'), ('HOME', '/home/ubuntu'), ('CHROME_DESKTOP', 'code.desktop'), ('LOCPATH_VSCODE_SNAP_ORIG', ''), ('TERM_PROGRAM_VERSION', '1.99.3'), ('DESKTOP_SESSION', 'ubuntu-xorg'), ('GTK_PATH', '/snap/code/191/usr/lib/x86_64-linux-gnu/gtk-3.0'), ('XDG_DATA_HOME_VSCODE_SNAP_ORIG', ''), ('GTK_IM_MODULE_FILE', '/home/ubuntu/snap/code/common/.cache/immodules/immodules.cache'), ('GIO_LAUNCHED_DESKTOP_FILE', '/var/lib/snapd/desktop/applications/code_code.desktop'), ('ROS_PYTHON_VERSION', '3'), ('GNOME_SHELL_SESSION_MODE', 'ubuntu'), ('GTK_MODULES', 'gail:atk-bridge'), ('GSETTINGS_SCHEMA_DIR_VSCODE_SNAP_ORIG', ''), ('VSCODE_GIT_ASKPASS_MAIN', '/snap/code/191/usr/share/code/resources/app/extensions/git/dist/askpass-main.js'), ('LC_MONETARY', 'id_ID.UTF-8'), ('VSCODE_GIT_ASKPASS_NODE', '/snap/code/191/usr/share/code/code'), ('MANAGERPID', '1707'), ('PYDEVD_DISABLE_FILE_VALIDATION', '1'), ('SYSTEMD_EXEC_PID', '3509'), ('BUNDLED_DEBUGPY_PATH', '/home/ubuntu/.vscode/extensions/ms-python.debugpy-2025.6.0-linux-x64/bundled/libs/debugpy'), ('DBUS_SESSION_BUS_ADDRESS', 'unix:path=/run/user/1000/bus'), ('COLORTERM', 'truecolor'), ('GIO_LAUNCHED_DESKTOP_FILE_PID', '4570'), ('IM_CONFIG_PHASE', '1'), ('ROS_DISTRO', 'humble'), ('GTK_IM_MODULE', 'ibus'), ('LOGNAME', 'ubuntu'), ('JOURNAL_STREAM', '8:42282'), ('_', '/usr/bin/colcon'), ('ROS_VERSION', '2'), ('XDG_CONFIG_DIRS_VSCODE_SNAP_ORIG', '/etc/xdg/xdg-ubuntu-xorg:/etc/xdg'), ('XDG_SESSION_CLASS', 'user'), ('XDG_DATA_DIRS_VSCODE_SNAP_ORIG', '/usr/share/ubuntu-xorg:/usr/share/gnome:/home/ubuntu/.local/share/flatpak/exports/share:/var/lib/flatpak/exports/share:/usr/local/share/:/usr/share/:/var/lib/snapd/desktop'), ('USERNAME', 'ubuntu'), ('TERM', 'xterm-256color'), ('GNOME_DESKTOP_SESSION_ID', 'this-is-deprecated'), ('ROS_LOCALHOST_ONLY', '0'), ('WINDOWPATH', '2'), ('PATH', '/home/ubuntu/.local/bin:/opt/ros/humble/bin:/home/ubuntu/.local/bin:/usr/local/sbin:/usr/local/bin:/usr/sbin:/usr/bin:/sbin:/bin:/usr/games:/usr/local/games:/snap/bin:/snap/bin:/home/ubuntu/.vscode/extensions/ms-python.debugpy-2025.6.0-linux-x64/bundled/scripts/noConfigScripts'), ('SESSION_MANAGER', 'local/ubuntu-virtual-machine:@/tmp/.ICE-unix/3481,unix/ubuntu-virtual-machine:/tmp/.ICE-unix/3481'), ('GTK_EXE_PREFIX', '/snap/code/191/usr'), ('INVOCATION_ID', '81c1b3bacc4140db977ba66a9b84b73d'), ('XDG_MENU_PREFIX', 'gnome-'), ('LC_ADDRESS', 'id_ID.UTF-8'), ('BAMF_DESKTOP_FILE_HINT', '/var/lib/snapd/desktop/applications/code_code.desktop'), ('XDG_RUNTIME_DIR', '/run/user/1000'), ('GDK_BACKEND', 'x11'), ('DISPLAY', ':0'), ('LOCPATH', '/snap/code/191/usr/lib/locale'), ('VSCODE_DEBUGPY_ADAPTER_ENDPOINTS', '/home/ubuntu/.vscode/extensions/ms-python.debugpy-2025.6.0-linux-x64/.noConfigDebugAdapterEndpoints/endpoint-5c4e4c73dc4993ee.txt'), ('LANG', 'en_US.UTF-8'), ('XDG_CURRENT_DESKTOP', 'Unity'), ('LC_TELEPHONE', 'id_ID.UTF-8'), ('GIO_MODULE_DIR_VSCODE_SNAP_ORIG', ''), ('XDG_DATA_HOME', '/home/ubuntu/snap/code/191/.local/share'), ('XMODIFIERS', '@im=ibus'), ('XDG_SESSION_DESKTOP', 'ubuntu-xorg'), ('XAUTHORITY', '/run/user/1000/gdm/Xauthority'), ('LS_COLORS', 'rs=0:di=01;34:ln=01;36:mh=00:pi=40;33:so=01;35:do=01;35:bd=40;33;01:cd=40;33;01:or=40;31;01:mi=00:su=37;41:sg=30;43:ca=30;41:tw=30;42:ow=34;42:st=37;44:ex=01;32:*.tar=01;31:*.tgz=01;31:*.arc=01;31:*.arj=01;31:*.taz=01;31:*.lha=01;31:*.lz4=01;31:*.lzh=01;31:*.lzma=01;31:*.tlz=01;31:*.txz=01;31:*.tzo=01;31:*.t7z=01;31:*.zip=01;31:*.z=01;31:*.dz=01;31:*.gz=01;31:*.lrz=01;31:*.lz=01;31:*.lzo=01;31:*.xz=01;31:*.zst=01;31:*.tzst=01;31:*.bz2=01;31:*.bz=01;31:*.tbz=01;31:*.tbz2=01;31:*.tz=01;31:*.deb=01;31:*.rpm=01;31:*.jar=01;31:*.war=01;31:*.ear=01;31:*.sar=01;31:*.rar=01;31:*.alz=01;31:*.ace=01;31:*.zoo=01;31:*.cpio=01;31:*.7z=01;31:*.rz=01;31:*.cab=01;31:*.wim=01;31:*.swm=01;31:*.dwm=01;31:*.esd=01;31:*.jpg=01;35:*.jpeg=01;35:*.mjpg=01;35:*.mjpeg=01;35:*.gif=01;35:*.bmp=01;35:*.pbm=01;35:*.pgm=01;35:*.ppm=01;35:*.tga=01;35:*.xbm=01;35:*.xpm=01;35:*.tif=01;35:*.tiff=01;35:*.png=01;35:*.svg=01;35:*.svgz=01;35:*.mng=01;35:*.pcx=01;35:*.mov=01;35:*.mpg=01;35:*.mpeg=01;35:*.m2v=01;35:*.mkv=01;35:*.webm=01;35:*.webp=01;35:*.ogm=01;35:*.mp4=01;35:*.m4v=01;35:*.mp4v=01;35:*.vob=01;35:*.qt=01;35:*.nuv=01;35:*.wmv=01;35:*.asf=01;35:*.rm=01;35:*.rmvb=01;35:*.flc=01;35:*.avi=01;35:*.fli=01;35:*.flv=01;35:*.gl=01;35:*.dl=01;35:*.xcf=01;35:*.xwd=01;35:*.yuv=01;35:*.cgm=01;35:*.emf=01;35:*.ogv=01;35:*.ogx=01;35:*.aac=00;36:*.au=00;36:*.flac=00;36:*.m4a=00;36:*.mid=00;36:*.midi=00;36:*.mka=00;36:*.mp3=00;36:*.mpc=00;36:*.ogg=00;36:*.ra=00;36:*.wav=00;36:*.oga=00;36:*.opus=00;36:*.spx=00;36:*.xspf=00;36:'), ('VSCODE_GIT_IPC_HANDLE', '/run/user/1000/vscode-git-93ae0fd6cc.sock'), ('TERM_PROGRAM', 'vscode'), ('SSH_AGENT_LAUNCHER', 'gnome-keyring'), ('SSH_AUTH_SOCK', '/run/user/1000/keyring/ssh'), ('GSETTINGS_SCHEMA_DIR', '/home/ubuntu/snap/code/191/.local/share/glib-2.0/schemas'), ('AMENT_PREFIX_PATH', '/opt/ros/humble'), ('ORIGINAL_XDG_CURRENT_DESKTOP', 'ubuntu:GNOME'), ('SHELL', '/bin/bash'), ('LC_NAME', 'id_ID.UTF-8'), ('QT_ACCESSIBILITY', '1'), ('GDMSESSION', 'ubuntu-xorg'), ('LESSCLOSE', '/usr/bin/lesspipe %s %s'), ('GTK_PATH_VSCODE_SNAP_ORIG', ''), ('FONTCONFIG_FILE', '/etc/fonts/fonts.conf'), ('GTK_IM_MODULE_FILE_VSCODE_SNAP_ORIG', ''), ('LC_MEASUREMENT', 'id_ID.UTF-8'), ('GPG_AGENT_INFO', '/run/user/1000/gnupg/S.gpg-agent:0:1'), ('GJS_DEBUG_OUTPUT', 'stderr'), ('LC_IDENTIFICATION', 'id_ID.UTF-8'), ('VSCODE_GIT_ASKPASS_EXTRA_ARGS', ''), ('QT_IM_MODULE', 'ibus'), ('PWD', '/home/ubuntu/ros2_ws/src/Greyform-linux/Python_Application/build/my_package'), ('QT_QPA_PLATFORM', 'xcb'), ('LC_ALL', 'en_US.UTF-8'), ('XDG_CONFIG_DIRS', '/etc/xdg/xdg-ubuntu-xorg:/etc/xdg'), ('XDG_DATA_DIRS', '/home/ubuntu/snap/code/191/.local/share/flatpak/exports/share:/home/ubuntu/snap/code/191/.local/share:/home/ubuntu/snap/code/191:/snap/code/191/usr/share:/usr/share/ubuntu-xorg:/usr/share/gnome:/home/ubuntu/.local/share/flatpak/exports/share:/var/lib/flatpak/exports/share:/usr/local/share/:/usr/share/:/var/lib/snapd/desktop'), ('PYTHONPATH', '/opt/ros/humble/lib/python3.10/site-packages:/opt/ros/humble/local/lib/python3.10/dist-packages'), ('LC_NUMERIC', 'id_ID.UTF-8'), ('LC_PAPER', 'id_ID.UTF-8'), ('COLCON', '1'), ('CMAKE_PREFIX_PATH', '/opt/ros/humble')]), 'shell': False}
[3.156759] (-) TimerEvent: {}
[3.257978] (-) TimerEvent: {}
[3.301349] (my_package) StdoutLine: {'line': b'-- Install configuration: ""\n'}
[3.306720] (my_package) StdoutLine: {'line': b'-- Up-to-date: /home/ubuntu/ros2_ws/src/Greyform-linux/Python_Application/install/my_package/share/ament_index/resource_index/package_run_dependencies/my_package\n'}
[3.308492] (my_package) StdoutLine: {'line': b'-- Up-to-date: /home/ubuntu/ros2_ws/src/Greyform-linux/Python_Application/install/my_package/share/ament_index/resource_index/parent_prefix_path/my_package\n'}
[3.318785] (my_package) StdoutLine: {'line': b'-- Up-to-date: /home/ubuntu/ros2_ws/src/Greyform-linux/Python_Application/install/my_package/share/my_package/environment/ament_prefix_path.sh\n'}
[3.319244] (my_package) StdoutLine: {'line': b'-- Up-to-date: /home/ubuntu/ros2_ws/src/Greyform-linux/Python_Application/install/my_package/share/my_package/environment/ament_prefix_path.dsv\n'}
[3.319968] (my_package) StdoutLine: {'line': b'-- Up-to-date: /home/ubuntu/ros2_ws/src/Greyform-linux/Python_Application/install/my_package/share/my_package/environment/path.sh\n'}
[3.320371] (my_package) StdoutLine: {'line': b'-- Up-to-date: /home/ubuntu/ros2_ws/src/Greyform-linux/Python_Application/install/my_package/share/my_package/environment/path.dsv\n'}
[3.320763] (my_package) StdoutLine: {'line': b'-- Up-to-date: /home/ubuntu/ros2_ws/src/Greyform-linux/Python_Application/install/my_package/share/my_package/local_setup.bash\n'}
[3.321093] (my_package) StdoutLine: {'line': b'-- Up-to-date: /home/ubuntu/ros2_ws/src/Greyform-linux/Python_Application/install/my_package/share/my_package/local_setup.sh\n'}
[3.325244] (my_package) StdoutLine: {'line': b'-- Up-to-date: /home/ubuntu/ros2_ws/src/Greyform-linux/Python_Application/install/my_package/share/my_package/local_setup.zsh\n'}
[3.325848] (my_package) StdoutLine: {'line': b'-- Up-to-date: /home/ubuntu/ros2_ws/src/Greyform-linux/Python_Application/install/my_package/share/my_package/local_setup.dsv\n'}
[3.326413] (my_package) StdoutLine: {'line': b'-- Installing: /home/ubuntu/ros2_ws/src/Greyform-linux/Python_Application/install/my_package/share/my_package/package.dsv\n'}
[3.328465] (my_package) StdoutLine: {'line': b'-- Up-to-date: /home/ubuntu/ros2_ws/src/Greyform-linux/Python_Application/install/my_package/share/ament_index/resource_index/packages/my_package\n'}
[3.330469] (my_package) StdoutLine: {'line': b'-- Up-to-date: /home/ubuntu/ros2_ws/src/Greyform-linux/Python_Application/install/my_package/share/my_package/cmake/my_packageConfig.cmake\n'}
[3.330978] (my_package) StdoutLine: {'line': b'-- Up-to-date: /home/ubuntu/ros2_ws/src/Greyform-linux/Python_Application/install/my_package/share/my_package/cmake/my_packageConfig-version.cmake\n'}
[3.331403] (my_package) StdoutLine: {'line': b'-- Up-to-date: /home/ubuntu/ros2_ws/src/Greyform-linux/Python_Application/install/my_package/share/my_package/package.xml\n'}
[3.342363] (my_package) CommandEnded: {'returncode': 0}
[3.358706] (-) TimerEvent: {}
[3.468032] (-) TimerEvent: {}
[3.582494] (-) TimerEvent: {}
[3.699256] (-) TimerEvent: {}
[3.718345] (my_package) JobEnded: {'identifier': 'my_package', 'rc': 0}
[3.800918] (-) TimerEvent: {}
[3.906513] (-) TimerEvent: {}
[4.007378] (-) TimerEvent: {}
[4.109954] (-) TimerEvent: {}
[4.214267] (-) TimerEvent: {}
[4.318111] (-) TimerEvent: {}
[4.419070] (-) TimerEvent: {}
[4.520078] (-) TimerEvent: {}
[4.621338] (-) TimerEvent: {}
[4.722134] (-) TimerEvent: {}
[4.827765] (-) TimerEvent: {}
[4.861059] (my_robot_wallinterfaces) StdoutLine: {'line': b'running egg_info\n'}
[4.869972] (my_robot_wallinterfaces) StdoutLine: {'line': b'writing my_robot_wallinterfaces.egg-info/PKG-INFO\n'}
[4.873984] (my_robot_wallinterfaces) StdoutLine: {'line': b'writing dependency_links to my_robot_wallinterfaces.egg-info/dependency_links.txt\n'}
[4.875271] (my_robot_wallinterfaces) StdoutLine: {'line': b'writing top-level names to my_robot_wallinterfaces.egg-info/top_level.txt\n'}
[4.908446] (my_robot_wallinterfaces) StdoutLine: {'line': b"reading manifest file 'my_robot_wallinterfaces.egg-info/SOURCES.txt'\n"}
[4.913121] (my_robot_wallinterfaces) StdoutLine: {'line': b"writing manifest file 'my_robot_wallinterfaces.egg-info/SOURCES.txt'\n"}
[4.928006] (-) TimerEvent: {}
[5.028752] (-) TimerEvent: {}
[5.132876] (-) TimerEvent: {}
[5.134772] (my_robot_wallinterfaces) StdoutLine: {'line': b'[ 12%] Built target ament_cmake_python_build_my_robot_wallinterfaces_egg\n'}
[5.233496] (-) TimerEvent: {}
[5.334497] (-) TimerEvent: {}
[5.350304] (my_robot_wallinterfaces) StdoutLine: {'line': b'[ 23%] Built target my_robot_wallinterfaces__rosidl_typesupport_introspection_cpp\n'}
[5.436771] (-) TimerEvent: {}
[5.537833] (-) TimerEvent: {}
[5.639748] (-) TimerEvent: {}
[5.646280] (my_robot_wallinterfaces) StdoutLine: {'line': b'[ 34%] Built target my_robot_wallinterfaces__rosidl_typesupport_fastrtps_cpp\n'}
[5.739910] (-) TimerEvent: {}
[5.841757] (-) TimerEvent: {}
[5.887912] (my_robot_wallinterfaces) StdoutLine: {'line': b'[ 44%] Built target my_robot_wallinterfaces__rosidl_generator_c\n'}
[5.943795] (-) TimerEvent: {}
[6.046398] (-) TimerEvent: {}
[6.148105] (-) TimerEvent: {}
[6.256912] (-) TimerEvent: {}
[6.322081] (my_robot_wallinterfaces) StdoutLine: {'line': b'[ 55%] Built target my_robot_wallinterfaces__rosidl_typesupport_fastrtps_c\n'}
[6.357112] (-) TimerEvent: {}
[6.458259] (-) TimerEvent: {}
[6.544568] (my_robot_wallinterfaces) StdoutLine: {'line': b'[ 65%] Built target my_robot_wallinterfaces__rosidl_typesupport_c\n'}
[6.558508] (-) TimerEvent: {}
[6.602044] (my-test-package) Command: {'cmd': ['/usr/bin/python3', '-W', 'ignore:setup.py install is deprecated', '-W', 'ignore:easy_install command is deprecated', 'setup.py', 'egg_info', '--egg-base', '../../../../../../../../build/my-test-package', 'build', '--build-base', '/home/ubuntu/ros2_ws/src/Greyform-linux/Python_Application/build/my-test-package/build', 'install', '--record', '/home/ubuntu/ros2_ws/src/Greyform-linux/Python_Application/build/my-test-package/install.log', '--single-version-externally-managed'], 'cwd': '/home/ubuntu/ros2_ws/src/Greyform-linux/Python_Application/env/lib/python3.10/site-packages/pkg_resources/tests/data/my-test-package-source', 'env': {'GJS_DEBUG_TOPICS': 'JS ERROR;JS LOG', 'LESSOPEN': '| /usr/bin/lesspipe %s', 'USER': 'ubuntu', 'LC_TIME': 'id_ID.UTF-8', 'FONTCONFIG_PATH': '/etc/fonts', 'GIO_MODULE_DIR': '/home/ubuntu/snap/code/common/.cache/gio-modules', 'XDG_SESSION_TYPE': 'x11', 'GIT_ASKPASS': '/snap/code/191/usr/share/code/resources/app/extensions/git/dist/askpass.sh', 'GTK_EXE_PREFIX_VSCODE_SNAP_ORIG': '', 'GDK_BACKEND_VSCODE_SNAP_ORIG': '', 'SHLVL': '1', 'LD_LIBRARY_PATH': '/opt/ros/humble/opt/rviz_ogre_vendor/lib:/opt/ros/humble/lib/x86_64-linux-gnu:/opt/ros/humble/lib', 'HOME': '/home/ubuntu', 'CHROME_DESKTOP': 'code.desktop', 'LOCPATH_VSCODE_SNAP_ORIG': '', 'TERM_PROGRAM_VERSION': '1.99.3', 'DESKTOP_SESSION': 'ubuntu-xorg', 'GTK_PATH': '/snap/code/191/usr/lib/x86_64-linux-gnu/gtk-3.0', 'XDG_DATA_HOME_VSCODE_SNAP_ORIG': '', 'GTK_IM_MODULE_FILE': '/home/ubuntu/snap/code/common/.cache/immodules/immodules.cache', 'GIO_LAUNCHED_DESKTOP_FILE': '/var/lib/snapd/desktop/applications/code_code.desktop', 'ROS_PYTHON_VERSION': '3', 'GNOME_SHELL_SESSION_MODE': 'ubuntu', 'GTK_MODULES': 'gail:atk-bridge', 'GSETTINGS_SCHEMA_DIR_VSCODE_SNAP_ORIG': '', 'VSCODE_GIT_ASKPASS_MAIN': '/snap/code/191/usr/share/code/resources/app/extensions/git/dist/askpass-main.js', 'LC_MONETARY': 'id_ID.UTF-8', 'VSCODE_GIT_ASKPASS_NODE': '/snap/code/191/usr/share/code/code', 'MANAGERPID': '1707', 'PYDEVD_DISABLE_FILE_VALIDATION': '1', 'SYSTEMD_EXEC_PID': '3509', 'BUNDLED_DEBUGPY_PATH': '/home/ubuntu/.vscode/extensions/ms-python.debugpy-2025.6.0-linux-x64/bundled/libs/debugpy', 'DBUS_SESSION_BUS_ADDRESS': 'unix:path=/run/user/1000/bus', 'COLORTERM': 'truecolor', 'GIO_LAUNCHED_DESKTOP_FILE_PID': '4570', 'IM_CONFIG_PHASE': '1', 'ROS_DISTRO': 'humble', 'GTK_IM_MODULE': 'ibus', 'LOGNAME': 'ubuntu', 'JOURNAL_STREAM': '8:42282', '_': '/usr/bin/colcon', 'ROS_VERSION': '2', 'XDG_CONFIG_DIRS_VSCODE_SNAP_ORIG': '/etc/xdg/xdg-ubuntu-xorg:/etc/xdg', 'XDG_SESSION_CLASS': 'user', 'XDG_DATA_DIRS_VSCODE_SNAP_ORIG': '/usr/share/ubuntu-xorg:/usr/share/gnome:/home/ubuntu/.local/share/flatpak/exports/share:/var/lib/flatpak/exports/share:/usr/local/share/:/usr/share/:/var/lib/snapd/desktop', 'USERNAME': 'ubuntu', 'TERM': 'xterm-256color', 'GNOME_DESKTOP_SESSION_ID': 'this-is-deprecated', 'ROS_LOCALHOST_ONLY': '0', 'WINDOWPATH': '2', 'PATH': '/home/ubuntu/.local/bin:/opt/ros/humble/bin:/home/ubuntu/.local/bin:/usr/local/sbin:/usr/local/bin:/usr/sbin:/usr/bin:/sbin:/bin:/usr/games:/usr/local/games:/snap/bin:/snap/bin:/home/ubuntu/.vscode/extensions/ms-python.debugpy-2025.6.0-linux-x64/bundled/scripts/noConfigScripts', 'SESSION_MANAGER': 'local/ubuntu-virtual-machine:@/tmp/.ICE-unix/3481,unix/ubuntu-virtual-machine:/tmp/.ICE-unix/3481', 'GTK_EXE_PREFIX': '/snap/code/191/usr', 'INVOCATION_ID': '81c1b3bacc4140db977ba66a9b84b73d', 'XDG_MENU_PREFIX': 'gnome-', 'LC_ADDRESS': 'id_ID.UTF-8', 'BAMF_DESKTOP_FILE_HINT': '/var/lib/snapd/desktop/applications/code_code.desktop', 'XDG_RUNTIME_DIR': '/run/user/1000', 'GDK_BACKEND': 'x11', 'DISPLAY': ':0', 'LOCPATH': '/snap/code/191/usr/lib/locale', 'VSCODE_DEBUGPY_ADAPTER_ENDPOINTS': '/home/ubuntu/.vscode/extensions/ms-python.debugpy-2025.6.0-linux-x64/.noConfigDebugAdapterEndpoints/endpoint-5c4e4c73dc4993ee.txt', 'LANG': 'en_US.UTF-8', 'XDG_CURRENT_DESKTOP': 'Unity', 'LC_TELEPHONE': 'id_ID.UTF-8', 'GIO_MODULE_DIR_VSCODE_SNAP_ORIG': '', 'XDG_DATA_HOME': '/home/ubuntu/snap/code/191/.local/share', 'XMODIFIERS': '@im=ibus', 'XDG_SESSION_DESKTOP': 'ubuntu-xorg', 'XAUTHORITY': '/run/user/1000/gdm/Xauthority', 'LS_COLORS': 'rs=0:di=01;34:ln=01;36:mh=00:pi=40;33:so=01;35:do=01;35:bd=40;33;01:cd=40;33;01:or=40;31;01:mi=00:su=37;41:sg=30;43:ca=30;41:tw=30;42:ow=34;42:st=37;44:ex=01;32:*.tar=01;31:*.tgz=01;31:*.arc=01;31:*.arj=01;31:*.taz=01;31:*.lha=01;31:*.lz4=01;31:*.lzh=01;31:*.lzma=01;31:*.tlz=01;31:*.txz=01;31:*.tzo=01;31:*.t7z=01;31:*.zip=01;31:*.z=01;31:*.dz=01;31:*.gz=01;31:*.lrz=01;31:*.lz=01;31:*.lzo=01;31:*.xz=01;31:*.zst=01;31:*.tzst=01;31:*.bz2=01;31:*.bz=01;31:*.tbz=01;31:*.tbz2=01;31:*.tz=01;31:*.deb=01;31:*.rpm=01;31:*.jar=01;31:*.war=01;31:*.ear=01;31:*.sar=01;31:*.rar=01;31:*.alz=01;31:*.ace=01;31:*.zoo=01;31:*.cpio=01;31:*.7z=01;31:*.rz=01;31:*.cab=01;31:*.wim=01;31:*.swm=01;31:*.dwm=01;31:*.esd=01;31:*.jpg=01;35:*.jpeg=01;35:*.mjpg=01;35:*.mjpeg=01;35:*.gif=01;35:*.bmp=01;35:*.pbm=01;35:*.pgm=01;35:*.ppm=01;35:*.tga=01;35:*.xbm=01;35:*.xpm=01;35:*.tif=01;35:*.tiff=01;35:*.png=01;35:*.svg=01;35:*.svgz=01;35:*.mng=01;35:*.pcx=01;35:*.mov=01;35:*.mpg=01;35:*.mpeg=01;35:*.m2v=01;35:*.mkv=01;35:*.webm=01;35:*.webp=01;35:*.ogm=01;35:*.mp4=01;35:*.m4v=01;35:*.mp4v=01;35:*.vob=01;35:*.qt=01;35:*.nuv=01;35:*.wmv=01;35:*.asf=01;35:*.rm=01;35:*.rmvb=01;35:*.flc=01;35:*.avi=01;35:*.fli=01;35:*.flv=01;35:*.gl=01;35:*.dl=01;35:*.xcf=01;35:*.xwd=01;35:*.yuv=01;35:*.cgm=01;35:*.emf=01;35:*.ogv=01;35:*.ogx=01;35:*.aac=00;36:*.au=00;36:*.flac=00;36:*.m4a=00;36:*.mid=00;36:*.midi=00;36:*.mka=00;36:*.mp3=00;36:*.mpc=00;36:*.ogg=00;36:*.ra=00;36:*.wav=00;36:*.oga=00;36:*.opus=00;36:*.spx=00;36:*.xspf=00;36:', 'VSCODE_GIT_IPC_HANDLE': '/run/user/1000/vscode-git-93ae0fd6cc.sock', 'TERM_PROGRAM': 'vscode', 'SSH_AGENT_LAUNCHER': 'gnome-keyring', 'SSH_AUTH_SOCK': '/run/user/1000/keyring/ssh', 'GSETTINGS_SCHEMA_DIR': '/home/ubuntu/snap/code/191/.local/share/glib-2.0/schemas', 'AMENT_PREFIX_PATH': '/opt/ros/humble', 'ORIGINAL_XDG_CURRENT_DESKTOP': 'ubuntu:GNOME', 'SHELL': '/bin/bash', 'LC_NAME': 'id_ID.UTF-8', 'QT_ACCESSIBILITY': '1', 'GDMSESSION': 'ubuntu-xorg', 'LESSCLOSE': '/usr/bin/lesspipe %s %s', 'GTK_PATH_VSCODE_SNAP_ORIG': '', 'FONTCONFIG_FILE': '/etc/fonts/fonts.conf', 'GTK_IM_MODULE_FILE_VSCODE_SNAP_ORIG': '', 'LC_MEASUREMENT': 'id_ID.UTF-8', 'GPG_AGENT_INFO': '/run/user/1000/gnupg/S.gpg-agent:0:1', 'GJS_DEBUG_OUTPUT': 'stderr', 'LC_IDENTIFICATION': 'id_ID.UTF-8', 'VSCODE_GIT_ASKPASS_EXTRA_ARGS': '', 'QT_IM_MODULE': 'ibus', 'PWD': '/home/ubuntu/ros2_ws/src/Greyform-linux/Python_Application/build/my-test-package', 'QT_QPA_PLATFORM': 'xcb', 'LC_ALL': 'en_US.UTF-8', 'XDG_CONFIG_DIRS': '/etc/xdg/xdg-ubuntu-xorg:/etc/xdg', 'XDG_DATA_DIRS': '/home/ubuntu/snap/code/191/.local/share/flatpak/exports/share:/home/ubuntu/snap/code/191/.local/share:/home/ubuntu/snap/code/191:/snap/code/191/usr/share:/usr/share/ubuntu-xorg:/usr/share/gnome:/home/ubuntu/.local/share/flatpak/exports/share:/var/lib/flatpak/exports/share:/usr/local/share/:/usr/share/:/var/lib/snapd/desktop', 'PYTHONPATH': '/home/ubuntu/ros2_ws/src/Greyform-linux/Python_Application/build/my-test-package/prefix_override:/usr/lib/python3/dist-packages/colcon_core/task/python/colcon_distutils_commands:/home/ubuntu/ros2_ws/src/Greyform-linux/Python_Application/install/my-test-package/lib/python3.10/site-packages:/opt/ros/humble/lib/python3.10/site-packages:/opt/ros/humble/local/lib/python3.10/dist-packages', 'LC_NUMERIC': 'id_ID.UTF-8', 'LC_PAPER': 'id_ID.UTF-8', 'COLCON': '1'}, 'shell': False}
[6.658737] (-) TimerEvent: {}
[6.716761] (my_robot_wallinterfaces) StdoutLine: {'line': b'[ 76%] Built target my_robot_wallinterfaces__rosidl_typesupport_introspection_c\n'}
[6.759030] (-) TimerEvent: {}
[6.860782] (-) TimerEvent: {}
[6.896023] (my_robot_wallinterfaces) StdoutLine: {'line': b'[ 76%] Built target my_robot_wallinterfaces\n'}
[6.960890] (-) TimerEvent: {}
[7.056337] (my_robot_wallinterfaces) StdoutLine: {'line': b'[ 78%] Built target my_robot_wallinterfaces__py\n'}
[7.064753] (-) TimerEvent: {}
[7.165682] (-) TimerEvent: {}
[7.232067] (my_robot_wallinterfaces) StdoutLine: {'line': b'[ 87%] Built target my_robot_wallinterfaces__rosidl_generator_py\n'}
[7.266326] (-) TimerEvent: {}
[7.368858] (-) TimerEvent: {}
[7.385713] (my_robot_wallinterfaces) StdoutLine: {'line': b'[ 91%] Built target my_robot_wallinterfaces__rosidl_typesupport_fastrtps_c__pyext\n'}
[7.469856] (-) TimerEvent: {}
[7.562865] (my_robot_wallinterfaces) StdoutLine: {'line': b'[ 95%] Built target my_robot_wallinterfaces__rosidl_typesupport_c__pyext\n'}
[7.572760] (-) TimerEvent: {}
[7.673515] (-) TimerEvent: {}
[7.759504] (my_robot_wallinterfaces) StdoutLine: {'line': b'[100%] Built target my_robot_wallinterfaces__rosidl_typesupport_introspection_c__pyext\n'}
[7.773995] (-) TimerEvent: {}
[7.825469] (my_robot_wallinterfaces) CommandEnded: {'returncode': 0}
[7.838953] (my_robot_wallinterfaces) JobProgress: {'identifier': 'my_robot_wallinterfaces', 'progress': 'install'}
[7.839678] (my_robot_wallinterfaces) Command: {'cmd': ['/usr/bin/cmake', '--install', '/home/ubuntu/ros2_ws/src/Greyform-linux/Python_Application/build/my_robot_wallinterfaces'], 'cwd': '/home/ubuntu/ros2_ws/src/Greyform-linux/Python_Application/build/my_robot_wallinterfaces', 'env': OrderedDict([('GJS_DEBUG_TOPICS', 'JS ERROR;JS LOG'), ('LESSOPEN', '| /usr/bin/lesspipe %s'), ('USER', 'ubuntu'), ('LC_TIME', 'id_ID.UTF-8'), ('FONTCONFIG_PATH', '/etc/fonts'), ('GIO_MODULE_DIR', '/home/ubuntu/snap/code/common/.cache/gio-modules'), ('XDG_SESSION_TYPE', 'x11'), ('GIT_ASKPASS', '/snap/code/191/usr/share/code/resources/app/extensions/git/dist/askpass.sh'), ('GTK_EXE_PREFIX_VSCODE_SNAP_ORIG', ''), ('GDK_BACKEND_VSCODE_SNAP_ORIG', ''), ('SHLVL', '1'), ('LD_LIBRARY_PATH', '/opt/ros/humble/opt/rviz_ogre_vendor/lib:/opt/ros/humble/lib/x86_64-linux-gnu:/opt/ros/humble/lib'), ('HOME', '/home/ubuntu'), ('CHROME_DESKTOP', 'code.desktop'), ('LOCPATH_VSCODE_SNAP_ORIG', ''), ('TERM_PROGRAM_VERSION', '1.99.3'), ('DESKTOP_SESSION', 'ubuntu-xorg'), ('GTK_PATH', '/snap/code/191/usr/lib/x86_64-linux-gnu/gtk-3.0'), ('XDG_DATA_HOME_VSCODE_SNAP_ORIG', ''), ('GTK_IM_MODULE_FILE', '/home/ubuntu/snap/code/common/.cache/immodules/immodules.cache'), ('GIO_LAUNCHED_DESKTOP_FILE', '/var/lib/snapd/desktop/applications/code_code.desktop'), ('ROS_PYTHON_VERSION', '3'), ('GNOME_SHELL_SESSION_MODE', 'ubuntu'), ('GTK_MODULES', 'gail:atk-bridge'), ('GSETTINGS_SCHEMA_DIR_VSCODE_SNAP_ORIG', ''), ('VSCODE_GIT_ASKPASS_MAIN', '/snap/code/191/usr/share/code/resources/app/extensions/git/dist/askpass-main.js'), ('LC_MONETARY', 'id_ID.UTF-8'), ('VSCODE_GIT_ASKPASS_NODE', '/snap/code/191/usr/share/code/code'), ('MANAGERPID', '1707'), ('PYDEVD_DISABLE_FILE_VALIDATION', '1'), ('SYSTEMD_EXEC_PID', '3509'), ('BUNDLED_DEBUGPY_PATH', '/home/ubuntu/.vscode/extensions/ms-python.debugpy-2025.6.0-linux-x64/bundled/libs/debugpy'), ('DBUS_SESSION_BUS_ADDRESS', 'unix:path=/run/user/1000/bus'), ('COLORTERM', 'truecolor'), ('GIO_LAUNCHED_DESKTOP_FILE_PID', '4570'), ('IM_CONFIG_PHASE', '1'), ('ROS_DISTRO', 'humble'), ('GTK_IM_MODULE', 'ibus'), ('LOGNAME', 'ubuntu'), ('JOURNAL_STREAM', '8:42282'), ('_', '/usr/bin/colcon'), ('ROS_VERSION', '2'), ('XDG_CONFIG_DIRS_VSCODE_SNAP_ORIG', '/etc/xdg/xdg-ubuntu-xorg:/etc/xdg'), ('XDG_SESSION_CLASS', 'user'), ('XDG_DATA_DIRS_VSCODE_SNAP_ORIG', '/usr/share/ubuntu-xorg:/usr/share/gnome:/home/ubuntu/.local/share/flatpak/exports/share:/var/lib/flatpak/exports/share:/usr/local/share/:/usr/share/:/var/lib/snapd/desktop'), ('USERNAME', 'ubuntu'), ('TERM', 'xterm-256color'), ('GNOME_DESKTOP_SESSION_ID', 'this-is-deprecated'), ('ROS_LOCALHOST_ONLY', '0'), ('WINDOWPATH', '2'), ('PATH', '/home/ubuntu/.local/bin:/opt/ros/humble/bin:/home/ubuntu/.local/bin:/usr/local/sbin:/usr/local/bin:/usr/sbin:/usr/bin:/sbin:/bin:/usr/games:/usr/local/games:/snap/bin:/snap/bin:/home/ubuntu/.vscode/extensions/ms-python.debugpy-2025.6.0-linux-x64/bundled/scripts/noConfigScripts'), ('SESSION_MANAGER', 'local/ubuntu-virtual-machine:@/tmp/.ICE-unix/3481,unix/ubuntu-virtual-machine:/tmp/.ICE-unix/3481'), ('GTK_EXE_PREFIX', '/snap/code/191/usr'), ('INVOCATION_ID', '81c1b3bacc4140db977ba66a9b84b73d'), ('XDG_MENU_PREFIX', 'gnome-'), ('LC_ADDRESS', 'id_ID.UTF-8'), ('BAMF_DESKTOP_FILE_HINT', '/var/lib/snapd/desktop/applications/code_code.desktop'), ('XDG_RUNTIME_DIR', '/run/user/1000'), ('GDK_BACKEND', 'x11'), ('DISPLAY', ':0'), ('LOCPATH', '/snap/code/191/usr/lib/locale'), ('VSCODE_DEBUGPY_ADAPTER_ENDPOINTS', '/home/ubuntu/.vscode/extensions/ms-python.debugpy-2025.6.0-linux-x64/.noConfigDebugAdapterEndpoints/endpoint-5c4e4c73dc4993ee.txt'), ('LANG', 'en_US.UTF-8'), ('XDG_CURRENT_DESKTOP', 'Unity'), ('LC_TELEPHONE', 'id_ID.UTF-8'), ('GIO_MODULE_DIR_VSCODE_SNAP_ORIG', ''), ('XDG_DATA_HOME', '/home/ubuntu/snap/code/191/.local/share'), ('XMODIFIERS', '@im=ibus'), ('XDG_SESSION_DESKTOP', 'ubuntu-xorg'), ('XAUTHORITY', '/run/user/1000/gdm/Xauthority'), ('LS_COLORS', 'rs=0:di=01;34:ln=01;36:mh=00:pi=40;33:so=01;35:do=01;35:bd=40;33;01:cd=40;33;01:or=40;31;01:mi=00:su=37;41:sg=30;43:ca=30;41:tw=30;42:ow=34;42:st=37;44:ex=01;32:*.tar=01;31:*.tgz=01;31:*.arc=01;31:*.arj=01;31:*.taz=01;31:*.lha=01;31:*.lz4=01;31:*.lzh=01;31:*.lzma=01;31:*.tlz=01;31:*.txz=01;31:*.tzo=01;31:*.t7z=01;31:*.zip=01;31:*.z=01;31:*.dz=01;31:*.gz=01;31:*.lrz=01;31:*.lz=01;31:*.lzo=01;31:*.xz=01;31:*.zst=01;31:*.tzst=01;31:*.bz2=01;31:*.bz=01;31:*.tbz=01;31:*.tbz2=01;31:*.tz=01;31:*.deb=01;31:*.rpm=01;31:*.jar=01;31:*.war=01;31:*.ear=01;31:*.sar=01;31:*.rar=01;31:*.alz=01;31:*.ace=01;31:*.zoo=01;31:*.cpio=01;31:*.7z=01;31:*.rz=01;31:*.cab=01;31:*.wim=01;31:*.swm=01;31:*.dwm=01;31:*.esd=01;31:*.jpg=01;35:*.jpeg=01;35:*.mjpg=01;35:*.mjpeg=01;35:*.gif=01;35:*.bmp=01;35:*.pbm=01;35:*.pgm=01;35:*.ppm=01;35:*.tga=01;35:*.xbm=01;35:*.xpm=01;35:*.tif=01;35:*.tiff=01;35:*.png=01;35:*.svg=01;35:*.svgz=01;35:*.mng=01;35:*.pcx=01;35:*.mov=01;35:*.mpg=01;35:*.mpeg=01;35:*.m2v=01;35:*.mkv=01;35:*.webm=01;35:*.webp=01;35:*.ogm=01;35:*.mp4=01;35:*.m4v=01;35:*.mp4v=01;35:*.vob=01;35:*.qt=01;35:*.nuv=01;35:*.wmv=01;35:*.asf=01;35:*.rm=01;35:*.rmvb=01;35:*.flc=01;35:*.avi=01;35:*.fli=01;35:*.flv=01;35:*.gl=01;35:*.dl=01;35:*.xcf=01;35:*.xwd=01;35:*.yuv=01;35:*.cgm=01;35:*.emf=01;35:*.ogv=01;35:*.ogx=01;35:*.aac=00;36:*.au=00;36:*.flac=00;36:*.m4a=00;36:*.mid=00;36:*.midi=00;36:*.mka=00;36:*.mp3=00;36:*.mpc=00;36:*.ogg=00;36:*.ra=00;36:*.wav=00;36:*.oga=00;36:*.opus=00;36:*.spx=00;36:*.xspf=00;36:'), ('VSCODE_GIT_IPC_HANDLE', '/run/user/1000/vscode-git-93ae0fd6cc.sock'), ('TERM_PROGRAM', 'vscode'), ('SSH_AGENT_LAUNCHER', 'gnome-keyring'), ('SSH_AUTH_SOCK', '/run/user/1000/keyring/ssh'), ('GSETTINGS_SCHEMA_DIR', '/home/ubuntu/snap/code/191/.local/share/glib-2.0/schemas'), ('AMENT_PREFIX_PATH', '/opt/ros/humble'), ('ORIGINAL_XDG_CURRENT_DESKTOP', 'ubuntu:GNOME'), ('SHELL', '/bin/bash'), ('LC_NAME', 'id_ID.UTF-8'), ('QT_ACCESSIBILITY', '1'), ('GDMSESSION', 'ubuntu-xorg'), ('LESSCLOSE', '/usr/bin/lesspipe %s %s'), ('GTK_PATH_VSCODE_SNAP_ORIG', ''), ('FONTCONFIG_FILE', '/etc/fonts/fonts.conf'), ('GTK_IM_MODULE_FILE_VSCODE_SNAP_ORIG', ''), ('LC_MEASUREMENT', 'id_ID.UTF-8'), ('GPG_AGENT_INFO', '/run/user/1000/gnupg/S.gpg-agent:0:1'), ('GJS_DEBUG_OUTPUT', 'stderr'), ('LC_IDENTIFICATION', 'id_ID.UTF-8'), ('VSCODE_GIT_ASKPASS_EXTRA_ARGS', ''), ('QT_IM_MODULE', 'ibus'), ('PWD', '/home/ubuntu/ros2_ws/src/Greyform-linux/Python_Application/build/my_robot_wallinterfaces'), ('QT_QPA_PLATFORM', 'xcb'), ('LC_ALL', 'en_US.UTF-8'), ('XDG_CONFIG_DIRS', '/etc/xdg/xdg-ubuntu-xorg:/etc/xdg'), ('XDG_DATA_DIRS', '/home/ubuntu/snap/code/191/.local/share/flatpak/exports/share:/home/ubuntu/snap/code/191/.local/share:/home/ubuntu/snap/code/191:/snap/code/191/usr/share:/usr/share/ubuntu-xorg:/usr/share/gnome:/home/ubuntu/.local/share/flatpak/exports/share:/var/lib/flatpak/exports/share:/usr/local/share/:/usr/share/:/var/lib/snapd/desktop'), ('PYTHONPATH', '/opt/ros/humble/lib/python3.10/site-packages:/opt/ros/humble/local/lib/python3.10/dist-packages'), ('LC_NUMERIC', 'id_ID.UTF-8'), ('LC_PAPER', 'id_ID.UTF-8'), ('COLCON', '1'), ('CMAKE_PREFIX_PATH', '/opt/ros/humble')]), 'shell': False}
[7.874759] (-) TimerEvent: {}
[7.890775] (my_robot_wallinterfaces) StdoutLine: {'line': b'-- Install configuration: ""\n'}
[7.894119] (my_robot_wallinterfaces) StdoutLine: {'line': b'-- Up-to-date: /home/ubuntu/ros2_ws/src/Greyform-linux/Python_Application/install/my_robot_wallinterfaces/share/ament_index/resource_index/rosidl_interfaces/my_robot_wallinterfaces\n'}
[7.895435] (my_robot_wallinterfaces) StdoutLine: {'line': b'-- Up-to-date: /home/ubuntu/ros2_ws/src/Greyform-linux/Python_Application/install/my_robot_wallinterfaces/include/my_robot_wallinterfaces/my_robot_wallinterfaces\n'}
[7.895921] (my_robot_wallinterfaces) StdoutLine: {'line': b'-- Up-to-date: /home/ubuntu/ros2_ws/src/Greyform-linux/Python_Application/install/my_robot_wallinterfaces/include/my_robot_wallinterfaces/my_robot_wallinterfaces/srv\n'}
[7.896269] (my_robot_wallinterfaces) StdoutLine: {'line': b'-- Up-to-date: /home/ubuntu/ros2_ws/src/Greyform-linux/Python_Application/install/my_robot_wallinterfaces/include/my_robot_wallinterfaces/my_robot_wallinterfaces/srv/detail\n'}
[7.897146] (my_robot_wallinterfaces) StdoutLine: {'line': b'-- Up-to-date: /home/ubuntu/ros2_ws/src/Greyform-linux/Python_Application/install/my_robot_wallinterfaces/include/my_robot_wallinterfaces/my_robot_wallinterfaces/srv/detail/set_led__type_support.h\n'}
[7.897522] (my_robot_wallinterfaces) StdoutLine: {'line': b'-- Up-to-date: /home/ubuntu/ros2_ws/src/Greyform-linux/Python_Application/install/my_robot_wallinterfaces/include/my_robot_wallinterfaces/my_robot_wallinterfaces/srv/detail/set_led__struct.h\n'}
[7.898634] (my_robot_wallinterfaces) StdoutLine: {'line': b'-- Up-to-date: /home/ubuntu/ros2_ws/src/Greyform-linux/Python_Application/install/my_robot_wallinterfaces/include/my_robot_wallinterfaces/my_robot_wallinterfaces/srv/detail/set_led__functions.c\n'}
[7.901536] (my_robot_wallinterfaces) StdoutLine: {'line': b'-- Up-to-date: /home/ubuntu/ros2_ws/src/Greyform-linux/Python_Application/install/my_robot_wallinterfaces/include/my_robot_wallinterfaces/my_robot_wallinterfaces/srv/detail/set_led__functions.h\n'}
[7.901920] (my_robot_wallinterfaces) StdoutLine: {'line': b'-- Up-to-date: /home/ubuntu/ros2_ws/src/Greyform-linux/Python_Application/install/my_robot_wallinterfaces/include/my_robot_wallinterfaces/my_robot_wallinterfaces/srv/set_led.h\n'}
[7.903178] (my_robot_wallinterfaces) StdoutLine: {'line': b'-- Up-to-date: /home/ubuntu/ros2_ws/src/Greyform-linux/Python_Application/install/my_robot_wallinterfaces/include/my_robot_wallinterfaces/my_robot_wallinterfaces/msg\n'}
[7.903531] (my_robot_wallinterfaces) StdoutLine: {'line': b'-- Up-to-date: /home/ubuntu/ros2_ws/src/Greyform-linux/Python_Application/install/my_robot_wallinterfaces/include/my_robot_wallinterfaces/my_robot_wallinterfaces/msg/detail\n'}
[7.908753] (my_robot_wallinterfaces) StdoutLine: {'line': b'-- Up-to-date: /home/ubuntu/ros2_ws/src/Greyform-linux/Python_Application/install/my_robot_wallinterfaces/include/my_robot_wallinterfaces/my_robot_wallinterfaces/msg/detail/file_extraction_message__functions.h\n'}
[7.909190] (my_robot_wallinterfaces) StdoutLine: {'line': b'-- Up-to-date: /home/ubuntu/ros2_ws/src/Greyform-linux/Python_Application/install/my_robot_wallinterfaces/include/my_robot_wallinterfaces/my_robot_wallinterfaces/msg/detail/file_extraction_message__type_support.h\n'}
[7.910917] (my_robot_wallinterfaces) StdoutLine: {'line': b'-- Up-to-date: /home/ubuntu/ros2_ws/src/Greyform-linux/Python_Application/install/my_robot_wallinterfaces/include/my_robot_wallinterfaces/my_robot_wallinterfaces/msg/detail/selection_wall__struct.h\n'}
[7.915079] (my_robot_wallinterfaces) StdoutLine: {'line': b'-- Up-to-date: /home/ubuntu/ros2_ws/src/Greyform-linux/Python_Application/install/my_robot_wallinterfaces/include/my_robot_wallinterfaces/my_robot_wallinterfaces/msg/detail/selection_wall__functions.c\n'}
[7.916130] (my_robot_wallinterfaces) StdoutLine: {'line': b'-- Up-to-date: /home/ubuntu/ros2_ws/src/Greyform-linux/Python_Application/install/my_robot_wallinterfaces/include/my_robot_wallinterfaces/my_robot_wallinterfaces/msg/detail/selection_wall__functions.h\n'}
[7.916508] (my_robot_wallinterfaces) StdoutLine: {'line': b'-- Up-to-date: /home/ubuntu/ros2_ws/src/Greyform-linux/Python_Application/install/my_robot_wallinterfaces/include/my_robot_wallinterfaces/my_robot_wallinterfaces/msg/detail/selection_wall__type_support.h\n'}
[7.917182] (my_robot_wallinterfaces) StdoutLine: {'line': b'-- Up-to-date: /home/ubuntu/ros2_ws/src/Greyform-linux/Python_Application/install/my_robot_wallinterfaces/include/my_robot_wallinterfaces/my_robot_wallinterfaces/msg/detail/file_extraction_message__functions.c\n'}
[7.919368] (my_robot_wallinterfaces) StdoutLine: {'line': b'-- Up-to-date: /home/ubuntu/ros2_ws/src/Greyform-linux/Python_Application/install/my_robot_wallinterfaces/include/my_robot_wallinterfaces/my_robot_wallinterfaces/msg/detail/file_extraction_message__struct.h\n'}
[7.922226] (my_robot_wallinterfaces) StdoutLine: {'line': b'-- Up-to-date: /home/ubuntu/ros2_ws/src/Greyform-linux/Python_Application/install/my_robot_wallinterfaces/include/my_robot_wallinterfaces/my_robot_wallinterfaces/msg/file_extraction_message.h\n'}
[7.923448] (my_robot_wallinterfaces) StdoutLine: {'line': b'-- Up-to-date: /home/ubuntu/ros2_ws/src/Greyform-linux/Python_Application/install/my_robot_wallinterfaces/include/my_robot_wallinterfaces/my_robot_wallinterfaces/msg/rosidl_generator_c__visibility_control.h\n'}
[7.923985] (my_robot_wallinterfaces) StdoutLine: {'line': b'-- Up-to-date: /home/ubuntu/ros2_ws/src/Greyform-linux/Python_Application/install/my_robot_wallinterfaces/include/my_robot_wallinterfaces/my_robot_wallinterfaces/msg/selection_wall.h\n'}
[7.924357] (my_robot_wallinterfaces) StdoutLine: {'line': b'-- Up-to-date: /home/ubuntu/ros2_ws/src/Greyform-linux/Python_Application/install/my_robot_wallinterfaces/share/my_robot_wallinterfaces/environment/library_path.sh\n'}
[7.925147] (my_robot_wallinterfaces) StdoutLine: {'line': b'-- Up-to-date: /home/ubuntu/ros2_ws/src/Greyform-linux/Python_Application/install/my_robot_wallinterfaces/share/my_robot_wallinterfaces/environment/library_path.dsv\n'}
[7.930249] (my_robot_wallinterfaces) StdoutLine: {'line': b'-- Up-to-date: /home/ubuntu/ros2_ws/src/Greyform-linux/Python_Application/install/my_robot_wallinterfaces/lib/libmy_robot_wallinterfaces__rosidl_generator_c.so\n'}
[7.932280] (my_robot_wallinterfaces) StdoutLine: {'line': b'-- Up-to-date: /home/ubuntu/ros2_ws/src/Greyform-linux/Python_Application/install/my_robot_wallinterfaces/include/my_robot_wallinterfaces/my_robot_wallinterfaces\n'}
[7.933286] (my_robot_wallinterfaces) StdoutLine: {'line': b'-- Up-to-date: /home/ubuntu/ros2_ws/src/Greyform-linux/Python_Application/install/my_robot_wallinterfaces/include/my_robot_wallinterfaces/my_robot_wallinterfaces/srv\n'}
[7.933559] (my_robot_wallinterfaces) StdoutLine: {'line': b'-- Up-to-date: /home/ubuntu/ros2_ws/src/Greyform-linux/Python_Application/install/my_robot_wallinterfaces/include/my_robot_wallinterfaces/my_robot_wallinterfaces/srv/detail\n'}
[7.934104] (my_robot_wallinterfaces) StdoutLine: {'line': b'-- Up-to-date: /home/ubuntu/ros2_ws/src/Greyform-linux/Python_Application/install/my_robot_wallinterfaces/include/my_robot_wallinterfaces/my_robot_wallinterfaces/srv/detail/set_led__rosidl_typesupport_fastrtps_c.h\n'}
[7.934318] (my_robot_wallinterfaces) StdoutLine: {'line': b'-- Up-to-date: /home/ubuntu/ros2_ws/src/Greyform-linux/Python_Application/install/my_robot_wallinterfaces/include/my_robot_wallinterfaces/my_robot_wallinterfaces/msg\n'}
[7.934456] (my_robot_wallinterfaces) StdoutLine: {'line': b'-- Up-to-date: /home/ubuntu/ros2_ws/src/Greyform-linux/Python_Application/install/my_robot_wallinterfaces/include/my_robot_wallinterfaces/my_robot_wallinterfaces/msg/detail\n'}
[7.934763] (my_robot_wallinterfaces) StdoutLine: {'line': b'-- Up-to-date: /home/ubuntu/ros2_ws/src/Greyform-linux/Python_Application/install/my_robot_wallinterfaces/include/my_robot_wallinterfaces/my_robot_wallinterfaces/msg/detail/file_extraction_message__rosidl_typesupport_fastrtps_c.h\n'}
[7.935146] (my_robot_wallinterfaces) StdoutLine: {'line': b'-- Up-to-date: /home/ubuntu/ros2_ws/src/Greyform-linux/Python_Application/install/my_robot_wallinterfaces/include/my_robot_wallinterfaces/my_robot_wallinterfaces/msg/detail/selection_wall__rosidl_typesupport_fastrtps_c.h\n'}
[7.935373] (my_robot_wallinterfaces) StdoutLine: {'line': b'-- Up-to-date: /home/ubuntu/ros2_ws/src/Greyform-linux/Python_Application/install/my_robot_wallinterfaces/include/my_robot_wallinterfaces/my_robot_wallinterfaces/msg/rosidl_typesupport_fastrtps_c__visibility_control.h\n'}
[7.936232] (my_robot_wallinterfaces) StdoutLine: {'line': b'-- Up-to-date: /home/ubuntu/ros2_ws/src/Greyform-linux/Python_Application/install/my_robot_wallinterfaces/lib/libmy_robot_wallinterfaces__rosidl_typesupport_fastrtps_c.so\n'}
[7.936593] (my_robot_wallinterfaces) StdoutLine: {'line': b'-- Up-to-date: /home/ubuntu/ros2_ws/src/Greyform-linux/Python_Application/install/my_robot_wallinterfaces/include/my_robot_wallinterfaces/my_robot_wallinterfaces\n'}
[7.941153] (my_robot_wallinterfaces) StdoutLine: {'line': b'-- Up-to-date: /home/ubuntu/ros2_ws/src/Greyform-linux/Python_Application/install/my_robot_wallinterfaces/include/my_robot_wallinterfaces/my_robot_wallinterfaces/srv\n'}
[7.941461] (my_robot_wallinterfaces) StdoutLine: {'line': b'-- Up-to-date: /home/ubuntu/ros2_ws/src/Greyform-linux/Python_Application/install/my_robot_wallinterfaces/include/my_robot_wallinterfaces/my_robot_wallinterfaces/srv/detail\n'}
[7.942450] (my_robot_wallinterfaces) StdoutLine: {'line': b'-- Up-to-date: /home/ubuntu/ros2_ws/src/Greyform-linux/Python_Application/install/my_robot_wallinterfaces/include/my_robot_wallinterfaces/my_robot_wallinterfaces/srv/detail/set_led__rosidl_typesupport_introspection_c.h\n'}
[7.943182] (my_robot_wallinterfaces) StdoutLine: {'line': b'-- Up-to-date: /home/ubuntu/ros2_ws/src/Greyform-linux/Python_Application/install/my_robot_wallinterfaces/include/my_robot_wallinterfaces/my_robot_wallinterfaces/srv/detail/set_led__type_support.c\n'}
[7.945728] (my_robot_wallinterfaces) StdoutLine: {'line': b'-- Up-to-date: /home/ubuntu/ros2_ws/src/Greyform-linux/Python_Application/install/my_robot_wallinterfaces/include/my_robot_wallinterfaces/my_robot_wallinterfaces/msg\n'}
[7.946375] (my_robot_wallinterfaces) StdoutLine: {'line': b'-- Up-to-date: /home/ubuntu/ros2_ws/src/Greyform-linux/Python_Application/install/my_robot_wallinterfaces/include/my_robot_wallinterfaces/my_robot_wallinterfaces/msg/detail\n'}
[7.946912] (my_robot_wallinterfaces) StdoutLine: {'line': b'-- Up-to-date: /home/ubuntu/ros2_ws/src/Greyform-linux/Python_Application/install/my_robot_wallinterfaces/include/my_robot_wallinterfaces/my_robot_wallinterfaces/msg/detail/file_extraction_message__rosidl_typesupport_introspection_c.h\n'}
[7.947219] (my_robot_wallinterfaces) StdoutLine: {'line': b'-- Up-to-date: /home/ubuntu/ros2_ws/src/Greyform-linux/Python_Application/install/my_robot_wallinterfaces/include/my_robot_wallinterfaces/my_robot_wallinterfaces/msg/detail/selection_wall__rosidl_typesupport_introspection_c.h\n'}
[7.947497] (my_robot_wallinterfaces) StdoutLine: {'line': b'-- Up-to-date: /home/ubuntu/ros2_ws/src/Greyform-linux/Python_Application/install/my_robot_wallinterfaces/include/my_robot_wallinterfaces/my_robot_wallinterfaces/msg/detail/file_extraction_message__type_support.c\n'}
[7.947950] (my_robot_wallinterfaces) StdoutLine: {'line': b'-- Up-to-date: /home/ubuntu/ros2_ws/src/Greyform-linux/Python_Application/install/my_robot_wallinterfaces/include/my_robot_wallinterfaces/my_robot_wallinterfaces/msg/detail/selection_wall__type_support.c\n'}
[7.948255] (my_robot_wallinterfaces) StdoutLine: {'line': b'-- Up-to-date: /home/ubuntu/ros2_ws/src/Greyform-linux/Python_Application/install/my_robot_wallinterfaces/include/my_robot_wallinterfaces/my_robot_wallinterfaces/msg/rosidl_typesupport_introspection_c__visibility_control.h\n'}
[7.952072] (my_robot_wallinterfaces) StdoutLine: {'line': b'-- Up-to-date: /home/ubuntu/ros2_ws/src/Greyform-linux/Python_Application/install/my_robot_wallinterfaces/lib/libmy_robot_wallinterfaces__rosidl_typesupport_introspection_c.so\n'}
[7.952521] (my_robot_wallinterfaces) StdoutLine: {'line': b'-- Up-to-date: /home/ubuntu/ros2_ws/src/Greyform-linux/Python_Application/install/my_robot_wallinterfaces/lib/libmy_robot_wallinterfaces__rosidl_typesupport_c.so\n'}
[7.953857] (my_robot_wallinterfaces) StdoutLine: {'line': b'-- Up-to-date: /home/ubuntu/ros2_ws/src/Greyform-linux/Python_Application/install/my_robot_wallinterfaces/include/my_robot_wallinterfaces/my_robot_wallinterfaces\n'}
[7.954330] (my_robot_wallinterfaces) StdoutLine: {'line': b'-- Up-to-date: /home/ubuntu/ros2_ws/src/Greyform-linux/Python_Application/install/my_robot_wallinterfaces/include/my_robot_wallinterfaces/my_robot_wallinterfaces/srv\n'}
[7.954782] (my_robot_wallinterfaces) StdoutLine: {'line': b'-- Up-to-date: /home/ubuntu/ros2_ws/src/Greyform-linux/Python_Application/install/my_robot_wallinterfaces/include/my_robot_wallinterfaces/my_robot_wallinterfaces/srv/detail\n'}
[7.955268] (my_robot_wallinterfaces) StdoutLine: {'line': b'-- Up-to-date: /home/ubuntu/ros2_ws/src/Greyform-linux/Python_Application/install/my_robot_wallinterfaces/include/my_robot_wallinterfaces/my_robot_wallinterfaces/srv/detail/set_led__builder.hpp\n'}
[7.955570] (my_robot_wallinterfaces) StdoutLine: {'line': b'-- Up-to-date: /home/ubuntu/ros2_ws/src/Greyform-linux/Python_Application/install/my_robot_wallinterfaces/include/my_robot_wallinterfaces/my_robot_wallinterfaces/srv/detail/set_led__struct.hpp\n'}
[7.955913] (my_robot_wallinterfaces) StdoutLine: {'line': b'-- Up-to-date: /home/ubuntu/ros2_ws/src/Greyform-linux/Python_Application/install/my_robot_wallinterfaces/include/my_robot_wallinterfaces/my_robot_wallinterfaces/srv/detail/set_led__type_support.hpp\n'}
[7.956301] (my_robot_wallinterfaces) StdoutLine: {'line': b'-- Up-to-date: /home/ubuntu/ros2_ws/src/Greyform-linux/Python_Application/install/my_robot_wallinterfaces/include/my_robot_wallinterfaces/my_robot_wallinterfaces/srv/detail/set_led__traits.hpp\n'}
[7.960529] (my_robot_wallinterfaces) StdoutLine: {'line': b'-- Up-to-date: /home/ubuntu/ros2_ws/src/Greyform-linux/Python_Application/install/my_robot_wallinterfaces/include/my_robot_wallinterfaces/my_robot_wallinterfaces/srv/set_led.hpp\n'}
[7.961498] (my_robot_wallinterfaces) StdoutLine: {'line': b'-- Up-to-date: /home/ubuntu/ros2_ws/src/Greyform-linux/Python_Application/install/my_robot_wallinterfaces/include/my_robot_wallinterfaces/my_robot_wallinterfaces/msg\n'}
[7.962979] (my_robot_wallinterfaces) StdoutLine: {'line': b'-- Up-to-date: /home/ubuntu/ros2_ws/src/Greyform-linux/Python_Application/install/my_robot_wallinterfaces/include/my_robot_wallinterfaces/my_robot_wallinterfaces/msg/rosidl_generator_cpp__visibility_control.hpp\n'}
[7.966586] (my_robot_wallinterfaces) StdoutLine: {'line': b'-- Up-to-date: /home/ubuntu/ros2_ws/src/Greyform-linux/Python_Application/install/my_robot_wallinterfaces/include/my_robot_wallinterfaces/my_robot_wallinterfaces/msg/file_extraction_message.hpp\n'}
[7.967790] (my_robot_wallinterfaces) StdoutLine: {'line': b'-- Up-to-date: /home/ubuntu/ros2_ws/src/Greyform-linux/Python_Application/install/my_robot_wallinterfaces/include/my_robot_wallinterfaces/my_robot_wallinterfaces/msg/detail\n'}
[7.968144] (my_robot_wallinterfaces) StdoutLine: {'line': b'-- Up-to-date: /home/ubuntu/ros2_ws/src/Greyform-linux/Python_Application/install/my_robot_wallinterfaces/include/my_robot_wallinterfaces/my_robot_wallinterfaces/msg/detail/selection_wall__builder.hpp\n'}
[7.968440] (my_robot_wallinterfaces) StdoutLine: {'line': b'-- Up-to-date: /home/ubuntu/ros2_ws/src/Greyform-linux/Python_Application/install/my_robot_wallinterfaces/include/my_robot_wallinterfaces/my_robot_wallinterfaces/msg/detail/file_extraction_message__struct.hpp\n'}
[7.969066] (my_robot_wallinterfaces) StdoutLine: {'line': b'-- Up-to-date: /home/ubuntu/ros2_ws/src/Greyform-linux/Python_Application/install/my_robot_wallinterfaces/include/my_robot_wallinterfaces/my_robot_wallinterfaces/msg/detail/selection_wall__struct.hpp\n'}
[7.969357] (my_robot_wallinterfaces) StdoutLine: {'line': b'-- Up-to-date: /home/ubuntu/ros2_ws/src/Greyform-linux/Python_Application/install/my_robot_wallinterfaces/include/my_robot_wallinterfaces/my_robot_wallinterfaces/msg/detail/file_extraction_message__traits.hpp\n'}
[7.969745] (my_robot_wallinterfaces) StdoutLine: {'line': b'-- Up-to-date: /home/ubuntu/ros2_ws/src/Greyform-linux/Python_Application/install/my_robot_wallinterfaces/include/my_robot_wallinterfaces/my_robot_wallinterfaces/msg/detail/file_extraction_message__builder.hpp\n'}
[7.970154] (my_robot_wallinterfaces) StdoutLine: {'line': b'-- Up-to-date: /home/ubuntu/ros2_ws/src/Greyform-linux/Python_Application/install/my_robot_wallinterfaces/include/my_robot_wallinterfaces/my_robot_wallinterfaces/msg/detail/file_extraction_message__type_support.hpp\n'}
[7.971115] (my_robot_wallinterfaces) StdoutLine: {'line': b'-- Up-to-date: /home/ubuntu/ros2_ws/src/Greyform-linux/Python_Application/install/my_robot_wallinterfaces/include/my_robot_wallinterfaces/my_robot_wallinterfaces/msg/detail/selection_wall__traits.hpp\n'}
[7.971786] (my_robot_wallinterfaces) StdoutLine: {'line': b'-- Up-to-date: /home/ubuntu/ros2_ws/src/Greyform-linux/Python_Application/install/my_robot_wallinterfaces/include/my_robot_wallinterfaces/my_robot_wallinterfaces/msg/detail/selection_wall__type_support.hpp\n'}
[7.972264] (my_robot_wallinterfaces) StdoutLine: {'line': b'-- Up-to-date: /home/ubuntu/ros2_ws/src/Greyform-linux/Python_Application/install/my_robot_wallinterfaces/include/my_robot_wallinterfaces/my_robot_wallinterfaces/msg/selection_wall.hpp\n'}
[7.972646] (my_robot_wallinterfaces) StdoutLine: {'line': b'-- Up-to-date: /home/ubuntu/ros2_ws/src/Greyform-linux/Python_Application/install/my_robot_wallinterfaces/include/my_robot_wallinterfaces/my_robot_wallinterfaces\n'}
[7.972907] (my_robot_wallinterfaces) StdoutLine: {'line': b'-- Up-to-date: /home/ubuntu/ros2_ws/src/Greyform-linux/Python_Application/install/my_robot_wallinterfaces/include/my_robot_wallinterfaces/my_robot_wallinterfaces/srv\n'}
[7.973828] (my_robot_wallinterfaces) StdoutLine: {'line': b'-- Up-to-date: /home/ubuntu/ros2_ws/src/Greyform-linux/Python_Application/install/my_robot_wallinterfaces/include/my_robot_wallinterfaces/my_robot_wallinterfaces/srv/detail\n'}
[7.974126] (my_robot_wallinterfaces) StdoutLine: {'line': b'-- Up-to-date: /home/ubuntu/ros2_ws/src/Greyform-linux/Python_Application/install/my_robot_wallinterfaces/include/my_robot_wallinterfaces/my_robot_wallinterfaces/srv/detail/dds_fastrtps\n'}
[7.974346] (my_robot_wallinterfaces) StdoutLine: {'line': b'-- Up-to-date: /home/ubuntu/ros2_ws/src/Greyform-linux/Python_Application/install/my_robot_wallinterfaces/include/my_robot_wallinterfaces/my_robot_wallinterfaces/srv/detail/set_led__rosidl_typesupport_fastrtps_cpp.hpp\n'}
[7.974746] (-) TimerEvent: {}
[7.975150] (my_robot_wallinterfaces) StdoutLine: {'line': b'-- Up-to-date: /home/ubuntu/ros2_ws/src/Greyform-linux/Python_Application/install/my_robot_wallinterfaces/include/my_robot_wallinterfaces/my_robot_wallinterfaces/msg\n'}
[7.975521] (my_robot_wallinterfaces) StdoutLine: {'line': b'-- Up-to-date: /home/ubuntu/ros2_ws/src/Greyform-linux/Python_Application/install/my_robot_wallinterfaces/include/my_robot_wallinterfaces/my_robot_wallinterfaces/msg/detail\n'}
[7.975827] (my_robot_wallinterfaces) StdoutLine: {'line': b'-- Up-to-date: /home/ubuntu/ros2_ws/src/Greyform-linux/Python_Application/install/my_robot_wallinterfaces/include/my_robot_wallinterfaces/my_robot_wallinterfaces/msg/detail/file_extraction_message__rosidl_typesupport_fastrtps_cpp.hpp\n'}
[7.976045] (my_robot_wallinterfaces) StdoutLine: {'line': b'-- Up-to-date: /home/ubuntu/ros2_ws/src/Greyform-linux/Python_Application/install/my_robot_wallinterfaces/include/my_robot_wallinterfaces/my_robot_wallinterfaces/msg/detail/dds_fastrtps\n'}
[7.976266] (my_robot_wallinterfaces) StdoutLine: {'line': b'-- Up-to-date: /home/ubuntu/ros2_ws/src/Greyform-linux/Python_Application/install/my_robot_wallinterfaces/include/my_robot_wallinterfaces/my_robot_wallinterfaces/msg/detail/selection_wall__rosidl_typesupport_fastrtps_cpp.hpp\n'}
[7.976459] (my_robot_wallinterfaces) StdoutLine: {'line': b'-- Up-to-date: /home/ubuntu/ros2_ws/src/Greyform-linux/Python_Application/install/my_robot_wallinterfaces/include/my_robot_wallinterfaces/my_robot_wallinterfaces/msg/rosidl_typesupport_fastrtps_cpp__visibility_control.h\n'}
[7.976825] (my_robot_wallinterfaces) StdoutLine: {'line': b'-- Up-to-date: /home/ubuntu/ros2_ws/src/Greyform-linux/Python_Application/install/my_robot_wallinterfaces/lib/libmy_robot_wallinterfaces__rosidl_typesupport_fastrtps_cpp.so\n'}
[7.977499] (my_robot_wallinterfaces) StdoutLine: {'line': b'-- Up-to-date: /home/ubuntu/ros2_ws/src/Greyform-linux/Python_Application/install/my_robot_wallinterfaces/include/my_robot_wallinterfaces/my_robot_wallinterfaces\n'}
[7.978585] (my_robot_wallinterfaces) StdoutLine: {'line': b'-- Up-to-date: /home/ubuntu/ros2_ws/src/Greyform-linux/Python_Application/install/my_robot_wallinterfaces/include/my_robot_wallinterfaces/my_robot_wallinterfaces/srv\n'}
[7.979105] (my_robot_wallinterfaces) StdoutLine: {'line': b'-- Up-to-date: /home/ubuntu/ros2_ws/src/Greyform-linux/Python_Application/install/my_robot_wallinterfaces/include/my_robot_wallinterfaces/my_robot_wallinterfaces/srv/detail\n'}
[7.979637] (my_robot_wallinterfaces) StdoutLine: {'line': b'-- Up-to-date: /home/ubuntu/ros2_ws/src/Greyform-linux/Python_Application/install/my_robot_wallinterfaces/include/my_robot_wallinterfaces/my_robot_wallinterfaces/srv/detail/set_led__type_support.cpp\n'}
[7.980125] (my_robot_wallinterfaces) StdoutLine: {'line': b'-- Up-to-date: /home/ubuntu/ros2_ws/src/Greyform-linux/Python_Application/install/my_robot_wallinterfaces/include/my_robot_wallinterfaces/my_robot_wallinterfaces/srv/detail/set_led__rosidl_typesupport_introspection_cpp.hpp\n'}
[7.980721] (my_robot_wallinterfaces) StdoutLine: {'line': b'-- Up-to-date: /home/ubuntu/ros2_ws/src/Greyform-linux/Python_Application/install/my_robot_wallinterfaces/include/my_robot_wallinterfaces/my_robot_wallinterfaces/msg\n'}
[7.981103] (my_robot_wallinterfaces) StdoutLine: {'line': b'-- Up-to-date: /home/ubuntu/ros2_ws/src/Greyform-linux/Python_Application/install/my_robot_wallinterfaces/include/my_robot_wallinterfaces/my_robot_wallinterfaces/msg/detail\n'}
[7.981669] (my_robot_wallinterfaces) StdoutLine: {'line': b'-- Up-to-date: /home/ubuntu/ros2_ws/src/Greyform-linux/Python_Application/install/my_robot_wallinterfaces/include/my_robot_wallinterfaces/my_robot_wallinterfaces/msg/detail/file_extraction_message__rosidl_typesupport_introspection_cpp.hpp\n'}
[7.982228] (my_robot_wallinterfaces) StdoutLine: {'line': b'-- Up-to-date: /home/ubuntu/ros2_ws/src/Greyform-linux/Python_Application/install/my_robot_wallinterfaces/include/my_robot_wallinterfaces/my_robot_wallinterfaces/msg/detail/file_extraction_message__type_support.cpp\n'}
[7.983367] (my_robot_wallinterfaces) StdoutLine: {'line': b'-- Up-to-date: /home/ubuntu/ros2_ws/src/Greyform-linux/Python_Application/install/my_robot_wallinterfaces/include/my_robot_wallinterfaces/my_robot_wallinterfaces/msg/detail/selection_wall__type_support.cpp\n'}
[7.983948] (my_robot_wallinterfaces) StdoutLine: {'line': b'-- Up-to-date: /home/ubuntu/ros2_ws/src/Greyform-linux/Python_Application/install/my_robot_wallinterfaces/include/my_robot_wallinterfaces/my_robot_wallinterfaces/msg/detail/selection_wall__rosidl_typesupport_introspection_cpp.hpp\n'}
[7.987735] (my_robot_wallinterfaces) StdoutLine: {'line': b'-- Up-to-date: /home/ubuntu/ros2_ws/src/Greyform-linux/Python_Application/install/my_robot_wallinterfaces/lib/libmy_robot_wallinterfaces__rosidl_typesupport_introspection_cpp.so\n'}
[7.991359] (my_robot_wallinterfaces) StdoutLine: {'line': b'-- Up-to-date: /home/ubuntu/ros2_ws/src/Greyform-linux/Python_Application/install/my_robot_wallinterfaces/lib/libmy_robot_wallinterfaces__rosidl_typesupport_cpp.so\n'}
[7.993545] (my_robot_wallinterfaces) StdoutLine: {'line': b'-- Up-to-date: /home/ubuntu/ros2_ws/src/Greyform-linux/Python_Application/install/my_robot_wallinterfaces/share/my_robot_wallinterfaces/environment/pythonpath.sh\n'}
[7.994182] (my_robot_wallinterfaces) StdoutLine: {'line': b'-- Up-to-date: /home/ubuntu/ros2_ws/src/Greyform-linux/Python_Application/install/my_robot_wallinterfaces/share/my_robot_wallinterfaces/environment/pythonpath.dsv\n'}
[7.996500] (my_robot_wallinterfaces) StdoutLine: {'line': b'-- Up-to-date: /home/ubuntu/ros2_ws/src/Greyform-linux/Python_Application/install/my_robot_wallinterfaces/local/lib/python3.10/dist-packages/my_robot_wallinterfaces-0.0.0-py3.10.egg-info\n'}
[8.001053] (my_robot_wallinterfaces) StdoutLine: {'line': b'-- Installing: /home/ubuntu/ros2_ws/src/Greyform-linux/Python_Application/install/my_robot_wallinterfaces/local/lib/python3.10/dist-packages/my_robot_wallinterfaces-0.0.0-py3.10.egg-info/dependency_links.txt\n'}
[8.005755] (my_robot_wallinterfaces) StdoutLine: {'line': b'-- Installing: /home/ubuntu/ros2_ws/src/Greyform-linux/Python_Application/install/my_robot_wallinterfaces/local/lib/python3.10/dist-packages/my_robot_wallinterfaces-0.0.0-py3.10.egg-info/SOURCES.txt\n'}
[8.006591] (my_robot_wallinterfaces) StdoutLine: {'line': b'-- Installing: /home/ubuntu/ros2_ws/src/Greyform-linux/Python_Application/install/my_robot_wallinterfaces/local/lib/python3.10/dist-packages/my_robot_wallinterfaces-0.0.0-py3.10.egg-info/PKG-INFO\n'}
[8.007900] (my_robot_wallinterfaces) StdoutLine: {'line': b'-- Installing: /home/ubuntu/ros2_ws/src/Greyform-linux/Python_Application/install/my_robot_wallinterfaces/local/lib/python3.10/dist-packages/my_robot_wallinterfaces-0.0.0-py3.10.egg-info/top_level.txt\n'}
[8.009548] (my_robot_wallinterfaces) StdoutLine: {'line': b'-- Up-to-date: /home/ubuntu/ros2_ws/src/Greyform-linux/Python_Application/install/my_robot_wallinterfaces/local/lib/python3.10/dist-packages/my_robot_wallinterfaces\n'}
[8.012913] (my_robot_wallinterfaces) StdoutLine: {'line': b'-- Up-to-date: /home/ubuntu/ros2_ws/src/Greyform-linux/Python_Application/install/my_robot_wallinterfaces/local/lib/python3.10/dist-packages/my_robot_wallinterfaces/__init__.py\n'}
[8.013782] (my_robot_wallinterfaces) StdoutLine: {'line': b'-- Up-to-date: /home/ubuntu/ros2_ws/src/Greyform-linux/Python_Application/install/my_robot_wallinterfaces/local/lib/python3.10/dist-packages/my_robot_wallinterfaces/my_robot_wallinterfaces_s__rosidl_typesupport_fastrtps_c.cpython-310-x86_64-linux-gnu.so\n'}
[8.014254] (my_robot_wallinterfaces) StdoutLine: {'line': b'-- Up-to-date: /home/ubuntu/ros2_ws/src/Greyform-linux/Python_Application/install/my_robot_wallinterfaces/local/lib/python3.10/dist-packages/my_robot_wallinterfaces/libmy_robot_wallinterfaces__rosidl_generator_py.so\n'}
[8.014772] (my_robot_wallinterfaces) StdoutLine: {'line': b'-- Up-to-date: /home/ubuntu/ros2_ws/src/Greyform-linux/Python_Application/install/my_robot_wallinterfaces/local/lib/python3.10/dist-packages/my_robot_wallinterfaces/my_robot_wallinterfaces_s__rosidl_typesupport_c.cpython-310-x86_64-linux-gnu.so\n'}
[8.019024] (my_robot_wallinterfaces) StdoutLine: {'line': b'-- Up-to-date: /home/ubuntu/ros2_ws/src/Greyform-linux/Python_Application/install/my_robot_wallinterfaces/local/lib/python3.10/dist-packages/my_robot_wallinterfaces/srv\n'}
[8.019698] (my_robot_wallinterfaces) StdoutLine: {'line': b'-- Up-to-date: /home/ubuntu/ros2_ws/src/Greyform-linux/Python_Application/install/my_robot_wallinterfaces/local/lib/python3.10/dist-packages/my_robot_wallinterfaces/srv/__init__.py\n'}
[8.020399] (my_robot_wallinterfaces) StdoutLine: {'line': b'-- Up-to-date: /home/ubuntu/ros2_ws/src/Greyform-linux/Python_Application/install/my_robot_wallinterfaces/local/lib/python3.10/dist-packages/my_robot_wallinterfaces/srv/_set_led.py\n'}
[8.021869] (my_robot_wallinterfaces) StdoutLine: {'line': b'-- Up-to-date: /home/ubuntu/ros2_ws/src/Greyform-linux/Python_Application/install/my_robot_wallinterfaces/local/lib/python3.10/dist-packages/my_robot_wallinterfaces/srv/_set_led_s.c\n'}
[8.027043] (my_robot_wallinterfaces) StdoutLine: {'line': b'-- Up-to-date: /home/ubuntu/ros2_ws/src/Greyform-linux/Python_Application/install/my_robot_wallinterfaces/local/lib/python3.10/dist-packages/my_robot_wallinterfaces/_my_robot_wallinterfaces_s.ep.rosidl_typesupport_fastrtps_c.c\n'}
[8.027922] (my_robot_wallinterfaces) StdoutLine: {'line': b'-- Up-to-date: /home/ubuntu/ros2_ws/src/Greyform-linux/Python_Application/install/my_robot_wallinterfaces/local/lib/python3.10/dist-packages/my_robot_wallinterfaces/my_robot_wallinterfaces_s__rosidl_typesupport_introspection_c.cpython-310-x86_64-linux-gnu.so\n'}
[8.034567] (my_robot_wallinterfaces) StdoutLine: {'line': b'-- Up-to-date: /home/ubuntu/ros2_ws/src/Greyform-linux/Python_Application/install/my_robot_wallinterfaces/local/lib/python3.10/dist-packages/my_robot_wallinterfaces/msg\n'}
[8.035507] (my_robot_wallinterfaces) StdoutLine: {'line': b'-- Up-to-date: /home/ubuntu/ros2_ws/src/Greyform-linux/Python_Application/install/my_robot_wallinterfaces/local/lib/python3.10/dist-packages/my_robot_wallinterfaces/msg/__init__.py\n'}
[8.036346] (my_robot_wallinterfaces) StdoutLine: {'line': b'-- Up-to-date: /home/ubuntu/ros2_ws/src/Greyform-linux/Python_Application/install/my_robot_wallinterfaces/local/lib/python3.10/dist-packages/my_robot_wallinterfaces/msg/_selection_wall.py\n'}
[8.037213] (my_robot_wallinterfaces) StdoutLine: {'line': b'-- Up-to-date: /home/ubuntu/ros2_ws/src/Greyform-linux/Python_Application/install/my_robot_wallinterfaces/local/lib/python3.10/dist-packages/my_robot_wallinterfaces/msg/_selection_wall_s.c\n'}
[8.041281] (my_robot_wallinterfaces) StdoutLine: {'line': b'-- Up-to-date: /home/ubuntu/ros2_ws/src/Greyform-linux/Python_Application/install/my_robot_wallinterfaces/local/lib/python3.10/dist-packages/my_robot_wallinterfaces/msg/_file_extraction_message_s.c\n'}
[8.041991] (my_robot_wallinterfaces) StdoutLine: {'line': b'-- Up-to-date: /home/ubuntu/ros2_ws/src/Greyform-linux/Python_Application/install/my_robot_wallinterfaces/local/lib/python3.10/dist-packages/my_robot_wallinterfaces/msg/_file_extraction_message.py\n'}
[8.043053] (my_robot_wallinterfaces) StdoutLine: {'line': b'-- Up-to-date: /home/ubuntu/ros2_ws/src/Greyform-linux/Python_Application/install/my_robot_wallinterfaces/local/lib/python3.10/dist-packages/my_robot_wallinterfaces/_my_robot_wallinterfaces_s.ep.rosidl_typesupport_introspection_c.c\n'}
[8.043906] (my_robot_wallinterfaces) StdoutLine: {'line': b'-- Up-to-date: /home/ubuntu/ros2_ws/src/Greyform-linux/Python_Application/install/my_robot_wallinterfaces/local/lib/python3.10/dist-packages/my_robot_wallinterfaces/_my_robot_wallinterfaces_s.ep.rosidl_typesupport_c.c\n'}
[8.078916] (-) TimerEvent: {}
[8.189390] (-) TimerEvent: {}
[8.301917] (-) TimerEvent: {}
[8.405045] (-) TimerEvent: {}
[8.509926] (-) TimerEvent: {}
[8.614082] (-) TimerEvent: {}
[8.696685] (my_robot_wallinterfaces) StdoutLine: {'line': b"Listing '/home/ubuntu/ros2_ws/src/Greyform-linux/Python_Application/install/my_robot_wallinterfaces/local/lib/python3.10/dist-packages/my_robot_wallinterfaces'...\n"}
[8.698818] (my_robot_wallinterfaces) StdoutLine: {'line': b"Listing '/home/ubuntu/ros2_ws/src/Greyform-linux/Python_Application/install/my_robot_wallinterfaces/local/lib/python3.10/dist-packages/my_robot_wallinterfaces/msg'...\n"}
[8.699331] (my_robot_wallinterfaces) StdoutLine: {'line': b"Listing '/home/ubuntu/ros2_ws/src/Greyform-linux/Python_Application/install/my_robot_wallinterfaces/local/lib/python3.10/dist-packages/my_robot_wallinterfaces/srv'...\n"}
[8.716783] (-) TimerEvent: {}
[8.755361] (my_robot_wallinterfaces) StdoutLine: {'line': b'-- Up-to-date: /home/ubuntu/ros2_ws/src/Greyform-linux/Python_Application/install/my_robot_wallinterfaces/local/lib/python3.10/dist-packages/my_robot_wallinterfaces/my_robot_wallinterfaces_s__rosidl_typesupport_fastrtps_c.cpython-310-x86_64-linux-gnu.so\n'}
[8.771754] (my_robot_wallinterfaces) StdoutLine: {'line': b'-- Up-to-date: /home/ubuntu/ros2_ws/src/Greyform-linux/Python_Application/install/my_robot_wallinterfaces/local/lib/python3.10/dist-packages/my_robot_wallinterfaces/my_robot_wallinterfaces_s__rosidl_typesupport_introspection_c.cpython-310-x86_64-linux-gnu.so\n'}
[8.779944] (my_robot_wallinterfaces) StdoutLine: {'line': b'-- Up-to-date: /home/ubuntu/ros2_ws/src/Greyform-linux/Python_Application/install/my_robot_wallinterfaces/local/lib/python3.10/dist-packages/my_robot_wallinterfaces/my_robot_wallinterfaces_s__rosidl_typesupport_c.cpython-310-x86_64-linux-gnu.so\n'}
[8.786895] (my_robot_wallinterfaces) StdoutLine: {'line': b'-- Up-to-date: /home/ubuntu/ros2_ws/src/Greyform-linux/Python_Application/install/my_robot_wallinterfaces/lib/libmy_robot_wallinterfaces__rosidl_generator_py.so\n'}
[8.796716] (my_robot_wallinterfaces) StdoutLine: {'line': b'-- Up-to-date: /home/ubuntu/ros2_ws/src/Greyform-linux/Python_Application/install/my_robot_wallinterfaces/share/my_robot_wallinterfaces/msg/FileExtractionMessage.idl\n'}
[8.797208] (my_robot_wallinterfaces) StdoutLine: {'line': b'-- Up-to-date: /home/ubuntu/ros2_ws/src/Greyform-linux/Python_Application/install/my_robot_wallinterfaces/share/my_robot_wallinterfaces/msg/SelectionWall.idl\n'}
[8.797577] (my_robot_wallinterfaces) StdoutLine: {'line': b'-- Up-to-date: /home/ubuntu/ros2_ws/src/Greyform-linux/Python_Application/install/my_robot_wallinterfaces/share/my_robot_wallinterfaces/srv/SetLed.idl\n'}
[8.798146] (my_robot_wallinterfaces) StdoutLine: {'line': b'-- Up-to-date: /home/ubuntu/ros2_ws/src/Greyform-linux/Python_Application/install/my_robot_wallinterfaces/share/my_robot_wallinterfaces/msg/FileExtractionMessage.msg\n'}
[8.798552] (my_robot_wallinterfaces) StdoutLine: {'line': b'-- Up-to-date: /home/ubuntu/ros2_ws/src/Greyform-linux/Python_Application/install/my_robot_wallinterfaces/share/my_robot_wallinterfaces/msg/SelectionWall.msg\n'}
[8.799039] (my_robot_wallinterfaces) StdoutLine: {'line': b'-- Up-to-date: /home/ubuntu/ros2_ws/src/Greyform-linux/Python_Application/install/my_robot_wallinterfaces/share/my_robot_wallinterfaces/srv/SetLed.srv\n'}
[8.799538] (my_robot_wallinterfaces) StdoutLine: {'line': b'-- Up-to-date: /home/ubuntu/ros2_ws/src/Greyform-linux/Python_Application/install/my_robot_wallinterfaces/share/my_robot_wallinterfaces/srv/SetLed_Request.msg\n'}
[8.799954] (my_robot_wallinterfaces) StdoutLine: {'line': b'-- Up-to-date: /home/ubuntu/ros2_ws/src/Greyform-linux/Python_Application/install/my_robot_wallinterfaces/share/my_robot_wallinterfaces/srv/SetLed_Response.msg\n'}
[8.800396] (my_robot_wallinterfaces) StdoutLine: {'line': b'-- Up-to-date: /home/ubuntu/ros2_ws/src/Greyform-linux/Python_Application/install/my_robot_wallinterfaces/share/ament_index/resource_index/package_run_dependencies/my_robot_wallinterfaces\n'}
[8.804089] (my_robot_wallinterfaces) StdoutLine: {'line': b'-- Up-to-date: /home/ubuntu/ros2_ws/src/Greyform-linux/Python_Application/install/my_robot_wallinterfaces/share/ament_index/resource_index/parent_prefix_path/my_robot_wallinterfaces\n'}
[8.807832] (my_robot_wallinterfaces) StdoutLine: {'line': b'-- Up-to-date: /home/ubuntu/ros2_ws/src/Greyform-linux/Python_Application/install/my_robot_wallinterfaces/share/my_robot_wallinterfaces/environment/ament_prefix_path.sh\n'}
[8.808942] (my_robot_wallinterfaces) StdoutLine: {'line': b'-- Up-to-date: /home/ubuntu/ros2_ws/src/Greyform-linux/Python_Application/install/my_robot_wallinterfaces/share/my_robot_wallinterfaces/environment/ament_prefix_path.dsv\n'}
[8.811109] (my_robot_wallinterfaces) StdoutLine: {'line': b'-- Up-to-date: /home/ubuntu/ros2_ws/src/Greyform-linux/Python_Application/install/my_robot_wallinterfaces/share/my_robot_wallinterfaces/environment/path.sh\n'}
[8.815332] (my_robot_wallinterfaces) StdoutLine: {'line': b'-- Up-to-date: /home/ubuntu/ros2_ws/src/Greyform-linux/Python_Application/install/my_robot_wallinterfaces/share/my_robot_wallinterfaces/environment/path.dsv\n'}
[8.818688] (-) TimerEvent: {}
[8.819202] (my_robot_wallinterfaces) StdoutLine: {'line': b'-- Up-to-date: /home/ubuntu/ros2_ws/src/Greyform-linux/Python_Application/install/my_robot_wallinterfaces/share/my_robot_wallinterfaces/local_setup.bash\n'}
[8.824208] (my_robot_wallinterfaces) StdoutLine: {'line': b'-- Up-to-date: /home/ubuntu/ros2_ws/src/Greyform-linux/Python_Application/install/my_robot_wallinterfaces/share/my_robot_wallinterfaces/local_setup.sh\n'}
[8.841468] (my_robot_wallinterfaces) StdoutLine: {'line': b'-- Up-to-date: /home/ubuntu/ros2_ws/src/Greyform-linux/Python_Application/install/my_robot_wallinterfaces/share/my_robot_wallinterfaces/local_setup.zsh\n'}
[8.842200] (my_robot_wallinterfaces) StdoutLine: {'line': b'-- Up-to-date: /home/ubuntu/ros2_ws/src/Greyform-linux/Python_Application/install/my_robot_wallinterfaces/share/my_robot_wallinterfaces/local_setup.dsv\n'}
[8.842647] (my_robot_wallinterfaces) StdoutLine: {'line': b'-- Installing: /home/ubuntu/ros2_ws/src/Greyform-linux/Python_Application/install/my_robot_wallinterfaces/share/my_robot_wallinterfaces/package.dsv\n'}
[8.843074] (my_robot_wallinterfaces) StdoutLine: {'line': b'-- Up-to-date: /home/ubuntu/ros2_ws/src/Greyform-linux/Python_Application/install/my_robot_wallinterfaces/share/ament_index/resource_index/packages/my_robot_wallinterfaces\n'}
[8.850157] (my-test-package) StdoutLine: {'line': b'running egg_info\n'}
[8.851034] (my_robot_wallinterfaces) StdoutLine: {'line': b'-- Up-to-date: /home/ubuntu/ros2_ws/src/Greyform-linux/Python_Application/install/my_robot_wallinterfaces/share/my_robot_wallinterfaces/cmake/export_my_robot_wallinterfaces__rosidl_generator_cExport.cmake\n'}
[8.852440] (my_robot_wallinterfaces) StdoutLine: {'line': b'-- Up-to-date: /home/ubuntu/ros2_ws/src/Greyform-linux/Python_Application/install/my_robot_wallinterfaces/share/my_robot_wallinterfaces/cmake/export_my_robot_wallinterfaces__rosidl_generator_cExport-noconfig.cmake\n'}
[8.864437] (my-test-package) StdoutLine: {'line': b'writing ../../../../../../../../build/my-test-package/my_test_package.egg-info/PKG-INFO\n'}
[8.865299] (my-test-package) StdoutLine: {'line': b'writing dependency_links to ../../../../../../../../build/my-test-package/my_test_package.egg-info/dependency_links.txt\n'}
[8.873852] (my-test-package) StdoutLine: {'line': b'writing top-level names to ../../../../../../../../build/my-test-package/my_test_package.egg-info/top_level.txt\n'}
[8.874356] (my_robot_wallinterfaces) StdoutLine: {'line': b'-- Up-to-date: /home/ubuntu/ros2_ws/src/Greyform-linux/Python_Application/install/my_robot_wallinterfaces/share/my_robot_wallinterfaces/cmake/export_my_robot_wallinterfaces__rosidl_typesupport_fastrtps_cExport.cmake\n'}
[8.878533] (my_robot_wallinterfaces) StdoutLine: {'line': b'-- Up-to-date: /home/ubuntu/ros2_ws/src/Greyform-linux/Python_Application/install/my_robot_wallinterfaces/share/my_robot_wallinterfaces/cmake/export_my_robot_wallinterfaces__rosidl_typesupport_fastrtps_cExport-noconfig.cmake\n'}
[8.879124] (my_robot_wallinterfaces) StdoutLine: {'line': b'-- Up-to-date: /home/ubuntu/ros2_ws/src/Greyform-linux/Python_Application/install/my_robot_wallinterfaces/share/my_robot_wallinterfaces/cmake/my_robot_wallinterfaces__rosidl_typesupport_introspection_cExport.cmake\n'}
[8.879794] (my_robot_wallinterfaces) StdoutLine: {'line': b'-- Up-to-date: /home/ubuntu/ros2_ws/src/Greyform-linux/Python_Application/install/my_robot_wallinterfaces/share/my_robot_wallinterfaces/cmake/my_robot_wallinterfaces__rosidl_typesupport_introspection_cExport-noconfig.cmake\n'}
[8.881520] (my-test-package) StdoutLine: {'line': b"reading manifest file '../../../../../../../../build/my-test-package/my_test_package.egg-info/SOURCES.txt'\n"}
[8.885348] (my_robot_wallinterfaces) StdoutLine: {'line': b'-- Up-to-date: /home/ubuntu/ros2_ws/src/Greyform-linux/Python_Application/install/my_robot_wallinterfaces/share/my_robot_wallinterfaces/cmake/my_robot_wallinterfaces__rosidl_typesupport_cExport.cmake\n'}
[8.886211] (my_robot_wallinterfaces) StdoutLine: {'line': b'-- Up-to-date: /home/ubuntu/ros2_ws/src/Greyform-linux/Python_Application/install/my_robot_wallinterfaces/share/my_robot_wallinterfaces/cmake/my_robot_wallinterfaces__rosidl_typesupport_cExport-noconfig.cmake\n'}
[8.888275] (my-test-package) StdoutLine: {'line': b"writing manifest file '../../../../../../../../build/my-test-package/my_test_package.egg-info/SOURCES.txt'\n"}
[8.888791] (my-test-package) StdoutLine: {'line': b'running build\n'}
[8.889239] (my-test-package) StdoutLine: {'line': b'running install\n'}
[8.889665] (my_robot_wallinterfaces) StdoutLine: {'line': b'-- Up-to-date: /home/ubuntu/ros2_ws/src/Greyform-linux/Python_Application/install/my_robot_wallinterfaces/share/my_robot_wallinterfaces/cmake/export_my_robot_wallinterfaces__rosidl_generator_cppExport.cmake\n'}
[8.890157] (my_robot_wallinterfaces) StdoutLine: {'line': b'-- Up-to-date: /home/ubuntu/ros2_ws/src/Greyform-linux/Python_Application/install/my_robot_wallinterfaces/share/my_robot_wallinterfaces/cmake/export_my_robot_wallinterfaces__rosidl_typesupport_fastrtps_cppExport.cmake\n'}
[8.890505] (my_robot_wallinterfaces) StdoutLine: {'line': b'-- Up-to-date: /home/ubuntu/ros2_ws/src/Greyform-linux/Python_Application/install/my_robot_wallinterfaces/share/my_robot_wallinterfaces/cmake/export_my_robot_wallinterfaces__rosidl_typesupport_fastrtps_cppExport-noconfig.cmake\n'}
[8.894243] (my-test-package) StdoutLine: {'line': b'running install_egg_info\n'}
[8.894785] (my_robot_wallinterfaces) StdoutLine: {'line': b'-- Up-to-date: /home/ubuntu/ros2_ws/src/Greyform-linux/Python_Application/install/my_robot_wallinterfaces/share/my_robot_wallinterfaces/cmake/my_robot_wallinterfaces__rosidl_typesupport_introspection_cppExport.cmake\n'}
[8.895948] (my_robot_wallinterfaces) StdoutLine: {'line': b'-- Up-to-date: /home/ubuntu/ros2_ws/src/Greyform-linux/Python_Application/install/my_robot_wallinterfaces/share/my_robot_wallinterfaces/cmake/my_robot_wallinterfaces__rosidl_typesupport_introspection_cppExport-noconfig.cmake\n'}
[8.896695] (my_robot_wallinterfaces) StdoutLine: {'line': b'-- Up-to-date: /home/ubuntu/ros2_ws/src/Greyform-linux/Python_Application/install/my_robot_wallinterfaces/share/my_robot_wallinterfaces/cmake/my_robot_wallinterfaces__rosidl_typesupport_cppExport.cmake\n'}
[8.897136] (my_robot_wallinterfaces) StdoutLine: {'line': b'-- Up-to-date: /home/ubuntu/ros2_ws/src/Greyform-linux/Python_Application/install/my_robot_wallinterfaces/share/my_robot_wallinterfaces/cmake/my_robot_wallinterfaces__rosidl_typesupport_cppExport-noconfig.cmake\n'}
[8.904842] (my_robot_wallinterfaces) StdoutLine: {'line': b'-- Up-to-date: /home/ubuntu/ros2_ws/src/Greyform-linux/Python_Application/install/my_robot_wallinterfaces/share/my_robot_wallinterfaces/cmake/export_my_robot_wallinterfaces__rosidl_generator_pyExport.cmake\n'}
[8.908153] (my_robot_wallinterfaces) StdoutLine: {'line': b'-- Up-to-date: /home/ubuntu/ros2_ws/src/Greyform-linux/Python_Application/install/my_robot_wallinterfaces/share/my_robot_wallinterfaces/cmake/export_my_robot_wallinterfaces__rosidl_generator_pyExport-noconfig.cmake\n'}
[8.912706] (my_robot_wallinterfaces) StdoutLine: {'line': b'-- Up-to-date: /home/ubuntu/ros2_ws/src/Greyform-linux/Python_Application/install/my_robot_wallinterfaces/share/my_robot_wallinterfaces/cmake/rosidl_cmake-extras.cmake\n'}
[8.918102] (my_robot_wallinterfaces) StdoutLine: {'line': b'-- Up-to-date: /home/ubuntu/ros2_ws/src/Greyform-linux/Python_Application/install/my_robot_wallinterfaces/share/my_robot_wallinterfaces/cmake/ament_cmake_export_dependencies-extras.cmake\n'}
[8.924251] (-) TimerEvent: {}
[8.925382] (my_robot_wallinterfaces) StdoutLine: {'line': b'-- Up-to-date: /home/ubuntu/ros2_ws/src/Greyform-linux/Python_Application/install/my_robot_wallinterfaces/share/my_robot_wallinterfaces/cmake/ament_cmake_export_include_directories-extras.cmake\n'}
[8.926151] (my_robot_wallinterfaces) StdoutLine: {'line': b'-- Up-to-date: /home/ubuntu/ros2_ws/src/Greyform-linux/Python_Application/install/my_robot_wallinterfaces/share/my_robot_wallinterfaces/cmake/ament_cmake_export_libraries-extras.cmake\n'}
[8.934724] (my_robot_wallinterfaces) StdoutLine: {'line': b'-- Up-to-date: /home/ubuntu/ros2_ws/src/Greyform-linux/Python_Application/install/my_robot_wallinterfaces/share/my_robot_wallinterfaces/cmake/ament_cmake_export_targets-extras.cmake\n'}
[8.937242] (my_robot_wallinterfaces) StdoutLine: {'line': b'-- Up-to-date: /home/ubuntu/ros2_ws/src/Greyform-linux/Python_Application/install/my_robot_wallinterfaces/share/my_robot_wallinterfaces/cmake/rosidl_cmake_export_typesupport_targets-extras.cmake\n'}
[8.937702] (my_robot_wallinterfaces) StdoutLine: {'line': b'-- Up-to-date: /home/ubuntu/ros2_ws/src/Greyform-linux/Python_Application/install/my_robot_wallinterfaces/share/my_robot_wallinterfaces/cmake/rosidl_cmake_export_typesupport_libraries-extras.cmake\n'}
[8.938059] (my_robot_wallinterfaces) StdoutLine: {'line': b'-- Up-to-date: /home/ubuntu/ros2_ws/src/Greyform-linux/Python_Application/install/my_robot_wallinterfaces/share/my_robot_wallinterfaces/cmake/my_robot_wallinterfacesConfig.cmake\n'}
[8.938850] (my_robot_wallinterfaces) StdoutLine: {'line': b'-- Up-to-date: /home/ubuntu/ros2_ws/src/Greyform-linux/Python_Application/install/my_robot_wallinterfaces/share/my_robot_wallinterfaces/cmake/my_robot_wallinterfacesConfig-version.cmake\n'}
[8.939311] (my_robot_wallinterfaces) StdoutLine: {'line': b'-- Up-to-date: /home/ubuntu/ros2_ws/src/Greyform-linux/Python_Application/install/my_robot_wallinterfaces/share/my_robot_wallinterfaces/package.xml\n'}
[8.942739] (my-test-package) StdoutLine: {'line': b"removing '/home/ubuntu/ros2_ws/src/Greyform-linux/Python_Application/install/my-test-package/lib/python3.10/site-packages/my_test_package-1.0-py3.10.egg-info' (and everything under it)\n"}
[8.945697] (my-test-package) StdoutLine: {'line': b'Copying ../../../../../../../../build/my-test-package/my_test_package.egg-info to /home/ubuntu/ros2_ws/src/Greyform-linux/Python_Application/install/my-test-package/lib/python3.10/site-packages/my_test_package-1.0-py3.10.egg-info\n'}
[8.947290] (my-test-package) StdoutLine: {'line': b'running install_scripts\n'}
[8.948075] (my_robot_wallinterfaces) CommandEnded: {'returncode': 0}
[9.041102] (-) TimerEvent: {}
[9.070170] (my-test-package) StdoutLine: {'line': b"writing list of installed files to '/home/ubuntu/ros2_ws/src/Greyform-linux/Python_Application/build/my-test-package/install.log'\n"}
[9.128411] (my_robot_wallinterfaces) JobEnded: {'identifier': 'my_robot_wallinterfaces', 'rc': 0}
[9.140574] (talker_listener) JobStarted: {'identifier': 'talker_listener'}
[9.143952] (-) TimerEvent: {}
[9.214911] (my-test-package) CommandEnded: {'returncode': 0}
[9.244502] (-) TimerEvent: {}
[9.261723] (my-test-package) JobEnded: {'identifier': 'my-test-package', 'rc': 0}
[9.345495] (-) TimerEvent: {}
[9.447547] (-) TimerEvent: {}
[9.549937] (-) TimerEvent: {}
[9.650922] (-) TimerEvent: {}
[9.752961] (-) TimerEvent: {}
[9.857518] (-) TimerEvent: {}
[9.959814] (-) TimerEvent: {}
[10.062984] (-) TimerEvent: {}
[10.166037] (-) TimerEvent: {}
[10.269821] (-) TimerEvent: {}
[10.372337] (-) TimerEvent: {}
[10.476890] (-) TimerEvent: {}
[10.578124] (-) TimerEvent: {}
[10.682954] (-) TimerEvent: {}
[10.786717] (-) TimerEvent: {}
[10.891236] (-) TimerEvent: {}
[10.996869] (-) TimerEvent: {}
[11.097780] (-) TimerEvent: {}
[11.200876] (-) TimerEvent: {}
[11.301799] (-) TimerEvent: {}
[11.403085] (-) TimerEvent: {}
[11.504187] (-) TimerEvent: {}
[11.605996] (-) TimerEvent: {}
[11.712037] (-) TimerEvent: {}
[11.813254] (-) TimerEvent: {}
[11.914909] (-) TimerEvent: {}
[12.016053] (-) TimerEvent: {}
[12.120821] (-) TimerEvent: {}
[12.223479] (-) TimerEvent: {}
[12.324387] (-) TimerEvent: {}
[12.426468] (-) TimerEvent: {}
[12.534838] (-) TimerEvent: {}
[12.636238] (-) TimerEvent: {}
[12.740121] (-) TimerEvent: {}
[12.841061] (-) TimerEvent: {}
[12.945242] (-) TimerEvent: {}
[13.046018] (-) TimerEvent: {}
[13.153497] (-) TimerEvent: {}
[13.254840] (-) TimerEvent: {}
[13.356941] (-) TimerEvent: {}
[13.460904] (-) TimerEvent: {}
[13.562768] (-) TimerEvent: {}
[13.673889] (-) TimerEvent: {}
[13.777137] (-) TimerEvent: {}
[13.878293] (-) TimerEvent: {}
[13.989149] (-) TimerEvent: {}
[14.091802] (-) TimerEvent: {}
[14.195939] (-) TimerEvent: {}
[14.297478] (-) TimerEvent: {}
[14.398905] (-) TimerEvent: {}
[14.500065] (-) TimerEvent: {}
[14.609984] (-) TimerEvent: {}
[14.711100] (-) TimerEvent: {}
[14.812696] (-) TimerEvent: {}
[14.913815] (-) TimerEvent: {}
[15.015476] (-) TimerEvent: {}
[15.118389] (-) TimerEvent: {}
[15.220123] (-) TimerEvent: {}
[15.321478] (-) TimerEvent: {}
[15.422566] (-) TimerEvent: {}
[15.523469] (-) TimerEvent: {}
[15.624493] (-) TimerEvent: {}
[15.725733] (-) TimerEvent: {}
[15.829508] (-) TimerEvent: {}
[15.920108] (talker_listener) Command: {'cmd': ['/usr/bin/python3', '-W', 'ignore:setup.py install is deprecated', '-W', 'ignore:easy_install command is deprecated', 'setup.py', 'egg_info', '--egg-base', '../build/talker_listener', 'build', '--build-base', '/home/ubuntu/ros2_ws/src/Greyform-linux/Python_Application/build/talker_listener/build', 'install', '--record', '/home/ubuntu/ros2_ws/src/Greyform-linux/Python_Application/build/talker_listener/install.log', '--single-version-externally-managed', 'install_data'], 'cwd': '/home/ubuntu/ros2_ws/src/Greyform-linux/Python_Application/talker_listener', 'env': {'GJS_DEBUG_TOPICS': 'JS ERROR;JS LOG', 'LESSOPEN': '| /usr/bin/lesspipe %s', 'USER': 'ubuntu', 'LC_TIME': 'id_ID.UTF-8', 'FONTCONFIG_PATH': '/etc/fonts', 'GIO_MODULE_DIR': '/home/ubuntu/snap/code/common/.cache/gio-modules', 'XDG_SESSION_TYPE': 'x11', 'GIT_ASKPASS': '/snap/code/191/usr/share/code/resources/app/extensions/git/dist/askpass.sh', 'GTK_EXE_PREFIX_VSCODE_SNAP_ORIG': '', 'GDK_BACKEND_VSCODE_SNAP_ORIG': '', 'SHLVL': '1', 'LD_LIBRARY_PATH': '/home/ubuntu/ros2_ws/src/Greyform-linux/Python_Application/install/my_robot_wallinterfaces/lib:/opt/ros/humble/opt/rviz_ogre_vendor/lib:/opt/ros/humble/lib/x86_64-linux-gnu:/opt/ros/humble/lib', 'HOME': '/home/ubuntu', 'CHROME_DESKTOP': 'code.desktop', 'LOCPATH_VSCODE_SNAP_ORIG': '', 'TERM_PROGRAM_VERSION': '1.99.3', 'DESKTOP_SESSION': 'ubuntu-xorg', 'GTK_PATH': '/snap/code/191/usr/lib/x86_64-linux-gnu/gtk-3.0', 'XDG_DATA_HOME_VSCODE_SNAP_ORIG': '', 'GTK_IM_MODULE_FILE': '/home/ubuntu/snap/code/common/.cache/immodules/immodules.cache', 'GIO_LAUNCHED_DESKTOP_FILE': '/var/lib/snapd/desktop/applications/code_code.desktop', 'ROS_PYTHON_VERSION': '3', 'GNOME_SHELL_SESSION_MODE': 'ubuntu', 'GTK_MODULES': 'gail:atk-bridge', 'GSETTINGS_SCHEMA_DIR_VSCODE_SNAP_ORIG': '', 'VSCODE_GIT_ASKPASS_MAIN': '/snap/code/191/usr/share/code/resources/app/extensions/git/dist/askpass-main.js', 'LC_MONETARY': 'id_ID.UTF-8', 'VSCODE_GIT_ASKPASS_NODE': '/snap/code/191/usr/share/code/code', 'MANAGERPID': '1707', 'PYDEVD_DISABLE_FILE_VALIDATION': '1', 'SYSTEMD_EXEC_PID': '3509', 'BUNDLED_DEBUGPY_PATH': '/home/ubuntu/.vscode/extensions/ms-python.debugpy-2025.6.0-linux-x64/bundled/libs/debugpy', 'DBUS_SESSION_BUS_ADDRESS': 'unix:path=/run/user/1000/bus', 'COLORTERM': 'truecolor', 'GIO_LAUNCHED_DESKTOP_FILE_PID': '4570', 'IM_CONFIG_PHASE': '1', 'ROS_DISTRO': 'humble', 'GTK_IM_MODULE': 'ibus', 'LOGNAME': 'ubuntu', 'JOURNAL_STREAM': '8:42282', '_': '/usr/bin/colcon', 'ROS_VERSION': '2', 'XDG_CONFIG_DIRS_VSCODE_SNAP_ORIG': '/etc/xdg/xdg-ubuntu-xorg:/etc/xdg', 'XDG_SESSION_CLASS': 'user', 'XDG_DATA_DIRS_VSCODE_SNAP_ORIG': '/usr/share/ubuntu-xorg:/usr/share/gnome:/home/ubuntu/.local/share/flatpak/exports/share:/var/lib/flatpak/exports/share:/usr/local/share/:/usr/share/:/var/lib/snapd/desktop', 'USERNAME': 'ubuntu', 'TERM': 'xterm-256color', 'GNOME_DESKTOP_SESSION_ID': 'this-is-deprecated', 'ROS_LOCALHOST_ONLY': '0', 'WINDOWPATH': '2', 'PATH': '/home/ubuntu/.local/bin:/opt/ros/humble/bin:/home/ubuntu/.local/bin:/usr/local/sbin:/usr/local/bin:/usr/sbin:/usr/bin:/sbin:/bin:/usr/games:/usr/local/games:/snap/bin:/snap/bin:/home/ubuntu/.vscode/extensions/ms-python.debugpy-2025.6.0-linux-x64/bundled/scripts/noConfigScripts', 'SESSION_MANAGER': 'local/ubuntu-virtual-machine:@/tmp/.ICE-unix/3481,unix/ubuntu-virtual-machine:/tmp/.ICE-unix/3481', 'GTK_EXE_PREFIX': '/snap/code/191/usr', 'INVOCATION_ID': '81c1b3bacc4140db977ba66a9b84b73d', 'XDG_MENU_PREFIX': 'gnome-', 'LC_ADDRESS': 'id_ID.UTF-8', 'BAMF_DESKTOP_FILE_HINT': '/var/lib/snapd/desktop/applications/code_code.desktop', 'XDG_RUNTIME_DIR': '/run/user/1000', 'GDK_BACKEND': 'x11', 'DISPLAY': ':0', 'LOCPATH': '/snap/code/191/usr/lib/locale', 'VSCODE_DEBUGPY_ADAPTER_ENDPOINTS': '/home/ubuntu/.vscode/extensions/ms-python.debugpy-2025.6.0-linux-x64/.noConfigDebugAdapterEndpoints/endpoint-5c4e4c73dc4993ee.txt', 'LANG': 'en_US.UTF-8', 'XDG_CURRENT_DESKTOP': 'Unity', 'LC_TELEPHONE': 'id_ID.UTF-8', 'GIO_MODULE_DIR_VSCODE_SNAP_ORIG': '', 'XDG_DATA_HOME': '/home/ubuntu/snap/code/191/.local/share', 'XMODIFIERS': '@im=ibus', 'XDG_SESSION_DESKTOP': 'ubuntu-xorg', 'XAUTHORITY': '/run/user/1000/gdm/Xauthority', 'LS_COLORS': 'rs=0:di=01;34:ln=01;36:mh=00:pi=40;33:so=01;35:do=01;35:bd=40;33;01:cd=40;33;01:or=40;31;01:mi=00:su=37;41:sg=30;43:ca=30;41:tw=30;42:ow=34;42:st=37;44:ex=01;32:*.tar=01;31:*.tgz=01;31:*.arc=01;31:*.arj=01;31:*.taz=01;31:*.lha=01;31:*.lz4=01;31:*.lzh=01;31:*.lzma=01;31:*.tlz=01;31:*.txz=01;31:*.tzo=01;31:*.t7z=01;31:*.zip=01;31:*.z=01;31:*.dz=01;31:*.gz=01;31:*.lrz=01;31:*.lz=01;31:*.lzo=01;31:*.xz=01;31:*.zst=01;31:*.tzst=01;31:*.bz2=01;31:*.bz=01;31:*.tbz=01;31:*.tbz2=01;31:*.tz=01;31:*.deb=01;31:*.rpm=01;31:*.jar=01;31:*.war=01;31:*.ear=01;31:*.sar=01;31:*.rar=01;31:*.alz=01;31:*.ace=01;31:*.zoo=01;31:*.cpio=01;31:*.7z=01;31:*.rz=01;31:*.cab=01;31:*.wim=01;31:*.swm=01;31:*.dwm=01;31:*.esd=01;31:*.jpg=01;35:*.jpeg=01;35:*.mjpg=01;35:*.mjpeg=01;35:*.gif=01;35:*.bmp=01;35:*.pbm=01;35:*.pgm=01;35:*.ppm=01;35:*.tga=01;35:*.xbm=01;35:*.xpm=01;35:*.tif=01;35:*.tiff=01;35:*.png=01;35:*.svg=01;35:*.svgz=01;35:*.mng=01;35:*.pcx=01;35:*.mov=01;35:*.mpg=01;35:*.mpeg=01;35:*.m2v=01;35:*.mkv=01;35:*.webm=01;35:*.webp=01;35:*.ogm=01;35:*.mp4=01;35:*.m4v=01;35:*.mp4v=01;35:*.vob=01;35:*.qt=01;35:*.nuv=01;35:*.wmv=01;35:*.asf=01;35:*.rm=01;35:*.rmvb=01;35:*.flc=01;35:*.avi=01;35:*.fli=01;35:*.flv=01;35:*.gl=01;35:*.dl=01;35:*.xcf=01;35:*.xwd=01;35:*.yuv=01;35:*.cgm=01;35:*.emf=01;35:*.ogv=01;35:*.ogx=01;35:*.aac=00;36:*.au=00;36:*.flac=00;36:*.m4a=00;36:*.mid=00;36:*.midi=00;36:*.mka=00;36:*.mp3=00;36:*.mpc=00;36:*.ogg=00;36:*.ra=00;36:*.wav=00;36:*.oga=00;36:*.opus=00;36:*.spx=00;36:*.xspf=00;36:', 'VSCODE_GIT_IPC_HANDLE': '/run/user/1000/vscode-git-93ae0fd6cc.sock', 'TERM_PROGRAM': 'vscode', 'SSH_AGENT_LAUNCHER': 'gnome-keyring', 'SSH_AUTH_SOCK': '/run/user/1000/keyring/ssh', 'GSETTINGS_SCHEMA_DIR': '/home/ubuntu/snap/code/191/.local/share/glib-2.0/schemas', 'AMENT_PREFIX_PATH': '/home/ubuntu/ros2_ws/src/Greyform-linux/Python_Application/install/my_robot_wallinterfaces:/opt/ros/humble', 'ORIGINAL_XDG_CURRENT_DESKTOP': 'ubuntu:GNOME', 'SHELL': '/bin/bash', 'LC_NAME': 'id_ID.UTF-8', 'QT_ACCESSIBILITY': '1', 'GDMSESSION': 'ubuntu-xorg', 'LESSCLOSE': '/usr/bin/lesspipe %s %s', 'GTK_PATH_VSCODE_SNAP_ORIG': '', 'FONTCONFIG_FILE': '/etc/fonts/fonts.conf', 'GTK_IM_MODULE_FILE_VSCODE_SNAP_ORIG': '', 'LC_MEASUREMENT': 'id_ID.UTF-8', 'GPG_AGENT_INFO': '/run/user/1000/gnupg/S.gpg-agent:0:1', 'GJS_DEBUG_OUTPUT': 'stderr', 'LC_IDENTIFICATION': 'id_ID.UTF-8', 'VSCODE_GIT_ASKPASS_EXTRA_ARGS': '', 'QT_IM_MODULE': 'ibus', 'PWD': '/home/ubuntu/ros2_ws/src/Greyform-linux/Python_Application/build/talker_listener', 'QT_QPA_PLATFORM': 'xcb', 'LC_ALL': 'en_US.UTF-8', 'XDG_CONFIG_DIRS': '/etc/xdg/xdg-ubuntu-xorg:/etc/xdg', 'XDG_DATA_DIRS': '/home/ubuntu/snap/code/191/.local/share/flatpak/exports/share:/home/ubuntu/snap/code/191/.local/share:/home/ubuntu/snap/code/191:/snap/code/191/usr/share:/usr/share/ubuntu-xorg:/usr/share/gnome:/home/ubuntu/.local/share/flatpak/exports/share:/var/lib/flatpak/exports/share:/usr/local/share/:/usr/share/:/var/lib/snapd/desktop', 'PYTHONPATH': '/home/ubuntu/ros2_ws/src/Greyform-linux/Python_Application/build/talker_listener/prefix_override:/usr/lib/python3/dist-packages/colcon_core/task/python/colcon_distutils_commands:/home/ubuntu/ros2_ws/src/Greyform-linux/Python_Application/install/talker_listener/lib/python3.10/site-packages:/home/ubuntu/ros2_ws/src/Greyform-linux/Python_Application/install/my_robot_wallinterfaces/local/lib/python3.10/dist-packages:/opt/ros/humble/lib/python3.10/site-packages:/opt/ros/humble/local/lib/python3.10/dist-packages', 'LC_NUMERIC': 'id_ID.UTF-8', 'LC_PAPER': 'id_ID.UTF-8', 'COLCON': '1', 'CMAKE_PREFIX_PATH': '/home/ubuntu/ros2_ws/src/Greyform-linux/Python_Application/install/my_robot_wallinterfaces'}, 'shell': False}
[15.936710] (-) TimerEvent: {}
[16.043382] (-) TimerEvent: {}
[16.148146] (-) TimerEvent: {}
[16.251975] (-) TimerEvent: {}
[16.353782] (-) TimerEvent: {}
[16.454410] (-) TimerEvent: {}
[16.556869] (-) TimerEvent: {}
[16.657729] (-) TimerEvent: {}
[16.758566] (-) TimerEvent: {}
[16.862701] (-) TimerEvent: {}
[16.963793] (-) TimerEvent: {}
[17.066526] (-) TimerEvent: {}
[17.169000] (-) TimerEvent: {}
[17.271568] (-) TimerEvent: {}
[17.373446] (-) TimerEvent: {}
[17.476010] (-) TimerEvent: {}
[17.585229] (-) TimerEvent: {}
[17.687025] (-) TimerEvent: {}
[17.787838] (-) TimerEvent: {}
[17.888986] (-) TimerEvent: {}
[17.990338] (-) TimerEvent: {}
[18.091245] (-) TimerEvent: {}
[18.105236] (talker_listener) StdoutLine: {'line': b'running egg_info\n'}
[18.110027] (talker_listener) StdoutLine: {'line': b'writing ../build/talker_listener/talker_listener.egg-info/PKG-INFO\n'}
[18.112874] (talker_listener) StdoutLine: {'line': b'writing dependency_links to ../build/talker_listener/talker_listener.egg-info/dependency_links.txt\n'}
[18.116800] (talker_listener) StdoutLine: {'line': b'writing entry points to ../build/talker_listener/talker_listener.egg-info/entry_points.txt\n'}
[18.120176] (talker_listener) StdoutLine: {'line': b'writing requirements to ../build/talker_listener/talker_listener.egg-info/requires.txt\n'}
[18.124750] (talker_listener) StdoutLine: {'line': b'writing top-level names to ../build/talker_listener/talker_listener.egg-info/top_level.txt\n'}
[18.132951] (talker_listener) StdoutLine: {'line': b"reading manifest file '../build/talker_listener/talker_listener.egg-info/SOURCES.txt'\n"}
[18.140544] (talker_listener) StdoutLine: {'line': b"writing manifest file '../build/talker_listener/talker_listener.egg-info/SOURCES.txt'\n"}
[18.141071] (talker_listener) StdoutLine: {'line': b'running build\n'}
[18.141437] (talker_listener) StdoutLine: {'line': b'running build_py\n'}
[18.146040] (talker_listener) StdoutLine: {'line': b'running install\n'}
[18.146675] (talker_listener) StdoutLine: {'line': b'running install_lib\n'}
[18.153213] (talker_listener) StdoutLine: {'line': b'running install_data\n'}
[18.154065] (talker_listener) StdoutLine: {'line': b'running install_egg_info\n'}
[18.163955] (talker_listener) StdoutLine: {'line': b"removing '/home/ubuntu/ros2_ws/src/Greyform-linux/Python_Application/install/talker_listener/lib/python3.10/site-packages/talker_listener-0.0.0-py3.10.egg-info' (and everything under it)\n"}
[18.170209] (talker_listener) StdoutLine: {'line': b'Copying ../build/talker_listener/talker_listener.egg-info to /home/ubuntu/ros2_ws/src/Greyform-linux/Python_Application/install/talker_listener/lib/python3.10/site-packages/talker_listener-0.0.0-py3.10.egg-info\n'}
[18.179280] (talker_listener) StdoutLine: {'line': b'running install_scripts\n'}
[18.191469] (-) TimerEvent: {}
[18.299356] (-) TimerEvent: {}
[18.333355] (talker_listener) StdoutLine: {'line': b'Installing listener_node script to /home/ubuntu/ros2_ws/src/Greyform-linux/Python_Application/install/talker_listener/lib/talker_listener\n'}
[18.335966] (talker_listener) StdoutLine: {'line': b'Installing talker_node script to /home/ubuntu/ros2_ws/src/Greyform-linux/Python_Application/install/talker_listener/lib/talker_listener\n'}
[18.337950] (talker_listener) StdoutLine: {'line': b"writing list of installed files to '/home/ubuntu/ros2_ws/src/Greyform-linux/Python_Application/build/talker_listener/install.log'\n"}
[18.399741] (-) TimerEvent: {}
[18.508889] (talker_listener) CommandEnded: {'returncode': 0}
[18.519046] (-) TimerEvent: {}
[18.620778] (talker_listener) JobEnded: {'identifier': 'talker_listener', 'rc': 0}
[18.625485] (-) TimerEvent: {}
[18.626992] (-) EventReactorShutdown: {}
