[0.000000] (-) TimerEvent: {}
[0.005417] (my-test-package) JobQueued: {'identifier': 'my-test-package', 'dependencies': OrderedDict()}
[0.005611] (my_package) JobQueued: {'identifier': 'my_package', 'dependencies': OrderedDict()}
[0.005761] (my_robot_wallinterfaces) JobQueued: {'identifier': 'my_robot_wallinterfaces', 'dependencies': OrderedDict()}
[0.006292] (talker_listener) JobQueued: {'identifier': 'talker_listener', 'dependencies': OrderedDict([('my_robot_wallinterfaces', '/home/ubuntu/ros2_ws/src/Greyform-linux/Python_Application/install/my_robot_wallinterfaces')])}
[0.007197] (my_robot_wallinterfaces) JobStarted: {'identifier': 'my_robot_wallinterfaces'}
[0.085462] (my-test-package) JobStarted: {'identifier': 'my-test-package'}
[0.101899] (-) TimerEvent: {}
[0.123557] (my_package) JobStarted: {'identifier': 'my_package'}
[0.203530] (-) TimerEvent: {}
[0.341162] (my_robot_wallinterfaces) JobProgress: {'identifier': 'my_robot_wallinterfaces', 'progress': 'cmake'}
[0.341485] (-) TimerEvent: {}
[0.401191] (my_robot_wallinterfaces) JobProgress: {'identifier': 'my_robot_wallinterfaces', 'progress': 'build'}
[0.408281] (my_robot_wallinterfaces) Command: {'cmd': ['/usr/bin/cmake', '--build', '/home/ubuntu/ros2_ws/src/Greyform-linux/Python_Application/build/my_robot_wallinterfaces', '--', '-j8', '-l8'], 'cwd': '/home/ubuntu/ros2_ws/src/Greyform-linux/Python_Application/build/my_robot_wallinterfaces', 'env': OrderedDict([('GJS_DEBUG_TOPICS', 'JS ERROR;JS LOG'), ('LESSOPEN', '| /usr/bin/lesspipe %s'), ('USER', 'ubuntu'), ('LC_TIME', 'id_ID.UTF-8'), ('FONTCONFIG_PATH', '/etc/fonts'), ('GIO_MODULE_DIR', '/home/ubuntu/snap/code/common/.cache/gio-modules'), ('XDG_SESSION_TYPE', 'x11'), ('GIT_ASKPASS', '/snap/code/191/usr/share/code/resources/app/extensions/git/dist/askpass.sh'), ('GTK_EXE_PREFIX_VSCODE_SNAP_ORIG', ''), ('GDK_BACKEND_VSCODE_SNAP_ORIG', ''), ('SHLVL', '1'), ('LD_LIBRARY_PATH', '/opt/ros/humble/opt/rviz_ogre_vendor/lib:/opt/ros/humble/lib/x86_64-linux-gnu:/opt/ros/humble/lib'), ('HOME', '/home/ubuntu'), ('CHROME_DESKTOP', 'code.desktop'), ('LOCPATH_VSCODE_SNAP_ORIG', ''), ('TERM_PROGRAM_VERSION', '1.99.3'), ('DESKTOP_SESSION', 'ubuntu-xorg'), ('GTK_PATH', '/snap/code/191/usr/lib/x86_64-linux-gnu/gtk-3.0'), ('XDG_DATA_HOME_VSCODE_SNAP_ORIG', ''), ('GTK_IM_MODULE_FILE', '/home/ubuntu/snap/code/common/.cache/immodules/immodules.cache'), ('GIO_LAUNCHED_DESKTOP_FILE', '/var/lib/snapd/desktop/applications/code_code.desktop'), ('ROS_PYTHON_VERSION', '3'), ('GNOME_SHELL_SESSION_MODE', 'ubuntu'), ('GTK_MODULES', 'gail:atk-bridge'), ('GSETTINGS_SCHEMA_DIR_VSCODE_SNAP_ORIG', ''), ('VSCODE_GIT_ASKPASS_MAIN', '/snap/code/191/usr/share/code/resources/app/extensions/git/dist/askpass-main.js'), ('LC_MONETARY', 'id_ID.UTF-8'), ('VSCODE_GIT_ASKPASS_NODE', '/snap/code/191/usr/share/code/code'), ('MANAGERPID', '1780'), ('PYDEVD_DISABLE_FILE_VALIDATION', '1'), ('SYSTEMD_EXEC_PID', '3491'), ('BUNDLED_DEBUGPY_PATH', '/home/ubuntu/.vscode/extensions/ms-python.debugpy-2025.8.0-linux-x64/bundled/libs/debugpy'), ('DBUS_SESSION_BUS_ADDRESS', 'unix:path=/run/user/1000/bus'), ('COLORTERM', 'truecolor'), ('GIO_LAUNCHED_DESKTOP_FILE_PID', '4442'), ('IM_CONFIG_PHASE', '1'), ('ROS_DISTRO', 'humble'), ('GTK_IM_MODULE', 'ibus'), ('LOGNAME', 'ubuntu'), ('JOURNAL_STREAM', '8:41048'), ('_', '/usr/bin/colcon'), ('ROS_VERSION', '2'), ('XDG_CONFIG_DIRS_VSCODE_SNAP_ORIG', '/etc/xdg/xdg-ubuntu-xorg:/etc/xdg'), ('XDG_SESSION_CLASS', 'user'), ('XDG_DATA_DIRS_VSCODE_SNAP_ORIG', '/usr/share/ubuntu-xorg:/usr/share/gnome:/home/ubuntu/.local/share/flatpak/exports/share:/var/lib/flatpak/exports/share:/usr/local/share/:/usr/share/:/var/lib/snapd/desktop'), ('USERNAME', 'ubuntu'), ('TERM', 'xterm-256color'), ('GNOME_DESKTOP_SESSION_ID', 'this-is-deprecated'), ('ROS_LOCALHOST_ONLY', '0'), ('WINDOWPATH', '2'), ('PATH', '/home/ubuntu/.local/bin:/opt/ros/humble/bin:/home/ubuntu/.local/bin:/usr/local/sbin:/usr/local/bin:/usr/sbin:/usr/bin:/sbin:/bin:/usr/games:/usr/local/games:/snap/bin:/snap/bin:/home/ubuntu/.vscode/extensions/ms-python.debugpy-2025.8.0-linux-x64/bundled/scripts/noConfigScripts'), ('SESSION_MANAGER', 'local/ubuntu-virtual-machine:@/tmp/.ICE-unix/3468,unix/ubuntu-virtual-machine:/tmp/.ICE-unix/3468'), ('GTK_EXE_PREFIX', '/snap/code/191/usr'), ('INVOCATION_ID', 'ae9cc4d3b1e04894a650cf2563eb3ab7'), ('XDG_MENU_PREFIX', 'gnome-'), ('LC_ADDRESS', 'id_ID.UTF-8'), ('BAMF_DESKTOP_FILE_HINT', '/var/lib/snapd/desktop/applications/code_code.desktop'), ('XDG_RUNTIME_DIR', '/run/user/1000'), ('GDK_BACKEND', 'x11'), ('DISPLAY', ':0'), ('LOCPATH', '/snap/code/191/usr/lib/locale'), ('VSCODE_DEBUGPY_ADAPTER_ENDPOINTS', '/home/ubuntu/.vscode/extensions/ms-python.debugpy-2025.8.0-linux-x64/.noConfigDebugAdapterEndpoints/endpoint-5c4e4c73dc4993ee.txt'), ('LANG', 'en_US.UTF-8'), ('XDG_CURRENT_DESKTOP', 'Unity'), ('LC_TELEPHONE', 'id_ID.UTF-8'), ('GIO_MODULE_DIR_VSCODE_SNAP_ORIG', ''), ('XDG_DATA_HOME', '/home/ubuntu/snap/code/191/.local/share'), ('XMODIFIERS', '@im=ibus'), ('XDG_SESSION_DESKTOP', 'ubuntu-xorg'), ('XAUTHORITY', '/run/user/1000/gdm/Xauthority'), ('LS_COLORS', 'rs=0:di=01;34:ln=01;36:mh=00:pi=40;33:so=01;35:do=01;35:bd=40;33;01:cd=40;33;01:or=40;31;01:mi=00:su=37;41:sg=30;43:ca=30;41:tw=30;42:ow=34;42:st=37;44:ex=01;32:*.tar=01;31:*.tgz=01;31:*.arc=01;31:*.arj=01;31:*.taz=01;31:*.lha=01;31:*.lz4=01;31:*.lzh=01;31:*.lzma=01;31:*.tlz=01;31:*.txz=01;31:*.tzo=01;31:*.t7z=01;31:*.zip=01;31:*.z=01;31:*.dz=01;31:*.gz=01;31:*.lrz=01;31:*.lz=01;31:*.lzo=01;31:*.xz=01;31:*.zst=01;31:*.tzst=01;31:*.bz2=01;31:*.bz=01;31:*.tbz=01;31:*.tbz2=01;31:*.tz=01;31:*.deb=01;31:*.rpm=01;31:*.jar=01;31:*.war=01;31:*.ear=01;31:*.sar=01;31:*.rar=01;31:*.alz=01;31:*.ace=01;31:*.zoo=01;31:*.cpio=01;31:*.7z=01;31:*.rz=01;31:*.cab=01;31:*.wim=01;31:*.swm=01;31:*.dwm=01;31:*.esd=01;31:*.jpg=01;35:*.jpeg=01;35:*.mjpg=01;35:*.mjpeg=01;35:*.gif=01;35:*.bmp=01;35:*.pbm=01;35:*.pgm=01;35:*.ppm=01;35:*.tga=01;35:*.xbm=01;35:*.xpm=01;35:*.tif=01;35:*.tiff=01;35:*.png=01;35:*.svg=01;35:*.svgz=01;35:*.mng=01;35:*.pcx=01;35:*.mov=01;35:*.mpg=01;35:*.mpeg=01;35:*.m2v=01;35:*.mkv=01;35:*.webm=01;35:*.webp=01;35:*.ogm=01;35:*.mp4=01;35:*.m4v=01;35:*.mp4v=01;35:*.vob=01;35:*.qt=01;35:*.nuv=01;35:*.wmv=01;35:*.asf=01;35:*.rm=01;35:*.rmvb=01;35:*.flc=01;35:*.avi=01;35:*.fli=01;35:*.flv=01;35:*.gl=01;35:*.dl=01;35:*.xcf=01;35:*.xwd=01;35:*.yuv=01;35:*.cgm=01;35:*.emf=01;35:*.ogv=01;35:*.ogx=01;35:*.aac=00;36:*.au=00;36:*.flac=00;36:*.m4a=00;36:*.mid=00;36:*.midi=00;36:*.mka=00;36:*.mp3=00;36:*.mpc=00;36:*.ogg=00;36:*.ra=00;36:*.wav=00;36:*.oga=00;36:*.opus=00;36:*.spx=00;36:*.xspf=00;36:'), ('VSCODE_GIT_IPC_HANDLE', '/run/user/1000/vscode-git-93ae0fd6cc.sock'), ('TERM_PROGRAM', 'vscode'), ('SSH_AGENT_LAUNCHER', 'gnome-keyring'), ('SSH_AUTH_SOCK', '/run/user/1000/keyring/ssh'), ('GSETTINGS_SCHEMA_DIR', '/home/ubuntu/snap/code/191/.local/share/glib-2.0/schemas'), ('AMENT_PREFIX_PATH', '/opt/ros/humble'), ('ORIGINAL_XDG_CURRENT_DESKTOP', 'Unity'), ('SHELL', '/bin/bash'), ('LC_NAME', 'id_ID.UTF-8'), ('QT_ACCESSIBILITY', '1'), ('GDMSESSION', 'ubuntu-xorg'), ('LESSCLOSE', '/usr/bin/lesspipe %s %s'), ('GTK_PATH_VSCODE_SNAP_ORIG', ''), ('FONTCONFIG_FILE', '/etc/fonts/fonts.conf'), ('GTK_IM_MODULE_FILE_VSCODE_SNAP_ORIG', ''), ('LC_MEASUREMENT', 'id_ID.UTF-8'), ('GPG_AGENT_INFO', '/run/user/1000/gnupg/S.gpg-agent:0:1'), ('GJS_DEBUG_OUTPUT', 'stderr'), ('LC_IDENTIFICATION', 'id_ID.UTF-8'), ('VSCODE_GIT_ASKPASS_EXTRA_ARGS', ''), ('QT_IM_MODULE', 'ibus'), ('PWD', '/home/ubuntu/ros2_ws/src/Greyform-linux/Python_Application/build/my_robot_wallinterfaces'), ('QT_QPA_PLATFORM', 'xcb'), ('LC_ALL', 'en_US.UTF-8'), ('XDG_CONFIG_DIRS', '/etc/xdg/xdg-ubuntu-xorg:/etc/xdg'), ('XDG_DATA_DIRS', '/home/ubuntu/snap/code/191/.local/share/flatpak/exports/share:/home/ubuntu/snap/code/191/.local/share:/home/ubuntu/snap/code/191:/snap/code/191/usr/share:/usr/share/ubuntu-xorg:/usr/share/gnome:/home/ubuntu/.local/share/flatpak/exports/share:/var/lib/flatpak/exports/share:/usr/local/share/:/usr/share/:/var/lib/snapd/desktop'), ('PYTHONPATH', '/opt/ros/humble/lib/python3.10/site-packages:/opt/ros/humble/local/lib/python3.10/dist-packages'), ('LC_NUMERIC', 'id_ID.UTF-8'), ('LC_PAPER', 'id_ID.UTF-8'), ('COLCON', '1'), ('CMAKE_PREFIX_PATH', '/opt/ros/humble')]), 'shell': False}
[0.451490] (-) TimerEvent: {}
[0.562920] (-) TimerEvent: {}
[0.664418] (-) TimerEvent: {}
[0.769048] (-) TimerEvent: {}
[0.883276] (-) TimerEvent: {}
[0.985015] (-) TimerEvent: {}
[1.089555] (-) TimerEvent: {}
[1.190823] (-) TimerEvent: {}
[1.292425] (-) TimerEvent: {}
[1.400578] (-) TimerEvent: {}
[1.509272] (-) TimerEvent: {}
[1.615216] (-) TimerEvent: {}
[1.729466] (-) TimerEvent: {}
[1.831413] (-) TimerEvent: {}
[1.936810] (-) TimerEvent: {}
[2.037508] (-) TimerEvent: {}
[2.138771] (-) TimerEvent: {}
[2.239633] (-) TimerEvent: {}
[2.343966] (-) TimerEvent: {}
[2.445394] (-) TimerEvent: {}
[2.548895] (-) TimerEvent: {}
[2.649634] (-) TimerEvent: {}
[2.751647] (-) TimerEvent: {}
[2.858217] (-) TimerEvent: {}
[2.961252] (-) TimerEvent: {}
[3.074832] (-) TimerEvent: {}
[3.176018] (-) TimerEvent: {}
[3.279853] (-) TimerEvent: {}
[3.385334] (-) TimerEvent: {}
[3.490102] (-) TimerEvent: {}
[3.600232] (-) TimerEvent: {}
[3.739786] (-) TimerEvent: {}
[3.840634] (-) TimerEvent: {}
[4.055984] (-) TimerEvent: {}
[4.160864] (-) TimerEvent: {}
[4.274649] (-) TimerEvent: {}
[4.396063] (-) TimerEvent: {}
[4.497096] (-) TimerEvent: {}
[4.598776] (-) TimerEvent: {}
[4.711490] (-) TimerEvent: {}
[4.813410] (-) TimerEvent: {}
[4.925926] (-) TimerEvent: {}
[5.029924] (-) TimerEvent: {}
[5.165409] (-) TimerEvent: {}
[5.278151] (-) TimerEvent: {}
[5.394398] (-) TimerEvent: {}
[5.506014] (-) TimerEvent: {}
[5.614809] (-) TimerEvent: {}
[5.733002] (-) TimerEvent: {}
[5.840057] (-) TimerEvent: {}
[5.946854] (-) TimerEvent: {}
[6.029878] (my_robot_wallinterfaces) StdoutLine: {'line': b'[  2%] Built target my_robot_wallinterfaces__cpp\n'}
[6.030418] (my_robot_wallinterfaces) StdoutLine: {'line': b'[  2%] Built target ament_cmake_python_copy_my_robot_wallinterfaces\n'}
[6.034231] (my_robot_wallinterfaces) StdoutLine: {'line': b'[ 12%] Built target my_robot_wallinterfaces__rosidl_typesupport_cpp\n'}
[6.049159] (-) TimerEvent: {}
[6.066499] (my_package) JobProgress: {'identifier': 'my_package', 'progress': 'cmake'}
[6.156957] (my_package) JobProgress: {'identifier': 'my_package', 'progress': 'build'}
[6.157121] (-) TimerEvent: {}
[6.157541] (my_package) Command: {'cmd': ['/usr/bin/cmake', '--build', '/home/ubuntu/ros2_ws/src/Greyform-linux/Python_Application/build/my_package', '--', '-j8', '-l8'], 'cwd': '/home/ubuntu/ros2_ws/src/Greyform-linux/Python_Application/build/my_package', 'env': OrderedDict([('GJS_DEBUG_TOPICS', 'JS ERROR;JS LOG'), ('LESSOPEN', '| /usr/bin/lesspipe %s'), ('USER', 'ubuntu'), ('LC_TIME', 'id_ID.UTF-8'), ('FONTCONFIG_PATH', '/etc/fonts'), ('GIO_MODULE_DIR', '/home/ubuntu/snap/code/common/.cache/gio-modules'), ('XDG_SESSION_TYPE', 'x11'), ('GIT_ASKPASS', '/snap/code/191/usr/share/code/resources/app/extensions/git/dist/askpass.sh'), ('GTK_EXE_PREFIX_VSCODE_SNAP_ORIG', ''), ('GDK_BACKEND_VSCODE_SNAP_ORIG', ''), ('SHLVL', '1'), ('LD_LIBRARY_PATH', '/opt/ros/humble/opt/rviz_ogre_vendor/lib:/opt/ros/humble/lib/x86_64-linux-gnu:/opt/ros/humble/lib'), ('HOME', '/home/ubuntu'), ('CHROME_DESKTOP', 'code.desktop'), ('LOCPATH_VSCODE_SNAP_ORIG', ''), ('TERM_PROGRAM_VERSION', '1.99.3'), ('DESKTOP_SESSION', 'ubuntu-xorg'), ('GTK_PATH', '/snap/code/191/usr/lib/x86_64-linux-gnu/gtk-3.0'), ('XDG_DATA_HOME_VSCODE_SNAP_ORIG', ''), ('GTK_IM_MODULE_FILE', '/home/ubuntu/snap/code/common/.cache/immodules/immodules.cache'), ('GIO_LAUNCHED_DESKTOP_FILE', '/var/lib/snapd/desktop/applications/code_code.desktop'), ('ROS_PYTHON_VERSION', '3'), ('GNOME_SHELL_SESSION_MODE', 'ubuntu'), ('GTK_MODULES', 'gail:atk-bridge'), ('GSETTINGS_SCHEMA_DIR_VSCODE_SNAP_ORIG', ''), ('VSCODE_GIT_ASKPASS_MAIN', '/snap/code/191/usr/share/code/resources/app/extensions/git/dist/askpass-main.js'), ('LC_MONETARY', 'id_ID.UTF-8'), ('VSCODE_GIT_ASKPASS_NODE', '/snap/code/191/usr/share/code/code'), ('MANAGERPID', '1780'), ('PYDEVD_DISABLE_FILE_VALIDATION', '1'), ('SYSTEMD_EXEC_PID', '3491'), ('BUNDLED_DEBUGPY_PATH', '/home/ubuntu/.vscode/extensions/ms-python.debugpy-2025.8.0-linux-x64/bundled/libs/debugpy'), ('DBUS_SESSION_BUS_ADDRESS', 'unix:path=/run/user/1000/bus'), ('COLORTERM', 'truecolor'), ('GIO_LAUNCHED_DESKTOP_FILE_PID', '4442'), ('IM_CONFIG_PHASE', '1'), ('ROS_DISTRO', 'humble'), ('GTK_IM_MODULE', 'ibus'), ('LOGNAME', 'ubuntu'), ('JOURNAL_STREAM', '8:41048'), ('_', '/usr/bin/colcon'), ('ROS_VERSION', '2'), ('XDG_CONFIG_DIRS_VSCODE_SNAP_ORIG', '/etc/xdg/xdg-ubuntu-xorg:/etc/xdg'), ('XDG_SESSION_CLASS', 'user'), ('XDG_DATA_DIRS_VSCODE_SNAP_ORIG', '/usr/share/ubuntu-xorg:/usr/share/gnome:/home/ubuntu/.local/share/flatpak/exports/share:/var/lib/flatpak/exports/share:/usr/local/share/:/usr/share/:/var/lib/snapd/desktop'), ('USERNAME', 'ubuntu'), ('TERM', 'xterm-256color'), ('GNOME_DESKTOP_SESSION_ID', 'this-is-deprecated'), ('ROS_LOCALHOST_ONLY', '0'), ('WINDOWPATH', '2'), ('PATH', '/home/ubuntu/.local/bin:/opt/ros/humble/bin:/home/ubuntu/.local/bin:/usr/local/sbin:/usr/local/bin:/usr/sbin:/usr/bin:/sbin:/bin:/usr/games:/usr/local/games:/snap/bin:/snap/bin:/home/ubuntu/.vscode/extensions/ms-python.debugpy-2025.8.0-linux-x64/bundled/scripts/noConfigScripts'), ('SESSION_MANAGER', 'local/ubuntu-virtual-machine:@/tmp/.ICE-unix/3468,unix/ubuntu-virtual-machine:/tmp/.ICE-unix/3468'), ('GTK_EXE_PREFIX', '/snap/code/191/usr'), ('INVOCATION_ID', 'ae9cc4d3b1e04894a650cf2563eb3ab7'), ('XDG_MENU_PREFIX', 'gnome-'), ('LC_ADDRESS', 'id_ID.UTF-8'), ('BAMF_DESKTOP_FILE_HINT', '/var/lib/snapd/desktop/applications/code_code.desktop'), ('XDG_RUNTIME_DIR', '/run/user/1000'), ('GDK_BACKEND', 'x11'), ('DISPLAY', ':0'), ('LOCPATH', '/snap/code/191/usr/lib/locale'), ('VSCODE_DEBUGPY_ADAPTER_ENDPOINTS', '/home/ubuntu/.vscode/extensions/ms-python.debugpy-2025.8.0-linux-x64/.noConfigDebugAdapterEndpoints/endpoint-5c4e4c73dc4993ee.txt'), ('LANG', 'en_US.UTF-8'), ('XDG_CURRENT_DESKTOP', 'Unity'), ('LC_TELEPHONE', 'id_ID.UTF-8'), ('GIO_MODULE_DIR_VSCODE_SNAP_ORIG', ''), ('XDG_DATA_HOME', '/home/ubuntu/snap/code/191/.local/share'), ('XMODIFIERS', '@im=ibus'), ('XDG_SESSION_DESKTOP', 'ubuntu-xorg'), ('XAUTHORITY', '/run/user/1000/gdm/Xauthority'), ('LS_COLORS', 'rs=0:di=01;34:ln=01;36:mh=00:pi=40;33:so=01;35:do=01;35:bd=40;33;01:cd=40;33;01:or=40;31;01:mi=00:su=37;41:sg=30;43:ca=30;41:tw=30;42:ow=34;42:st=37;44:ex=01;32:*.tar=01;31:*.tgz=01;31:*.arc=01;31:*.arj=01;31:*.taz=01;31:*.lha=01;31:*.lz4=01;31:*.lzh=01;31:*.lzma=01;31:*.tlz=01;31:*.txz=01;31:*.tzo=01;31:*.t7z=01;31:*.zip=01;31:*.z=01;31:*.dz=01;31:*.gz=01;31:*.lrz=01;31:*.lz=01;31:*.lzo=01;31:*.xz=01;31:*.zst=01;31:*.tzst=01;31:*.bz2=01;31:*.bz=01;31:*.tbz=01;31:*.tbz2=01;31:*.tz=01;31:*.deb=01;31:*.rpm=01;31:*.jar=01;31:*.war=01;31:*.ear=01;31:*.sar=01;31:*.rar=01;31:*.alz=01;31:*.ace=01;31:*.zoo=01;31:*.cpio=01;31:*.7z=01;31:*.rz=01;31:*.cab=01;31:*.wim=01;31:*.swm=01;31:*.dwm=01;31:*.esd=01;31:*.jpg=01;35:*.jpeg=01;35:*.mjpg=01;35:*.mjpeg=01;35:*.gif=01;35:*.bmp=01;35:*.pbm=01;35:*.pgm=01;35:*.ppm=01;35:*.tga=01;35:*.xbm=01;35:*.xpm=01;35:*.tif=01;35:*.tiff=01;35:*.png=01;35:*.svg=01;35:*.svgz=01;35:*.mng=01;35:*.pcx=01;35:*.mov=01;35:*.mpg=01;35:*.mpeg=01;35:*.m2v=01;35:*.mkv=01;35:*.webm=01;35:*.webp=01;35:*.ogm=01;35:*.mp4=01;35:*.m4v=01;35:*.mp4v=01;35:*.vob=01;35:*.qt=01;35:*.nuv=01;35:*.wmv=01;35:*.asf=01;35:*.rm=01;35:*.rmvb=01;35:*.flc=01;35:*.avi=01;35:*.fli=01;35:*.flv=01;35:*.gl=01;35:*.dl=01;35:*.xcf=01;35:*.xwd=01;35:*.yuv=01;35:*.cgm=01;35:*.emf=01;35:*.ogv=01;35:*.ogx=01;35:*.aac=00;36:*.au=00;36:*.flac=00;36:*.m4a=00;36:*.mid=00;36:*.midi=00;36:*.mka=00;36:*.mp3=00;36:*.mpc=00;36:*.ogg=00;36:*.ra=00;36:*.wav=00;36:*.oga=00;36:*.opus=00;36:*.spx=00;36:*.xspf=00;36:'), ('VSCODE_GIT_IPC_HANDLE', '/run/user/1000/vscode-git-93ae0fd6cc.sock'), ('TERM_PROGRAM', 'vscode'), ('SSH_AGENT_LAUNCHER', 'gnome-keyring'), ('SSH_AUTH_SOCK', '/run/user/1000/keyring/ssh'), ('GSETTINGS_SCHEMA_DIR', '/home/ubuntu/snap/code/191/.local/share/glib-2.0/schemas'), ('AMENT_PREFIX_PATH', '/opt/ros/humble'), ('ORIGINAL_XDG_CURRENT_DESKTOP', 'Unity'), ('SHELL', '/bin/bash'), ('LC_NAME', 'id_ID.UTF-8'), ('QT_ACCESSIBILITY', '1'), ('GDMSESSION', 'ubuntu-xorg'), ('LESSCLOSE', '/usr/bin/lesspipe %s %s'), ('GTK_PATH_VSCODE_SNAP_ORIG', ''), ('FONTCONFIG_FILE', '/etc/fonts/fonts.conf'), ('GTK_IM_MODULE_FILE_VSCODE_SNAP_ORIG', ''), ('LC_MEASUREMENT', 'id_ID.UTF-8'), ('GPG_AGENT_INFO', '/run/user/1000/gnupg/S.gpg-agent:0:1'), ('GJS_DEBUG_OUTPUT', 'stderr'), ('LC_IDENTIFICATION', 'id_ID.UTF-8'), ('VSCODE_GIT_ASKPASS_EXTRA_ARGS', ''), ('QT_IM_MODULE', 'ibus'), ('PWD', '/home/ubuntu/ros2_ws/src/Greyform-linux/Python_Application/build/my_package'), ('QT_QPA_PLATFORM', 'xcb'), ('LC_ALL', 'en_US.UTF-8'), ('XDG_CONFIG_DIRS', '/etc/xdg/xdg-ubuntu-xorg:/etc/xdg'), ('XDG_DATA_DIRS', '/home/ubuntu/snap/code/191/.local/share/flatpak/exports/share:/home/ubuntu/snap/code/191/.local/share:/home/ubuntu/snap/code/191:/snap/code/191/usr/share:/usr/share/ubuntu-xorg:/usr/share/gnome:/home/ubuntu/.local/share/flatpak/exports/share:/var/lib/flatpak/exports/share:/usr/local/share/:/usr/share/:/var/lib/snapd/desktop'), ('PYTHONPATH', '/opt/ros/humble/lib/python3.10/site-packages:/opt/ros/humble/local/lib/python3.10/dist-packages'), ('LC_NUMERIC', 'id_ID.UTF-8'), ('LC_PAPER', 'id_ID.UTF-8'), ('COLCON', '1'), ('CMAKE_PREFIX_PATH', '/opt/ros/humble')]), 'shell': False}
[6.259801] (-) TimerEvent: {}
[6.371091] (-) TimerEvent: {}
[6.473417] (-) TimerEvent: {}
[6.584473] (-) TimerEvent: {}
[6.687116] (-) TimerEvent: {}
[6.787836] (-) TimerEvent: {}
[6.807837] (my_package) CommandEnded: {'returncode': 0}
[6.832430] (my_package) JobProgress: {'identifier': 'my_package', 'progress': 'install'}
[6.888568] (-) TimerEvent: {}
[6.933884] (my_package) Command: {'cmd': ['/usr/bin/cmake', '--install', '/home/ubuntu/ros2_ws/src/Greyform-linux/Python_Application/build/my_package'], 'cwd': '/home/ubuntu/ros2_ws/src/Greyform-linux/Python_Application/build/my_package', 'env': OrderedDict([('GJS_DEBUG_TOPICS', 'JS ERROR;JS LOG'), ('LESSOPEN', '| /usr/bin/lesspipe %s'), ('USER', 'ubuntu'), ('LC_TIME', 'id_ID.UTF-8'), ('FONTCONFIG_PATH', '/etc/fonts'), ('GIO_MODULE_DIR', '/home/ubuntu/snap/code/common/.cache/gio-modules'), ('XDG_SESSION_TYPE', 'x11'), ('GIT_ASKPASS', '/snap/code/191/usr/share/code/resources/app/extensions/git/dist/askpass.sh'), ('GTK_EXE_PREFIX_VSCODE_SNAP_ORIG', ''), ('GDK_BACKEND_VSCODE_SNAP_ORIG', ''), ('SHLVL', '1'), ('LD_LIBRARY_PATH', '/opt/ros/humble/opt/rviz_ogre_vendor/lib:/opt/ros/humble/lib/x86_64-linux-gnu:/opt/ros/humble/lib'), ('HOME', '/home/ubuntu'), ('CHROME_DESKTOP', 'code.desktop'), ('LOCPATH_VSCODE_SNAP_ORIG', ''), ('TERM_PROGRAM_VERSION', '1.99.3'), ('DESKTOP_SESSION', 'ubuntu-xorg'), ('GTK_PATH', '/snap/code/191/usr/lib/x86_64-linux-gnu/gtk-3.0'), ('XDG_DATA_HOME_VSCODE_SNAP_ORIG', ''), ('GTK_IM_MODULE_FILE', '/home/ubuntu/snap/code/common/.cache/immodules/immodules.cache'), ('GIO_LAUNCHED_DESKTOP_FILE', '/var/lib/snapd/desktop/applications/code_code.desktop'), ('ROS_PYTHON_VERSION', '3'), ('GNOME_SHELL_SESSION_MODE', 'ubuntu'), ('GTK_MODULES', 'gail:atk-bridge'), ('GSETTINGS_SCHEMA_DIR_VSCODE_SNAP_ORIG', ''), ('VSCODE_GIT_ASKPASS_MAIN', '/snap/code/191/usr/share/code/resources/app/extensions/git/dist/askpass-main.js'), ('LC_MONETARY', 'id_ID.UTF-8'), ('VSCODE_GIT_ASKPASS_NODE', '/snap/code/191/usr/share/code/code'), ('MANAGERPID', '1780'), ('PYDEVD_DISABLE_FILE_VALIDATION', '1'), ('SYSTEMD_EXEC_PID', '3491'), ('BUNDLED_DEBUGPY_PATH', '/home/ubuntu/.vscode/extensions/ms-python.debugpy-2025.8.0-linux-x64/bundled/libs/debugpy'), ('DBUS_SESSION_BUS_ADDRESS', 'unix:path=/run/user/1000/bus'), ('COLORTERM', 'truecolor'), ('GIO_LAUNCHED_DESKTOP_FILE_PID', '4442'), ('IM_CONFIG_PHASE', '1'), ('ROS_DISTRO', 'humble'), ('GTK_IM_MODULE', 'ibus'), ('LOGNAME', 'ubuntu'), ('JOURNAL_STREAM', '8:41048'), ('_', '/usr/bin/colcon'), ('ROS_VERSION', '2'), ('XDG_CONFIG_DIRS_VSCODE_SNAP_ORIG', '/etc/xdg/xdg-ubuntu-xorg:/etc/xdg'), ('XDG_SESSION_CLASS', 'user'), ('XDG_DATA_DIRS_VSCODE_SNAP_ORIG', '/usr/share/ubuntu-xorg:/usr/share/gnome:/home/ubuntu/.local/share/flatpak/exports/share:/var/lib/flatpak/exports/share:/usr/local/share/:/usr/share/:/var/lib/snapd/desktop'), ('USERNAME', 'ubuntu'), ('TERM', 'xterm-256color'), ('GNOME_DESKTOP_SESSION_ID', 'this-is-deprecated'), ('ROS_LOCALHOST_ONLY', '0'), ('WINDOWPATH', '2'), ('PATH', '/home/ubuntu/.local/bin:/opt/ros/humble/bin:/home/ubuntu/.local/bin:/usr/local/sbin:/usr/local/bin:/usr/sbin:/usr/bin:/sbin:/bin:/usr/games:/usr/local/games:/snap/bin:/snap/bin:/home/ubuntu/.vscode/extensions/ms-python.debugpy-2025.8.0-linux-x64/bundled/scripts/noConfigScripts'), ('SESSION_MANAGER', 'local/ubuntu-virtual-machine:@/tmp/.ICE-unix/3468,unix/ubuntu-virtual-machine:/tmp/.ICE-unix/3468'), ('GTK_EXE_PREFIX', '/snap/code/191/usr'), ('INVOCATION_ID', 'ae9cc4d3b1e04894a650cf2563eb3ab7'), ('XDG_MENU_PREFIX', 'gnome-'), ('LC_ADDRESS', 'id_ID.UTF-8'), ('BAMF_DESKTOP_FILE_HINT', '/var/lib/snapd/desktop/applications/code_code.desktop'), ('XDG_RUNTIME_DIR', '/run/user/1000'), ('GDK_BACKEND', 'x11'), ('DISPLAY', ':0'), ('LOCPATH', '/snap/code/191/usr/lib/locale'), ('VSCODE_DEBUGPY_ADAPTER_ENDPOINTS', '/home/ubuntu/.vscode/extensions/ms-python.debugpy-2025.8.0-linux-x64/.noConfigDebugAdapterEndpoints/endpoint-5c4e4c73dc4993ee.txt'), ('LANG', 'en_US.UTF-8'), ('XDG_CURRENT_DESKTOP', 'Unity'), ('LC_TELEPHONE', 'id_ID.UTF-8'), ('GIO_MODULE_DIR_VSCODE_SNAP_ORIG', ''), ('XDG_DATA_HOME', '/home/ubuntu/snap/code/191/.local/share'), ('XMODIFIERS', '@im=ibus'), ('XDG_SESSION_DESKTOP', 'ubuntu-xorg'), ('XAUTHORITY', '/run/user/1000/gdm/Xauthority'), ('LS_COLORS', 'rs=0:di=01;34:ln=01;36:mh=00:pi=40;33:so=01;35:do=01;35:bd=40;33;01:cd=40;33;01:or=40;31;01:mi=00:su=37;41:sg=30;43:ca=30;41:tw=30;42:ow=34;42:st=37;44:ex=01;32:*.tar=01;31:*.tgz=01;31:*.arc=01;31:*.arj=01;31:*.taz=01;31:*.lha=01;31:*.lz4=01;31:*.lzh=01;31:*.lzma=01;31:*.tlz=01;31:*.txz=01;31:*.tzo=01;31:*.t7z=01;31:*.zip=01;31:*.z=01;31:*.dz=01;31:*.gz=01;31:*.lrz=01;31:*.lz=01;31:*.lzo=01;31:*.xz=01;31:*.zst=01;31:*.tzst=01;31:*.bz2=01;31:*.bz=01;31:*.tbz=01;31:*.tbz2=01;31:*.tz=01;31:*.deb=01;31:*.rpm=01;31:*.jar=01;31:*.war=01;31:*.ear=01;31:*.sar=01;31:*.rar=01;31:*.alz=01;31:*.ace=01;31:*.zoo=01;31:*.cpio=01;31:*.7z=01;31:*.rz=01;31:*.cab=01;31:*.wim=01;31:*.swm=01;31:*.dwm=01;31:*.esd=01;31:*.jpg=01;35:*.jpeg=01;35:*.mjpg=01;35:*.mjpeg=01;35:*.gif=01;35:*.bmp=01;35:*.pbm=01;35:*.pgm=01;35:*.ppm=01;35:*.tga=01;35:*.xbm=01;35:*.xpm=01;35:*.tif=01;35:*.tiff=01;35:*.png=01;35:*.svg=01;35:*.svgz=01;35:*.mng=01;35:*.pcx=01;35:*.mov=01;35:*.mpg=01;35:*.mpeg=01;35:*.m2v=01;35:*.mkv=01;35:*.webm=01;35:*.webp=01;35:*.ogm=01;35:*.mp4=01;35:*.m4v=01;35:*.mp4v=01;35:*.vob=01;35:*.qt=01;35:*.nuv=01;35:*.wmv=01;35:*.asf=01;35:*.rm=01;35:*.rmvb=01;35:*.flc=01;35:*.avi=01;35:*.fli=01;35:*.flv=01;35:*.gl=01;35:*.dl=01;35:*.xcf=01;35:*.xwd=01;35:*.yuv=01;35:*.cgm=01;35:*.emf=01;35:*.ogv=01;35:*.ogx=01;35:*.aac=00;36:*.au=00;36:*.flac=00;36:*.m4a=00;36:*.mid=00;36:*.midi=00;36:*.mka=00;36:*.mp3=00;36:*.mpc=00;36:*.ogg=00;36:*.ra=00;36:*.wav=00;36:*.oga=00;36:*.opus=00;36:*.spx=00;36:*.xspf=00;36:'), ('VSCODE_GIT_IPC_HANDLE', '/run/user/1000/vscode-git-93ae0fd6cc.sock'), ('TERM_PROGRAM', 'vscode'), ('SSH_AGENT_LAUNCHER', 'gnome-keyring'), ('SSH_AUTH_SOCK', '/run/user/1000/keyring/ssh'), ('GSETTINGS_SCHEMA_DIR', '/home/ubuntu/snap/code/191/.local/share/glib-2.0/schemas'), ('AMENT_PREFIX_PATH', '/opt/ros/humble'), ('ORIGINAL_XDG_CURRENT_DESKTOP', 'Unity'), ('SHELL', '/bin/bash'), ('LC_NAME', 'id_ID.UTF-8'), ('QT_ACCESSIBILITY', '1'), ('GDMSESSION', 'ubuntu-xorg'), ('LESSCLOSE', '/usr/bin/lesspipe %s %s'), ('GTK_PATH_VSCODE_SNAP_ORIG', ''), ('FONTCONFIG_FILE', '/etc/fonts/fonts.conf'), ('GTK_IM_MODULE_FILE_VSCODE_SNAP_ORIG', ''), ('LC_MEASUREMENT', 'id_ID.UTF-8'), ('GPG_AGENT_INFO', '/run/user/1000/gnupg/S.gpg-agent:0:1'), ('GJS_DEBUG_OUTPUT', 'stderr'), ('LC_IDENTIFICATION', 'id_ID.UTF-8'), ('VSCODE_GIT_ASKPASS_EXTRA_ARGS', ''), ('QT_IM_MODULE', 'ibus'), ('PWD', '/home/ubuntu/ros2_ws/src/Greyform-linux/Python_Application/build/my_package'), ('QT_QPA_PLATFORM', 'xcb'), ('LC_ALL', 'en_US.UTF-8'), ('XDG_CONFIG_DIRS', '/etc/xdg/xdg-ubuntu-xorg:/etc/xdg'), ('XDG_DATA_DIRS', '/home/ubuntu/snap/code/191/.local/share/flatpak/exports/share:/home/ubuntu/snap/code/191/.local/share:/home/ubuntu/snap/code/191:/snap/code/191/usr/share:/usr/share/ubuntu-xorg:/usr/share/gnome:/home/ubuntu/.local/share/flatpak/exports/share:/var/lib/flatpak/exports/share:/usr/local/share/:/usr/share/:/var/lib/snapd/desktop'), ('PYTHONPATH', '/opt/ros/humble/lib/python3.10/site-packages:/opt/ros/humble/local/lib/python3.10/dist-packages'), ('LC_NUMERIC', 'id_ID.UTF-8'), ('LC_PAPER', 'id_ID.UTF-8'), ('COLCON', '1'), ('CMAKE_PREFIX_PATH', '/opt/ros/humble')]), 'shell': False}
[6.991467] (-) TimerEvent: {}
[7.010151] (my_package) StdoutLine: {'line': b'-- Install configuration: ""\n'}
[7.011148] (my_package) StdoutLine: {'line': b'-- Up-to-date: /home/ubuntu/ros2_ws/src/Greyform-linux/Python_Application/install/my_package/share/ament_index/resource_index/package_run_dependencies/my_package\n'}
[7.011435] (my_package) StdoutLine: {'line': b'-- Up-to-date: /home/ubuntu/ros2_ws/src/Greyform-linux/Python_Application/install/my_package/share/ament_index/resource_index/parent_prefix_path/my_package\n'}
[7.011716] (my_package) StdoutLine: {'line': b'-- Up-to-date: /home/ubuntu/ros2_ws/src/Greyform-linux/Python_Application/install/my_package/share/my_package/environment/ament_prefix_path.sh\n'}
[7.017267] (my_package) StdoutLine: {'line': b'-- Up-to-date: /home/ubuntu/ros2_ws/src/Greyform-linux/Python_Application/install/my_package/share/my_package/environment/ament_prefix_path.dsv\n'}
[7.027776] (my_package) StdoutLine: {'line': b'-- Up-to-date: /home/ubuntu/ros2_ws/src/Greyform-linux/Python_Application/install/my_package/share/my_package/environment/path.sh\n'}
[7.029781] (my_package) StdoutLine: {'line': b'-- Up-to-date: /home/ubuntu/ros2_ws/src/Greyform-linux/Python_Application/install/my_package/share/my_package/environment/path.dsv\n'}
[7.034399] (my_package) StdoutLine: {'line': b'-- Up-to-date: /home/ubuntu/ros2_ws/src/Greyform-linux/Python_Application/install/my_package/share/my_package/local_setup.bash\n'}
[7.034823] (my_package) StdoutLine: {'line': b'-- Up-to-date: /home/ubuntu/ros2_ws/src/Greyform-linux/Python_Application/install/my_package/share/my_package/local_setup.sh\n'}
[7.035162] (my_package) StdoutLine: {'line': b'-- Up-to-date: /home/ubuntu/ros2_ws/src/Greyform-linux/Python_Application/install/my_package/share/my_package/local_setup.zsh\n'}
[7.035490] (my_package) StdoutLine: {'line': b'-- Up-to-date: /home/ubuntu/ros2_ws/src/Greyform-linux/Python_Application/install/my_package/share/my_package/local_setup.dsv\n'}
[7.040652] (my_package) StdoutLine: {'line': b'-- Installing: /home/ubuntu/ros2_ws/src/Greyform-linux/Python_Application/install/my_package/share/my_package/package.dsv\n'}
[7.047679] (my_package) StdoutLine: {'line': b'-- Up-to-date: /home/ubuntu/ros2_ws/src/Greyform-linux/Python_Application/install/my_package/share/ament_index/resource_index/packages/my_package\n'}
[7.051842] (my_package) StdoutLine: {'line': b'-- Up-to-date: /home/ubuntu/ros2_ws/src/Greyform-linux/Python_Application/install/my_package/share/my_package/cmake/my_packageConfig.cmake\n'}
[7.052482] (my_package) StdoutLine: {'line': b'-- Up-to-date: /home/ubuntu/ros2_ws/src/Greyform-linux/Python_Application/install/my_package/share/my_package/cmake/my_packageConfig-version.cmake\n'}
[7.057631] (my_package) StdoutLine: {'line': b'-- Up-to-date: /home/ubuntu/ros2_ws/src/Greyform-linux/Python_Application/install/my_package/share/my_package/package.xml\n'}
[7.058055] (my_package) CommandEnded: {'returncode': 0}
[7.112436] (-) TimerEvent: {}
[7.214783] (-) TimerEvent: {}
[7.346124] (my_package) JobEnded: {'identifier': 'my_package', 'rc': 0}
[7.347474] (-) TimerEvent: {}
[7.455285] (-) TimerEvent: {}
[7.561882] (-) TimerEvent: {}
[7.664108] (-) TimerEvent: {}
[7.776535] (-) TimerEvent: {}
[7.878378] (-) TimerEvent: {}
[7.982548] (-) TimerEvent: {}
[8.088435] (-) TimerEvent: {}
[8.189189] (-) TimerEvent: {}
[8.290987] (-) TimerEvent: {}
[8.392531] (-) TimerEvent: {}
[8.496822] (-) TimerEvent: {}
[8.597583] (-) TimerEvent: {}
[8.703446] (-) TimerEvent: {}
[8.814429] (-) TimerEvent: {}
[8.915176] (-) TimerEvent: {}
[9.027177] (-) TimerEvent: {}
[9.135826] (-) TimerEvent: {}
[9.204717] (my_robot_wallinterfaces) StdoutLine: {'line': b'running egg_info\n'}
[9.212535] (my_robot_wallinterfaces) StdoutLine: {'line': b'writing my_robot_wallinterfaces.egg-info/PKG-INFO\n'}
[9.221922] (my_robot_wallinterfaces) StdoutLine: {'line': b'writing dependency_links to my_robot_wallinterfaces.egg-info/dependency_links.txt\n'}
[9.222282] (my_robot_wallinterfaces) StdoutLine: {'line': b'writing top-level names to my_robot_wallinterfaces.egg-info/top_level.txt\n'}
[9.238858] (-) TimerEvent: {}
[9.262897] (my_robot_wallinterfaces) StdoutLine: {'line': b"reading manifest file 'my_robot_wallinterfaces.egg-info/SOURCES.txt'\n"}
[9.267332] (my_robot_wallinterfaces) StdoutLine: {'line': b"writing manifest file 'my_robot_wallinterfaces.egg-info/SOURCES.txt'\n"}
[9.340823] (-) TimerEvent: {}
[9.444577] (-) TimerEvent: {}
[9.536426] (my_robot_wallinterfaces) StdoutLine: {'line': b'[ 12%] Built target ament_cmake_python_build_my_robot_wallinterfaces_egg\n'}
[9.545818] (-) TimerEvent: {}
[9.651471] (-) TimerEvent: {}
[9.753105] (-) TimerEvent: {}
[9.868240] (-) TimerEvent: {}
[9.925450] (my_robot_wallinterfaces) StdoutLine: {'line': b'[ 23%] Built target my_robot_wallinterfaces__rosidl_typesupport_introspection_cpp\n'}
[9.972483] (-) TimerEvent: {}
[10.076930] (-) TimerEvent: {}
[10.177518] (-) TimerEvent: {}
[10.288621] (-) TimerEvent: {}
[10.397904] (-) TimerEvent: {}
[10.564195] (-) TimerEvent: {}
[10.665555] (-) TimerEvent: {}
[10.740881] (my_robot_wallinterfaces) StdoutLine: {'line': b'[ 34%] Built target my_robot_wallinterfaces__rosidl_typesupport_fastrtps_cpp\n'}
[10.765952] (-) TimerEvent: {}
[10.880491] (-) TimerEvent: {}
[10.999604] (-) TimerEvent: {}
[11.102989] (-) TimerEvent: {}
[11.117133] (my_robot_wallinterfaces) StdoutLine: {'line': b'[ 44%] Built target my_robot_wallinterfaces__rosidl_generator_c\n'}
[11.207750] (-) TimerEvent: {}
[11.311900] (-) TimerEvent: {}
[11.416247] (-) TimerEvent: {}
[11.514592] (my_robot_wallinterfaces) StdoutLine: {'line': b'[ 55%] Built target my_robot_wallinterfaces__rosidl_typesupport_fastrtps_c\n'}
[11.520730] (-) TimerEvent: {}
[11.624470] (-) TimerEvent: {}
[11.727112] (-) TimerEvent: {}
[11.843540] (-) TimerEvent: {}
[11.904422] (my_robot_wallinterfaces) StdoutLine: {'line': b'[ 65%] Built target my_robot_wallinterfaces__rosidl_typesupport_c\n'}
[11.944509] (-) TimerEvent: {}
[12.049828] (-) TimerEvent: {}
[12.151416] (-) TimerEvent: {}
[12.238294] (my_robot_wallinterfaces) StdoutLine: {'line': b'[ 76%] Built target my_robot_wallinterfaces__rosidl_typesupport_introspection_c\n'}
[12.251870] (-) TimerEvent: {}
[12.316570] (my-test-package) Command: {'cmd': ['/usr/bin/python3', '-W', 'ignore:setup.py install is deprecated', '-W', 'ignore:easy_install command is deprecated', 'setup.py', 'egg_info', '--egg-base', '../../../../../../../../build/my-test-package', 'build', '--build-base', '/home/ubuntu/ros2_ws/src/Greyform-linux/Python_Application/build/my-test-package/build', 'install', '--record', '/home/ubuntu/ros2_ws/src/Greyform-linux/Python_Application/build/my-test-package/install.log', '--single-version-externally-managed'], 'cwd': '/home/ubuntu/ros2_ws/src/Greyform-linux/Python_Application/env/lib/python3.10/site-packages/pkg_resources/tests/data/my-test-package-source', 'env': {'GJS_DEBUG_TOPICS': 'JS ERROR;JS LOG', 'LESSOPEN': '| /usr/bin/lesspipe %s', 'USER': 'ubuntu', 'LC_TIME': 'id_ID.UTF-8', 'FONTCONFIG_PATH': '/etc/fonts', 'GIO_MODULE_DIR': '/home/ubuntu/snap/code/common/.cache/gio-modules', 'XDG_SESSION_TYPE': 'x11', 'GIT_ASKPASS': '/snap/code/191/usr/share/code/resources/app/extensions/git/dist/askpass.sh', 'GTK_EXE_PREFIX_VSCODE_SNAP_ORIG': '', 'GDK_BACKEND_VSCODE_SNAP_ORIG': '', 'SHLVL': '1', 'LD_LIBRARY_PATH': '/opt/ros/humble/opt/rviz_ogre_vendor/lib:/opt/ros/humble/lib/x86_64-linux-gnu:/opt/ros/humble/lib', 'HOME': '/home/ubuntu', 'CHROME_DESKTOP': 'code.desktop', 'LOCPATH_VSCODE_SNAP_ORIG': '', 'TERM_PROGRAM_VERSION': '1.99.3', 'DESKTOP_SESSION': 'ubuntu-xorg', 'GTK_PATH': '/snap/code/191/usr/lib/x86_64-linux-gnu/gtk-3.0', 'XDG_DATA_HOME_VSCODE_SNAP_ORIG': '', 'GTK_IM_MODULE_FILE': '/home/ubuntu/snap/code/common/.cache/immodules/immodules.cache', 'GIO_LAUNCHED_DESKTOP_FILE': '/var/lib/snapd/desktop/applications/code_code.desktop', 'ROS_PYTHON_VERSION': '3', 'GNOME_SHELL_SESSION_MODE': 'ubuntu', 'GTK_MODULES': 'gail:atk-bridge', 'GSETTINGS_SCHEMA_DIR_VSCODE_SNAP_ORIG': '', 'VSCODE_GIT_ASKPASS_MAIN': '/snap/code/191/usr/share/code/resources/app/extensions/git/dist/askpass-main.js', 'LC_MONETARY': 'id_ID.UTF-8', 'VSCODE_GIT_ASKPASS_NODE': '/snap/code/191/usr/share/code/code', 'MANAGERPID': '1780', 'PYDEVD_DISABLE_FILE_VALIDATION': '1', 'SYSTEMD_EXEC_PID': '3491', 'BUNDLED_DEBUGPY_PATH': '/home/ubuntu/.vscode/extensions/ms-python.debugpy-2025.8.0-linux-x64/bundled/libs/debugpy', 'DBUS_SESSION_BUS_ADDRESS': 'unix:path=/run/user/1000/bus', 'COLORTERM': 'truecolor', 'GIO_LAUNCHED_DESKTOP_FILE_PID': '4442', 'IM_CONFIG_PHASE': '1', 'ROS_DISTRO': 'humble', 'GTK_IM_MODULE': 'ibus', 'LOGNAME': 'ubuntu', 'JOURNAL_STREAM': '8:41048', '_': '/usr/bin/colcon', 'ROS_VERSION': '2', 'XDG_CONFIG_DIRS_VSCODE_SNAP_ORIG': '/etc/xdg/xdg-ubuntu-xorg:/etc/xdg', 'XDG_SESSION_CLASS': 'user', 'XDG_DATA_DIRS_VSCODE_SNAP_ORIG': '/usr/share/ubuntu-xorg:/usr/share/gnome:/home/ubuntu/.local/share/flatpak/exports/share:/var/lib/flatpak/exports/share:/usr/local/share/:/usr/share/:/var/lib/snapd/desktop', 'USERNAME': 'ubuntu', 'TERM': 'xterm-256color', 'GNOME_DESKTOP_SESSION_ID': 'this-is-deprecated', 'ROS_LOCALHOST_ONLY': '0', 'WINDOWPATH': '2', 'PATH': '/home/ubuntu/.local/bin:/opt/ros/humble/bin:/home/ubuntu/.local/bin:/usr/local/sbin:/usr/local/bin:/usr/sbin:/usr/bin:/sbin:/bin:/usr/games:/usr/local/games:/snap/bin:/snap/bin:/home/ubuntu/.vscode/extensions/ms-python.debugpy-2025.8.0-linux-x64/bundled/scripts/noConfigScripts', 'SESSION_MANAGER': 'local/ubuntu-virtual-machine:@/tmp/.ICE-unix/3468,unix/ubuntu-virtual-machine:/tmp/.ICE-unix/3468', 'GTK_EXE_PREFIX': '/snap/code/191/usr', 'INVOCATION_ID': 'ae9cc4d3b1e04894a650cf2563eb3ab7', 'XDG_MENU_PREFIX': 'gnome-', 'LC_ADDRESS': 'id_ID.UTF-8', 'BAMF_DESKTOP_FILE_HINT': '/var/lib/snapd/desktop/applications/code_code.desktop', 'XDG_RUNTIME_DIR': '/run/user/1000', 'GDK_BACKEND': 'x11', 'DISPLAY': ':0', 'LOCPATH': '/snap/code/191/usr/lib/locale', 'VSCODE_DEBUGPY_ADAPTER_ENDPOINTS': '/home/ubuntu/.vscode/extensions/ms-python.debugpy-2025.8.0-linux-x64/.noConfigDebugAdapterEndpoints/endpoint-5c4e4c73dc4993ee.txt', 'LANG': 'en_US.UTF-8', 'XDG_CURRENT_DESKTOP': 'Unity', 'LC_TELEPHONE': 'id_ID.UTF-8', 'GIO_MODULE_DIR_VSCODE_SNAP_ORIG': '', 'XDG_DATA_HOME': '/home/ubuntu/snap/code/191/.local/share', 'XMODIFIERS': '@im=ibus', 'XDG_SESSION_DESKTOP': 'ubuntu-xorg', 'XAUTHORITY': '/run/user/1000/gdm/Xauthority', 'LS_COLORS': 'rs=0:di=01;34:ln=01;36:mh=00:pi=40;33:so=01;35:do=01;35:bd=40;33;01:cd=40;33;01:or=40;31;01:mi=00:su=37;41:sg=30;43:ca=30;41:tw=30;42:ow=34;42:st=37;44:ex=01;32:*.tar=01;31:*.tgz=01;31:*.arc=01;31:*.arj=01;31:*.taz=01;31:*.lha=01;31:*.lz4=01;31:*.lzh=01;31:*.lzma=01;31:*.tlz=01;31:*.txz=01;31:*.tzo=01;31:*.t7z=01;31:*.zip=01;31:*.z=01;31:*.dz=01;31:*.gz=01;31:*.lrz=01;31:*.lz=01;31:*.lzo=01;31:*.xz=01;31:*.zst=01;31:*.tzst=01;31:*.bz2=01;31:*.bz=01;31:*.tbz=01;31:*.tbz2=01;31:*.tz=01;31:*.deb=01;31:*.rpm=01;31:*.jar=01;31:*.war=01;31:*.ear=01;31:*.sar=01;31:*.rar=01;31:*.alz=01;31:*.ace=01;31:*.zoo=01;31:*.cpio=01;31:*.7z=01;31:*.rz=01;31:*.cab=01;31:*.wim=01;31:*.swm=01;31:*.dwm=01;31:*.esd=01;31:*.jpg=01;35:*.jpeg=01;35:*.mjpg=01;35:*.mjpeg=01;35:*.gif=01;35:*.bmp=01;35:*.pbm=01;35:*.pgm=01;35:*.ppm=01;35:*.tga=01;35:*.xbm=01;35:*.xpm=01;35:*.tif=01;35:*.tiff=01;35:*.png=01;35:*.svg=01;35:*.svgz=01;35:*.mng=01;35:*.pcx=01;35:*.mov=01;35:*.mpg=01;35:*.mpeg=01;35:*.m2v=01;35:*.mkv=01;35:*.webm=01;35:*.webp=01;35:*.ogm=01;35:*.mp4=01;35:*.m4v=01;35:*.mp4v=01;35:*.vob=01;35:*.qt=01;35:*.nuv=01;35:*.wmv=01;35:*.asf=01;35:*.rm=01;35:*.rmvb=01;35:*.flc=01;35:*.avi=01;35:*.fli=01;35:*.flv=01;35:*.gl=01;35:*.dl=01;35:*.xcf=01;35:*.xwd=01;35:*.yuv=01;35:*.cgm=01;35:*.emf=01;35:*.ogv=01;35:*.ogx=01;35:*.aac=00;36:*.au=00;36:*.flac=00;36:*.m4a=00;36:*.mid=00;36:*.midi=00;36:*.mka=00;36:*.mp3=00;36:*.mpc=00;36:*.ogg=00;36:*.ra=00;36:*.wav=00;36:*.oga=00;36:*.opus=00;36:*.spx=00;36:*.xspf=00;36:', 'VSCODE_GIT_IPC_HANDLE': '/run/user/1000/vscode-git-93ae0fd6cc.sock', 'TERM_PROGRAM': 'vscode', 'SSH_AGENT_LAUNCHER': 'gnome-keyring', 'SSH_AUTH_SOCK': '/run/user/1000/keyring/ssh', 'GSETTINGS_SCHEMA_DIR': '/home/ubuntu/snap/code/191/.local/share/glib-2.0/schemas', 'AMENT_PREFIX_PATH': '/opt/ros/humble', 'ORIGINAL_XDG_CURRENT_DESKTOP': 'Unity', 'SHELL': '/bin/bash', 'LC_NAME': 'id_ID.UTF-8', 'QT_ACCESSIBILITY': '1', 'GDMSESSION': 'ubuntu-xorg', 'LESSCLOSE': '/usr/bin/lesspipe %s %s', 'GTK_PATH_VSCODE_SNAP_ORIG': '', 'FONTCONFIG_FILE': '/etc/fonts/fonts.conf', 'GTK_IM_MODULE_FILE_VSCODE_SNAP_ORIG': '', 'LC_MEASUREMENT': 'id_ID.UTF-8', 'GPG_AGENT_INFO': '/run/user/1000/gnupg/S.gpg-agent:0:1', 'GJS_DEBUG_OUTPUT': 'stderr', 'LC_IDENTIFICATION': 'id_ID.UTF-8', 'VSCODE_GIT_ASKPASS_EXTRA_ARGS': '', 'QT_IM_MODULE': 'ibus', 'PWD': '/home/ubuntu/ros2_ws/src/Greyform-linux/Python_Application/build/my-test-package', 'QT_QPA_PLATFORM': 'xcb', 'LC_ALL': 'en_US.UTF-8', 'XDG_CONFIG_DIRS': '/etc/xdg/xdg-ubuntu-xorg:/etc/xdg', 'XDG_DATA_DIRS': '/home/ubuntu/snap/code/191/.local/share/flatpak/exports/share:/home/ubuntu/snap/code/191/.local/share:/home/ubuntu/snap/code/191:/snap/code/191/usr/share:/usr/share/ubuntu-xorg:/usr/share/gnome:/home/ubuntu/.local/share/flatpak/exports/share:/var/lib/flatpak/exports/share:/usr/local/share/:/usr/share/:/var/lib/snapd/desktop', 'PYTHONPATH': '/home/ubuntu/ros2_ws/src/Greyform-linux/Python_Application/build/my-test-package/prefix_override:/usr/lib/python3/dist-packages/colcon_core/task/python/colcon_distutils_commands:/home/ubuntu/ros2_ws/src/Greyform-linux/Python_Application/install/my-test-package/lib/python3.10/site-packages:/opt/ros/humble/lib/python3.10/site-packages:/opt/ros/humble/local/lib/python3.10/dist-packages', 'LC_NUMERIC': 'id_ID.UTF-8', 'LC_PAPER': 'id_ID.UTF-8', 'COLCON': '1'}, 'shell': False}
[12.355458] (-) TimerEvent: {}
[12.403941] (my_robot_wallinterfaces) StdoutLine: {'line': b'[ 76%] Built target my_robot_wallinterfaces\n'}
[12.455759] (-) TimerEvent: {}
[12.560816] (-) TimerEvent: {}
[12.661420] (-) TimerEvent: {}
[12.789136] (-) TimerEvent: {}
[12.819542] (my_robot_wallinterfaces) StdoutLine: {'line': b'[ 78%] Built target my_robot_wallinterfaces__py\n'}
[12.890145] (-) TimerEvent: {}
[12.990755] (-) TimerEvent: {}
[13.095163] (-) TimerEvent: {}
[13.148186] (my_robot_wallinterfaces) StdoutLine: {'line': b'[ 87%] Built target my_robot_wallinterfaces__rosidl_generator_py\n'}
[13.197158] (-) TimerEvent: {}
[13.300894] (-) TimerEvent: {}
[13.401597] (-) TimerEvent: {}
[13.503484] (-) TimerEvent: {}
[13.533876] (my_robot_wallinterfaces) StdoutLine: {'line': b'[ 91%] Built target my_robot_wallinterfaces__rosidl_typesupport_fastrtps_c__pyext\n'}
[13.603467] (-) TimerEvent: {}
[13.708529] (-) TimerEvent: {}
[13.819280] (-) TimerEvent: {}
[13.842307] (my_robot_wallinterfaces) StdoutLine: {'line': b'[ 95%] Built target my_robot_wallinterfaces__rosidl_typesupport_c__pyext\n'}
[13.926977] (-) TimerEvent: {}
[14.027623] (-) TimerEvent: {}
[14.119586] (my_robot_wallinterfaces) StdoutLine: {'line': b'[100%] Built target my_robot_wallinterfaces__rosidl_typesupport_introspection_c__pyext\n'}
[14.128665] (-) TimerEvent: {}
[14.233547] (-) TimerEvent: {}
[14.243920] (my_robot_wallinterfaces) CommandEnded: {'returncode': 0}
[14.257897] (my_robot_wallinterfaces) JobProgress: {'identifier': 'my_robot_wallinterfaces', 'progress': 'install'}
[14.258714] (my_robot_wallinterfaces) Command: {'cmd': ['/usr/bin/cmake', '--install', '/home/ubuntu/ros2_ws/src/Greyform-linux/Python_Application/build/my_robot_wallinterfaces'], 'cwd': '/home/ubuntu/ros2_ws/src/Greyform-linux/Python_Application/build/my_robot_wallinterfaces', 'env': OrderedDict([('GJS_DEBUG_TOPICS', 'JS ERROR;JS LOG'), ('LESSOPEN', '| /usr/bin/lesspipe %s'), ('USER', 'ubuntu'), ('LC_TIME', 'id_ID.UTF-8'), ('FONTCONFIG_PATH', '/etc/fonts'), ('GIO_MODULE_DIR', '/home/ubuntu/snap/code/common/.cache/gio-modules'), ('XDG_SESSION_TYPE', 'x11'), ('GIT_ASKPASS', '/snap/code/191/usr/share/code/resources/app/extensions/git/dist/askpass.sh'), ('GTK_EXE_PREFIX_VSCODE_SNAP_ORIG', ''), ('GDK_BACKEND_VSCODE_SNAP_ORIG', ''), ('SHLVL', '1'), ('LD_LIBRARY_PATH', '/opt/ros/humble/opt/rviz_ogre_vendor/lib:/opt/ros/humble/lib/x86_64-linux-gnu:/opt/ros/humble/lib'), ('HOME', '/home/ubuntu'), ('CHROME_DESKTOP', 'code.desktop'), ('LOCPATH_VSCODE_SNAP_ORIG', ''), ('TERM_PROGRAM_VERSION', '1.99.3'), ('DESKTOP_SESSION', 'ubuntu-xorg'), ('GTK_PATH', '/snap/code/191/usr/lib/x86_64-linux-gnu/gtk-3.0'), ('XDG_DATA_HOME_VSCODE_SNAP_ORIG', ''), ('GTK_IM_MODULE_FILE', '/home/ubuntu/snap/code/common/.cache/immodules/immodules.cache'), ('GIO_LAUNCHED_DESKTOP_FILE', '/var/lib/snapd/desktop/applications/code_code.desktop'), ('ROS_PYTHON_VERSION', '3'), ('GNOME_SHELL_SESSION_MODE', 'ubuntu'), ('GTK_MODULES', 'gail:atk-bridge'), ('GSETTINGS_SCHEMA_DIR_VSCODE_SNAP_ORIG', ''), ('VSCODE_GIT_ASKPASS_MAIN', '/snap/code/191/usr/share/code/resources/app/extensions/git/dist/askpass-main.js'), ('LC_MONETARY', 'id_ID.UTF-8'), ('VSCODE_GIT_ASKPASS_NODE', '/snap/code/191/usr/share/code/code'), ('MANAGERPID', '1780'), ('PYDEVD_DISABLE_FILE_VALIDATION', '1'), ('SYSTEMD_EXEC_PID', '3491'), ('BUNDLED_DEBUGPY_PATH', '/home/ubuntu/.vscode/extensions/ms-python.debugpy-2025.8.0-linux-x64/bundled/libs/debugpy'), ('DBUS_SESSION_BUS_ADDRESS', 'unix:path=/run/user/1000/bus'), ('COLORTERM', 'truecolor'), ('GIO_LAUNCHED_DESKTOP_FILE_PID', '4442'), ('IM_CONFIG_PHASE', '1'), ('ROS_DISTRO', 'humble'), ('GTK_IM_MODULE', 'ibus'), ('LOGNAME', 'ubuntu'), ('JOURNAL_STREAM', '8:41048'), ('_', '/usr/bin/colcon'), ('ROS_VERSION', '2'), ('XDG_CONFIG_DIRS_VSCODE_SNAP_ORIG', '/etc/xdg/xdg-ubuntu-xorg:/etc/xdg'), ('XDG_SESSION_CLASS', 'user'), ('XDG_DATA_DIRS_VSCODE_SNAP_ORIG', '/usr/share/ubuntu-xorg:/usr/share/gnome:/home/ubuntu/.local/share/flatpak/exports/share:/var/lib/flatpak/exports/share:/usr/local/share/:/usr/share/:/var/lib/snapd/desktop'), ('USERNAME', 'ubuntu'), ('TERM', 'xterm-256color'), ('GNOME_DESKTOP_SESSION_ID', 'this-is-deprecated'), ('ROS_LOCALHOST_ONLY', '0'), ('WINDOWPATH', '2'), ('PATH', '/home/ubuntu/.local/bin:/opt/ros/humble/bin:/home/ubuntu/.local/bin:/usr/local/sbin:/usr/local/bin:/usr/sbin:/usr/bin:/sbin:/bin:/usr/games:/usr/local/games:/snap/bin:/snap/bin:/home/ubuntu/.vscode/extensions/ms-python.debugpy-2025.8.0-linux-x64/bundled/scripts/noConfigScripts'), ('SESSION_MANAGER', 'local/ubuntu-virtual-machine:@/tmp/.ICE-unix/3468,unix/ubuntu-virtual-machine:/tmp/.ICE-unix/3468'), ('GTK_EXE_PREFIX', '/snap/code/191/usr'), ('INVOCATION_ID', 'ae9cc4d3b1e04894a650cf2563eb3ab7'), ('XDG_MENU_PREFIX', 'gnome-'), ('LC_ADDRESS', 'id_ID.UTF-8'), ('BAMF_DESKTOP_FILE_HINT', '/var/lib/snapd/desktop/applications/code_code.desktop'), ('XDG_RUNTIME_DIR', '/run/user/1000'), ('GDK_BACKEND', 'x11'), ('DISPLAY', ':0'), ('LOCPATH', '/snap/code/191/usr/lib/locale'), ('VSCODE_DEBUGPY_ADAPTER_ENDPOINTS', '/home/ubuntu/.vscode/extensions/ms-python.debugpy-2025.8.0-linux-x64/.noConfigDebugAdapterEndpoints/endpoint-5c4e4c73dc4993ee.txt'), ('LANG', 'en_US.UTF-8'), ('XDG_CURRENT_DESKTOP', 'Unity'), ('LC_TELEPHONE', 'id_ID.UTF-8'), ('GIO_MODULE_DIR_VSCODE_SNAP_ORIG', ''), ('XDG_DATA_HOME', '/home/ubuntu/snap/code/191/.local/share'), ('XMODIFIERS', '@im=ibus'), ('XDG_SESSION_DESKTOP', 'ubuntu-xorg'), ('XAUTHORITY', '/run/user/1000/gdm/Xauthority'), ('LS_COLORS', 'rs=0:di=01;34:ln=01;36:mh=00:pi=40;33:so=01;35:do=01;35:bd=40;33;01:cd=40;33;01:or=40;31;01:mi=00:su=37;41:sg=30;43:ca=30;41:tw=30;42:ow=34;42:st=37;44:ex=01;32:*.tar=01;31:*.tgz=01;31:*.arc=01;31:*.arj=01;31:*.taz=01;31:*.lha=01;31:*.lz4=01;31:*.lzh=01;31:*.lzma=01;31:*.tlz=01;31:*.txz=01;31:*.tzo=01;31:*.t7z=01;31:*.zip=01;31:*.z=01;31:*.dz=01;31:*.gz=01;31:*.lrz=01;31:*.lz=01;31:*.lzo=01;31:*.xz=01;31:*.zst=01;31:*.tzst=01;31:*.bz2=01;31:*.bz=01;31:*.tbz=01;31:*.tbz2=01;31:*.tz=01;31:*.deb=01;31:*.rpm=01;31:*.jar=01;31:*.war=01;31:*.ear=01;31:*.sar=01;31:*.rar=01;31:*.alz=01;31:*.ace=01;31:*.zoo=01;31:*.cpio=01;31:*.7z=01;31:*.rz=01;31:*.cab=01;31:*.wim=01;31:*.swm=01;31:*.dwm=01;31:*.esd=01;31:*.jpg=01;35:*.jpeg=01;35:*.mjpg=01;35:*.mjpeg=01;35:*.gif=01;35:*.bmp=01;35:*.pbm=01;35:*.pgm=01;35:*.ppm=01;35:*.tga=01;35:*.xbm=01;35:*.xpm=01;35:*.tif=01;35:*.tiff=01;35:*.png=01;35:*.svg=01;35:*.svgz=01;35:*.mng=01;35:*.pcx=01;35:*.mov=01;35:*.mpg=01;35:*.mpeg=01;35:*.m2v=01;35:*.mkv=01;35:*.webm=01;35:*.webp=01;35:*.ogm=01;35:*.mp4=01;35:*.m4v=01;35:*.mp4v=01;35:*.vob=01;35:*.qt=01;35:*.nuv=01;35:*.wmv=01;35:*.asf=01;35:*.rm=01;35:*.rmvb=01;35:*.flc=01;35:*.avi=01;35:*.fli=01;35:*.flv=01;35:*.gl=01;35:*.dl=01;35:*.xcf=01;35:*.xwd=01;35:*.yuv=01;35:*.cgm=01;35:*.emf=01;35:*.ogv=01;35:*.ogx=01;35:*.aac=00;36:*.au=00;36:*.flac=00;36:*.m4a=00;36:*.mid=00;36:*.midi=00;36:*.mka=00;36:*.mp3=00;36:*.mpc=00;36:*.ogg=00;36:*.ra=00;36:*.wav=00;36:*.oga=00;36:*.opus=00;36:*.spx=00;36:*.xspf=00;36:'), ('VSCODE_GIT_IPC_HANDLE', '/run/user/1000/vscode-git-93ae0fd6cc.sock'), ('TERM_PROGRAM', 'vscode'), ('SSH_AGENT_LAUNCHER', 'gnome-keyring'), ('SSH_AUTH_SOCK', '/run/user/1000/keyring/ssh'), ('GSETTINGS_SCHEMA_DIR', '/home/ubuntu/snap/code/191/.local/share/glib-2.0/schemas'), ('AMENT_PREFIX_PATH', '/opt/ros/humble'), ('ORIGINAL_XDG_CURRENT_DESKTOP', 'Unity'), ('SHELL', '/bin/bash'), ('LC_NAME', 'id_ID.UTF-8'), ('QT_ACCESSIBILITY', '1'), ('GDMSESSION', 'ubuntu-xorg'), ('LESSCLOSE', '/usr/bin/lesspipe %s %s'), ('GTK_PATH_VSCODE_SNAP_ORIG', ''), ('FONTCONFIG_FILE', '/etc/fonts/fonts.conf'), ('GTK_IM_MODULE_FILE_VSCODE_SNAP_ORIG', ''), ('LC_MEASUREMENT', 'id_ID.UTF-8'), ('GPG_AGENT_INFO', '/run/user/1000/gnupg/S.gpg-agent:0:1'), ('GJS_DEBUG_OUTPUT', 'stderr'), ('LC_IDENTIFICATION', 'id_ID.UTF-8'), ('VSCODE_GIT_ASKPASS_EXTRA_ARGS', ''), ('QT_IM_MODULE', 'ibus'), ('PWD', '/home/ubuntu/ros2_ws/src/Greyform-linux/Python_Application/build/my_robot_wallinterfaces'), ('QT_QPA_PLATFORM', 'xcb'), ('LC_ALL', 'en_US.UTF-8'), ('XDG_CONFIG_DIRS', '/etc/xdg/xdg-ubuntu-xorg:/etc/xdg'), ('XDG_DATA_DIRS', '/home/ubuntu/snap/code/191/.local/share/flatpak/exports/share:/home/ubuntu/snap/code/191/.local/share:/home/ubuntu/snap/code/191:/snap/code/191/usr/share:/usr/share/ubuntu-xorg:/usr/share/gnome:/home/ubuntu/.local/share/flatpak/exports/share:/var/lib/flatpak/exports/share:/usr/local/share/:/usr/share/:/var/lib/snapd/desktop'), ('PYTHONPATH', '/opt/ros/humble/lib/python3.10/site-packages:/opt/ros/humble/local/lib/python3.10/dist-packages'), ('LC_NUMERIC', 'id_ID.UTF-8'), ('LC_PAPER', 'id_ID.UTF-8'), ('COLCON', '1'), ('CMAKE_PREFIX_PATH', '/opt/ros/humble')]), 'shell': False}
[14.303035] (my_robot_wallinterfaces) StdoutLine: {'line': b'-- Install configuration: ""\n'}
[14.306201] (my_robot_wallinterfaces) StdoutLine: {'line': b'-- Up-to-date: /home/ubuntu/ros2_ws/src/Greyform-linux/Python_Application/install/my_robot_wallinterfaces/share/ament_index/resource_index/rosidl_interfaces/my_robot_wallinterfaces\n'}
[14.307035] (my_robot_wallinterfaces) StdoutLine: {'line': b'-- Up-to-date: /home/ubuntu/ros2_ws/src/Greyform-linux/Python_Application/install/my_robot_wallinterfaces/include/my_robot_wallinterfaces/my_robot_wallinterfaces\n'}
[14.307362] (my_robot_wallinterfaces) StdoutLine: {'line': b'-- Up-to-date: /home/ubuntu/ros2_ws/src/Greyform-linux/Python_Application/install/my_robot_wallinterfaces/include/my_robot_wallinterfaces/my_robot_wallinterfaces/srv\n'}
[14.308087] (my_robot_wallinterfaces) StdoutLine: {'line': b'-- Up-to-date: /home/ubuntu/ros2_ws/src/Greyform-linux/Python_Application/install/my_robot_wallinterfaces/include/my_robot_wallinterfaces/my_robot_wallinterfaces/srv/detail\n'}
[14.308636] (my_robot_wallinterfaces) StdoutLine: {'line': b'-- Up-to-date: /home/ubuntu/ros2_ws/src/Greyform-linux/Python_Application/install/my_robot_wallinterfaces/include/my_robot_wallinterfaces/my_robot_wallinterfaces/srv/detail/set_led__type_support.h\n'}
[14.309001] (my_robot_wallinterfaces) StdoutLine: {'line': b'-- Up-to-date: /home/ubuntu/ros2_ws/src/Greyform-linux/Python_Application/install/my_robot_wallinterfaces/include/my_robot_wallinterfaces/my_robot_wallinterfaces/srv/detail/set_led__struct.h\n'}
[14.309277] (my_robot_wallinterfaces) StdoutLine: {'line': b'-- Up-to-date: /home/ubuntu/ros2_ws/src/Greyform-linux/Python_Application/install/my_robot_wallinterfaces/include/my_robot_wallinterfaces/my_robot_wallinterfaces/srv/detail/set_led__functions.c\n'}
[14.309500] (my_robot_wallinterfaces) StdoutLine: {'line': b'-- Up-to-date: /home/ubuntu/ros2_ws/src/Greyform-linux/Python_Application/install/my_robot_wallinterfaces/include/my_robot_wallinterfaces/my_robot_wallinterfaces/srv/detail/set_led__functions.h\n'}
[14.310358] (my_robot_wallinterfaces) StdoutLine: {'line': b'-- Up-to-date: /home/ubuntu/ros2_ws/src/Greyform-linux/Python_Application/install/my_robot_wallinterfaces/include/my_robot_wallinterfaces/my_robot_wallinterfaces/srv/set_led.h\n'}
[14.311896] (my_robot_wallinterfaces) StdoutLine: {'line': b'-- Up-to-date: /home/ubuntu/ros2_ws/src/Greyform-linux/Python_Application/install/my_robot_wallinterfaces/include/my_robot_wallinterfaces/my_robot_wallinterfaces/msg\n'}
[14.312733] (my_robot_wallinterfaces) StdoutLine: {'line': b'-- Up-to-date: /home/ubuntu/ros2_ws/src/Greyform-linux/Python_Application/install/my_robot_wallinterfaces/include/my_robot_wallinterfaces/my_robot_wallinterfaces/msg/detail\n'}
[14.313292] (my_robot_wallinterfaces) StdoutLine: {'line': b'-- Up-to-date: /home/ubuntu/ros2_ws/src/Greyform-linux/Python_Application/install/my_robot_wallinterfaces/include/my_robot_wallinterfaces/my_robot_wallinterfaces/msg/detail/file_extraction_message__functions.h\n'}
[14.315381] (my_robot_wallinterfaces) StdoutLine: {'line': b'-- Up-to-date: /home/ubuntu/ros2_ws/src/Greyform-linux/Python_Application/install/my_robot_wallinterfaces/include/my_robot_wallinterfaces/my_robot_wallinterfaces/msg/detail/file_extraction_message__type_support.h\n'}
[14.316085] (my_robot_wallinterfaces) StdoutLine: {'line': b'-- Up-to-date: /home/ubuntu/ros2_ws/src/Greyform-linux/Python_Application/install/my_robot_wallinterfaces/include/my_robot_wallinterfaces/my_robot_wallinterfaces/msg/detail/selection_wall__struct.h\n'}
[14.317992] (my_robot_wallinterfaces) StdoutLine: {'line': b'-- Up-to-date: /home/ubuntu/ros2_ws/src/Greyform-linux/Python_Application/install/my_robot_wallinterfaces/include/my_robot_wallinterfaces/my_robot_wallinterfaces/msg/detail/selection_wall__functions.c\n'}
[14.320686] (my_robot_wallinterfaces) StdoutLine: {'line': b'-- Up-to-date: /home/ubuntu/ros2_ws/src/Greyform-linux/Python_Application/install/my_robot_wallinterfaces/include/my_robot_wallinterfaces/my_robot_wallinterfaces/msg/detail/selection_wall__functions.h\n'}
[14.321602] (my_robot_wallinterfaces) StdoutLine: {'line': b'-- Up-to-date: /home/ubuntu/ros2_ws/src/Greyform-linux/Python_Application/install/my_robot_wallinterfaces/include/my_robot_wallinterfaces/my_robot_wallinterfaces/msg/detail/selection_wall__type_support.h\n'}
[14.322469] (my_robot_wallinterfaces) StdoutLine: {'line': b'-- Up-to-date: /home/ubuntu/ros2_ws/src/Greyform-linux/Python_Application/install/my_robot_wallinterfaces/include/my_robot_wallinterfaces/my_robot_wallinterfaces/msg/detail/file_extraction_message__functions.c\n'}
[14.322795] (my_robot_wallinterfaces) StdoutLine: {'line': b'-- Up-to-date: /home/ubuntu/ros2_ws/src/Greyform-linux/Python_Application/install/my_robot_wallinterfaces/include/my_robot_wallinterfaces/my_robot_wallinterfaces/msg/detail/file_extraction_message__struct.h\n'}
[14.323085] (my_robot_wallinterfaces) StdoutLine: {'line': b'-- Up-to-date: /home/ubuntu/ros2_ws/src/Greyform-linux/Python_Application/install/my_robot_wallinterfaces/include/my_robot_wallinterfaces/my_robot_wallinterfaces/msg/file_extraction_message.h\n'}
[14.323586] (my_robot_wallinterfaces) StdoutLine: {'line': b'-- Up-to-date: /home/ubuntu/ros2_ws/src/Greyform-linux/Python_Application/install/my_robot_wallinterfaces/include/my_robot_wallinterfaces/my_robot_wallinterfaces/msg/rosidl_generator_c__visibility_control.h\n'}
[14.324595] (my_robot_wallinterfaces) StdoutLine: {'line': b'-- Up-to-date: /home/ubuntu/ros2_ws/src/Greyform-linux/Python_Application/install/my_robot_wallinterfaces/include/my_robot_wallinterfaces/my_robot_wallinterfaces/msg/selection_wall.h\n'}
[14.325275] (my_robot_wallinterfaces) StdoutLine: {'line': b'-- Up-to-date: /home/ubuntu/ros2_ws/src/Greyform-linux/Python_Application/install/my_robot_wallinterfaces/share/my_robot_wallinterfaces/environment/library_path.sh\n'}
[14.325832] (my_robot_wallinterfaces) StdoutLine: {'line': b'-- Up-to-date: /home/ubuntu/ros2_ws/src/Greyform-linux/Python_Application/install/my_robot_wallinterfaces/share/my_robot_wallinterfaces/environment/library_path.dsv\n'}
[14.326169] (my_robot_wallinterfaces) StdoutLine: {'line': b'-- Up-to-date: /home/ubuntu/ros2_ws/src/Greyform-linux/Python_Application/install/my_robot_wallinterfaces/lib/libmy_robot_wallinterfaces__rosidl_generator_c.so\n'}
[14.326498] (my_robot_wallinterfaces) StdoutLine: {'line': b'-- Up-to-date: /home/ubuntu/ros2_ws/src/Greyform-linux/Python_Application/install/my_robot_wallinterfaces/include/my_robot_wallinterfaces/my_robot_wallinterfaces\n'}
[14.327213] (my_robot_wallinterfaces) StdoutLine: {'line': b'-- Up-to-date: /home/ubuntu/ros2_ws/src/Greyform-linux/Python_Application/install/my_robot_wallinterfaces/include/my_robot_wallinterfaces/my_robot_wallinterfaces/srv\n'}
[14.327946] (my_robot_wallinterfaces) StdoutLine: {'line': b'-- Up-to-date: /home/ubuntu/ros2_ws/src/Greyform-linux/Python_Application/install/my_robot_wallinterfaces/include/my_robot_wallinterfaces/my_robot_wallinterfaces/srv/detail\n'}
[14.328284] (my_robot_wallinterfaces) StdoutLine: {'line': b'-- Up-to-date: /home/ubuntu/ros2_ws/src/Greyform-linux/Python_Application/install/my_robot_wallinterfaces/include/my_robot_wallinterfaces/my_robot_wallinterfaces/srv/detail/set_led__rosidl_typesupport_fastrtps_c.h\n'}
[14.328658] (my_robot_wallinterfaces) StdoutLine: {'line': b'-- Up-to-date: /home/ubuntu/ros2_ws/src/Greyform-linux/Python_Application/install/my_robot_wallinterfaces/include/my_robot_wallinterfaces/my_robot_wallinterfaces/msg\n'}
[14.329288] (my_robot_wallinterfaces) StdoutLine: {'line': b'-- Up-to-date: /home/ubuntu/ros2_ws/src/Greyform-linux/Python_Application/install/my_robot_wallinterfaces/include/my_robot_wallinterfaces/my_robot_wallinterfaces/msg/detail\n'}
[14.329798] (my_robot_wallinterfaces) StdoutLine: {'line': b'-- Up-to-date: /home/ubuntu/ros2_ws/src/Greyform-linux/Python_Application/install/my_robot_wallinterfaces/include/my_robot_wallinterfaces/my_robot_wallinterfaces/msg/detail/file_extraction_message__rosidl_typesupport_fastrtps_c.h\n'}
[14.330127] (my_robot_wallinterfaces) StdoutLine: {'line': b'-- Up-to-date: /home/ubuntu/ros2_ws/src/Greyform-linux/Python_Application/install/my_robot_wallinterfaces/include/my_robot_wallinterfaces/my_robot_wallinterfaces/msg/detail/selection_wall__rosidl_typesupport_fastrtps_c.h\n'}
[14.330394] (my_robot_wallinterfaces) StdoutLine: {'line': b'-- Up-to-date: /home/ubuntu/ros2_ws/src/Greyform-linux/Python_Application/install/my_robot_wallinterfaces/include/my_robot_wallinterfaces/my_robot_wallinterfaces/msg/rosidl_typesupport_fastrtps_c__visibility_control.h\n'}
[14.330717] (my_robot_wallinterfaces) StdoutLine: {'line': b'-- Up-to-date: /home/ubuntu/ros2_ws/src/Greyform-linux/Python_Application/install/my_robot_wallinterfaces/lib/libmy_robot_wallinterfaces__rosidl_typesupport_fastrtps_c.so\n'}
[14.331455] (my_robot_wallinterfaces) StdoutLine: {'line': b'-- Up-to-date: /home/ubuntu/ros2_ws/src/Greyform-linux/Python_Application/install/my_robot_wallinterfaces/include/my_robot_wallinterfaces/my_robot_wallinterfaces\n'}
[14.333437] (my_robot_wallinterfaces) StdoutLine: {'line': b'-- Up-to-date: /home/ubuntu/ros2_ws/src/Greyform-linux/Python_Application/install/my_robot_wallinterfaces/include/my_robot_wallinterfaces/my_robot_wallinterfaces/srv\n'}
[14.339406] (-) TimerEvent: {}
[14.340064] (my_robot_wallinterfaces) StdoutLine: {'line': b'-- Up-to-date: /home/ubuntu/ros2_ws/src/Greyform-linux/Python_Application/install/my_robot_wallinterfaces/include/my_robot_wallinterfaces/my_robot_wallinterfaces/srv/detail\n'}
[14.340491] (my_robot_wallinterfaces) StdoutLine: {'line': b'-- Up-to-date: /home/ubuntu/ros2_ws/src/Greyform-linux/Python_Application/install/my_robot_wallinterfaces/include/my_robot_wallinterfaces/my_robot_wallinterfaces/srv/detail/set_led__rosidl_typesupport_introspection_c.h\n'}
[14.341071] (my_robot_wallinterfaces) StdoutLine: {'line': b'-- Up-to-date: /home/ubuntu/ros2_ws/src/Greyform-linux/Python_Application/install/my_robot_wallinterfaces/include/my_robot_wallinterfaces/my_robot_wallinterfaces/srv/detail/set_led__type_support.c\n'}
[14.345941] (my_robot_wallinterfaces) StdoutLine: {'line': b'-- Up-to-date: /home/ubuntu/ros2_ws/src/Greyform-linux/Python_Application/install/my_robot_wallinterfaces/include/my_robot_wallinterfaces/my_robot_wallinterfaces/msg\n'}
[14.346241] (my_robot_wallinterfaces) StdoutLine: {'line': b'-- Up-to-date: /home/ubuntu/ros2_ws/src/Greyform-linux/Python_Application/install/my_robot_wallinterfaces/include/my_robot_wallinterfaces/my_robot_wallinterfaces/msg/detail\n'}
[14.346460] (my_robot_wallinterfaces) StdoutLine: {'line': b'-- Up-to-date: /home/ubuntu/ros2_ws/src/Greyform-linux/Python_Application/install/my_robot_wallinterfaces/include/my_robot_wallinterfaces/my_robot_wallinterfaces/msg/detail/file_extraction_message__rosidl_typesupport_introspection_c.h\n'}
[14.346706] (my_robot_wallinterfaces) StdoutLine: {'line': b'-- Up-to-date: /home/ubuntu/ros2_ws/src/Greyform-linux/Python_Application/install/my_robot_wallinterfaces/include/my_robot_wallinterfaces/my_robot_wallinterfaces/msg/detail/selection_wall__rosidl_typesupport_introspection_c.h\n'}
[14.347810] (my_robot_wallinterfaces) StdoutLine: {'line': b'-- Up-to-date: /home/ubuntu/ros2_ws/src/Greyform-linux/Python_Application/install/my_robot_wallinterfaces/include/my_robot_wallinterfaces/my_robot_wallinterfaces/msg/detail/file_extraction_message__type_support.c\n'}
[14.350084] (my_robot_wallinterfaces) StdoutLine: {'line': b'-- Up-to-date: /home/ubuntu/ros2_ws/src/Greyform-linux/Python_Application/install/my_robot_wallinterfaces/include/my_robot_wallinterfaces/my_robot_wallinterfaces/msg/detail/selection_wall__type_support.c\n'}
[14.350407] (my_robot_wallinterfaces) StdoutLine: {'line': b'-- Up-to-date: /home/ubuntu/ros2_ws/src/Greyform-linux/Python_Application/install/my_robot_wallinterfaces/include/my_robot_wallinterfaces/my_robot_wallinterfaces/msg/rosidl_typesupport_introspection_c__visibility_control.h\n'}
[14.350762] (my_robot_wallinterfaces) StdoutLine: {'line': b'-- Up-to-date: /home/ubuntu/ros2_ws/src/Greyform-linux/Python_Application/install/my_robot_wallinterfaces/lib/libmy_robot_wallinterfaces__rosidl_typesupport_introspection_c.so\n'}
[14.351069] (my_robot_wallinterfaces) StdoutLine: {'line': b'-- Up-to-date: /home/ubuntu/ros2_ws/src/Greyform-linux/Python_Application/install/my_robot_wallinterfaces/lib/libmy_robot_wallinterfaces__rosidl_typesupport_c.so\n'}
[14.353734] (my_robot_wallinterfaces) StdoutLine: {'line': b'-- Up-to-date: /home/ubuntu/ros2_ws/src/Greyform-linux/Python_Application/install/my_robot_wallinterfaces/include/my_robot_wallinterfaces/my_robot_wallinterfaces\n'}
[14.354034] (my_robot_wallinterfaces) StdoutLine: {'line': b'-- Up-to-date: /home/ubuntu/ros2_ws/src/Greyform-linux/Python_Application/install/my_robot_wallinterfaces/include/my_robot_wallinterfaces/my_robot_wallinterfaces/srv\n'}
[14.354398] (my_robot_wallinterfaces) StdoutLine: {'line': b'-- Up-to-date: /home/ubuntu/ros2_ws/src/Greyform-linux/Python_Application/install/my_robot_wallinterfaces/include/my_robot_wallinterfaces/my_robot_wallinterfaces/srv/detail\n'}
[14.354630] (my_robot_wallinterfaces) StdoutLine: {'line': b'-- Up-to-date: /home/ubuntu/ros2_ws/src/Greyform-linux/Python_Application/install/my_robot_wallinterfaces/include/my_robot_wallinterfaces/my_robot_wallinterfaces/srv/detail/set_led__builder.hpp\n'}
[14.354955] (my_robot_wallinterfaces) StdoutLine: {'line': b'-- Up-to-date: /home/ubuntu/ros2_ws/src/Greyform-linux/Python_Application/install/my_robot_wallinterfaces/include/my_robot_wallinterfaces/my_robot_wallinterfaces/srv/detail/set_led__struct.hpp\n'}
[14.356378] (my_robot_wallinterfaces) StdoutLine: {'line': b'-- Up-to-date: /home/ubuntu/ros2_ws/src/Greyform-linux/Python_Application/install/my_robot_wallinterfaces/include/my_robot_wallinterfaces/my_robot_wallinterfaces/srv/detail/set_led__type_support.hpp\n'}
[14.356853] (my_robot_wallinterfaces) StdoutLine: {'line': b'-- Up-to-date: /home/ubuntu/ros2_ws/src/Greyform-linux/Python_Application/install/my_robot_wallinterfaces/include/my_robot_wallinterfaces/my_robot_wallinterfaces/srv/detail/set_led__traits.hpp\n'}
[14.357134] (my_robot_wallinterfaces) StdoutLine: {'line': b'-- Up-to-date: /home/ubuntu/ros2_ws/src/Greyform-linux/Python_Application/install/my_robot_wallinterfaces/include/my_robot_wallinterfaces/my_robot_wallinterfaces/srv/set_led.hpp\n'}
[14.357361] (my_robot_wallinterfaces) StdoutLine: {'line': b'-- Up-to-date: /home/ubuntu/ros2_ws/src/Greyform-linux/Python_Application/install/my_robot_wallinterfaces/include/my_robot_wallinterfaces/my_robot_wallinterfaces/msg\n'}
[14.358123] (my_robot_wallinterfaces) StdoutLine: {'line': b'-- Up-to-date: /home/ubuntu/ros2_ws/src/Greyform-linux/Python_Application/install/my_robot_wallinterfaces/include/my_robot_wallinterfaces/my_robot_wallinterfaces/msg/rosidl_generator_cpp__visibility_control.hpp\n'}
[14.360971] (my_robot_wallinterfaces) StdoutLine: {'line': b'-- Up-to-date: /home/ubuntu/ros2_ws/src/Greyform-linux/Python_Application/install/my_robot_wallinterfaces/include/my_robot_wallinterfaces/my_robot_wallinterfaces/msg/file_extraction_message.hpp\n'}
[14.364891] (my_robot_wallinterfaces) StdoutLine: {'line': b'-- Up-to-date: /home/ubuntu/ros2_ws/src/Greyform-linux/Python_Application/install/my_robot_wallinterfaces/include/my_robot_wallinterfaces/my_robot_wallinterfaces/msg/detail\n'}
[14.367577] (my_robot_wallinterfaces) StdoutLine: {'line': b'-- Up-to-date: /home/ubuntu/ros2_ws/src/Greyform-linux/Python_Application/install/my_robot_wallinterfaces/include/my_robot_wallinterfaces/my_robot_wallinterfaces/msg/detail/selection_wall__builder.hpp\n'}
[14.368877] (my_robot_wallinterfaces) StdoutLine: {'line': b'-- Up-to-date: /home/ubuntu/ros2_ws/src/Greyform-linux/Python_Application/install/my_robot_wallinterfaces/include/my_robot_wallinterfaces/my_robot_wallinterfaces/msg/detail/file_extraction_message__struct.hpp\n'}
[14.369243] (my_robot_wallinterfaces) StdoutLine: {'line': b'-- Up-to-date: /home/ubuntu/ros2_ws/src/Greyform-linux/Python_Application/install/my_robot_wallinterfaces/include/my_robot_wallinterfaces/my_robot_wallinterfaces/msg/detail/selection_wall__struct.hpp\n'}
[14.369681] (my_robot_wallinterfaces) StdoutLine: {'line': b'-- Up-to-date: /home/ubuntu/ros2_ws/src/Greyform-linux/Python_Application/install/my_robot_wallinterfaces/include/my_robot_wallinterfaces/my_robot_wallinterfaces/msg/detail/file_extraction_message__traits.hpp\n'}
[14.371345] (my_robot_wallinterfaces) StdoutLine: {'line': b'-- Up-to-date: /home/ubuntu/ros2_ws/src/Greyform-linux/Python_Application/install/my_robot_wallinterfaces/include/my_robot_wallinterfaces/my_robot_wallinterfaces/msg/detail/file_extraction_message__builder.hpp\n'}
[14.372185] (my_robot_wallinterfaces) StdoutLine: {'line': b'-- Up-to-date: /home/ubuntu/ros2_ws/src/Greyform-linux/Python_Application/install/my_robot_wallinterfaces/include/my_robot_wallinterfaces/my_robot_wallinterfaces/msg/detail/file_extraction_message__type_support.hpp\n'}
[14.372506] (my_robot_wallinterfaces) StdoutLine: {'line': b'-- Up-to-date: /home/ubuntu/ros2_ws/src/Greyform-linux/Python_Application/install/my_robot_wallinterfaces/include/my_robot_wallinterfaces/my_robot_wallinterfaces/msg/detail/selection_wall__traits.hpp\n'}
[14.372826] (my_robot_wallinterfaces) StdoutLine: {'line': b'-- Up-to-date: /home/ubuntu/ros2_ws/src/Greyform-linux/Python_Application/install/my_robot_wallinterfaces/include/my_robot_wallinterfaces/my_robot_wallinterfaces/msg/detail/selection_wall__type_support.hpp\n'}
[14.373106] (my_robot_wallinterfaces) StdoutLine: {'line': b'-- Up-to-date: /home/ubuntu/ros2_ws/src/Greyform-linux/Python_Application/install/my_robot_wallinterfaces/include/my_robot_wallinterfaces/my_robot_wallinterfaces/msg/selection_wall.hpp\n'}
[14.375844] (my_robot_wallinterfaces) StdoutLine: {'line': b'-- Up-to-date: /home/ubuntu/ros2_ws/src/Greyform-linux/Python_Application/install/my_robot_wallinterfaces/include/my_robot_wallinterfaces/my_robot_wallinterfaces\n'}
[14.376518] (my_robot_wallinterfaces) StdoutLine: {'line': b'-- Up-to-date: /home/ubuntu/ros2_ws/src/Greyform-linux/Python_Application/install/my_robot_wallinterfaces/include/my_robot_wallinterfaces/my_robot_wallinterfaces/srv\n'}
[14.377050] (my_robot_wallinterfaces) StdoutLine: {'line': b'-- Up-to-date: /home/ubuntu/ros2_ws/src/Greyform-linux/Python_Application/install/my_robot_wallinterfaces/include/my_robot_wallinterfaces/my_robot_wallinterfaces/srv/detail\n'}
[14.378513] (my_robot_wallinterfaces) StdoutLine: {'line': b'-- Up-to-date: /home/ubuntu/ros2_ws/src/Greyform-linux/Python_Application/install/my_robot_wallinterfaces/include/my_robot_wallinterfaces/my_robot_wallinterfaces/srv/detail/dds_fastrtps\n'}
[14.378952] (my_robot_wallinterfaces) StdoutLine: {'line': b'-- Up-to-date: /home/ubuntu/ros2_ws/src/Greyform-linux/Python_Application/install/my_robot_wallinterfaces/include/my_robot_wallinterfaces/my_robot_wallinterfaces/srv/detail/set_led__rosidl_typesupport_fastrtps_cpp.hpp\n'}
[14.379269] (my_robot_wallinterfaces) StdoutLine: {'line': b'-- Up-to-date: /home/ubuntu/ros2_ws/src/Greyform-linux/Python_Application/install/my_robot_wallinterfaces/include/my_robot_wallinterfaces/my_robot_wallinterfaces/msg\n'}
[14.379535] (my_robot_wallinterfaces) StdoutLine: {'line': b'-- Up-to-date: /home/ubuntu/ros2_ws/src/Greyform-linux/Python_Application/install/my_robot_wallinterfaces/include/my_robot_wallinterfaces/my_robot_wallinterfaces/msg/detail\n'}
[14.380290] (my_robot_wallinterfaces) StdoutLine: {'line': b'-- Up-to-date: /home/ubuntu/ros2_ws/src/Greyform-linux/Python_Application/install/my_robot_wallinterfaces/include/my_robot_wallinterfaces/my_robot_wallinterfaces/msg/detail/file_extraction_message__rosidl_typesupport_fastrtps_cpp.hpp\n'}
[14.380807] (my_robot_wallinterfaces) StdoutLine: {'line': b'-- Up-to-date: /home/ubuntu/ros2_ws/src/Greyform-linux/Python_Application/install/my_robot_wallinterfaces/include/my_robot_wallinterfaces/my_robot_wallinterfaces/msg/detail/dds_fastrtps\n'}
[14.381122] (my_robot_wallinterfaces) StdoutLine: {'line': b'-- Up-to-date: /home/ubuntu/ros2_ws/src/Greyform-linux/Python_Application/install/my_robot_wallinterfaces/include/my_robot_wallinterfaces/my_robot_wallinterfaces/msg/detail/selection_wall__rosidl_typesupport_fastrtps_cpp.hpp\n'}
[14.381407] (my_robot_wallinterfaces) StdoutLine: {'line': b'-- Up-to-date: /home/ubuntu/ros2_ws/src/Greyform-linux/Python_Application/install/my_robot_wallinterfaces/include/my_robot_wallinterfaces/my_robot_wallinterfaces/msg/rosidl_typesupport_fastrtps_cpp__visibility_control.h\n'}
[14.381651] (my_robot_wallinterfaces) StdoutLine: {'line': b'-- Up-to-date: /home/ubuntu/ros2_ws/src/Greyform-linux/Python_Application/install/my_robot_wallinterfaces/lib/libmy_robot_wallinterfaces__rosidl_typesupport_fastrtps_cpp.so\n'}
[14.382013] (my_robot_wallinterfaces) StdoutLine: {'line': b'-- Up-to-date: /home/ubuntu/ros2_ws/src/Greyform-linux/Python_Application/install/my_robot_wallinterfaces/include/my_robot_wallinterfaces/my_robot_wallinterfaces\n'}
[14.390178] (my_robot_wallinterfaces) StdoutLine: {'line': b'-- Up-to-date: /home/ubuntu/ros2_ws/src/Greyform-linux/Python_Application/install/my_robot_wallinterfaces/include/my_robot_wallinterfaces/my_robot_wallinterfaces/srv\n'}
[14.390454] (my_robot_wallinterfaces) StdoutLine: {'line': b'-- Up-to-date: /home/ubuntu/ros2_ws/src/Greyform-linux/Python_Application/install/my_robot_wallinterfaces/include/my_robot_wallinterfaces/my_robot_wallinterfaces/srv/detail\n'}
[14.390856] (my_robot_wallinterfaces) StdoutLine: {'line': b'-- Up-to-date: /home/ubuntu/ros2_ws/src/Greyform-linux/Python_Application/install/my_robot_wallinterfaces/include/my_robot_wallinterfaces/my_robot_wallinterfaces/srv/detail/set_led__type_support.cpp\n'}
[14.392767] (my_robot_wallinterfaces) StdoutLine: {'line': b'-- Up-to-date: /home/ubuntu/ros2_ws/src/Greyform-linux/Python_Application/install/my_robot_wallinterfaces/include/my_robot_wallinterfaces/my_robot_wallinterfaces/srv/detail/set_led__rosidl_typesupport_introspection_cpp.hpp\n'}
[14.393349] (my_robot_wallinterfaces) StdoutLine: {'line': b'-- Up-to-date: /home/ubuntu/ros2_ws/src/Greyform-linux/Python_Application/install/my_robot_wallinterfaces/include/my_robot_wallinterfaces/my_robot_wallinterfaces/msg\n'}
[14.393943] (my_robot_wallinterfaces) StdoutLine: {'line': b'-- Up-to-date: /home/ubuntu/ros2_ws/src/Greyform-linux/Python_Application/install/my_robot_wallinterfaces/include/my_robot_wallinterfaces/my_robot_wallinterfaces/msg/detail\n'}
[14.394597] (my_robot_wallinterfaces) StdoutLine: {'line': b'-- Up-to-date: /home/ubuntu/ros2_ws/src/Greyform-linux/Python_Application/install/my_robot_wallinterfaces/include/my_robot_wallinterfaces/my_robot_wallinterfaces/msg/detail/file_extraction_message__rosidl_typesupport_introspection_cpp.hpp\n'}
[14.396520] (my_robot_wallinterfaces) StdoutLine: {'line': b'-- Up-to-date: /home/ubuntu/ros2_ws/src/Greyform-linux/Python_Application/install/my_robot_wallinterfaces/include/my_robot_wallinterfaces/my_robot_wallinterfaces/msg/detail/file_extraction_message__type_support.cpp\n'}
[14.396899] (my_robot_wallinterfaces) StdoutLine: {'line': b'-- Up-to-date: /home/ubuntu/ros2_ws/src/Greyform-linux/Python_Application/install/my_robot_wallinterfaces/include/my_robot_wallinterfaces/my_robot_wallinterfaces/msg/detail/selection_wall__type_support.cpp\n'}
[14.397185] (my_robot_wallinterfaces) StdoutLine: {'line': b'-- Up-to-date: /home/ubuntu/ros2_ws/src/Greyform-linux/Python_Application/install/my_robot_wallinterfaces/include/my_robot_wallinterfaces/my_robot_wallinterfaces/msg/detail/selection_wall__rosidl_typesupport_introspection_cpp.hpp\n'}
[14.397441] (my_robot_wallinterfaces) StdoutLine: {'line': b'-- Up-to-date: /home/ubuntu/ros2_ws/src/Greyform-linux/Python_Application/install/my_robot_wallinterfaces/lib/libmy_robot_wallinterfaces__rosidl_typesupport_introspection_cpp.so\n'}
[14.397716] (my_robot_wallinterfaces) StdoutLine: {'line': b'-- Up-to-date: /home/ubuntu/ros2_ws/src/Greyform-linux/Python_Application/install/my_robot_wallinterfaces/lib/libmy_robot_wallinterfaces__rosidl_typesupport_cpp.so\n'}
[14.398213] (my_robot_wallinterfaces) StdoutLine: {'line': b'-- Up-to-date: /home/ubuntu/ros2_ws/src/Greyform-linux/Python_Application/install/my_robot_wallinterfaces/share/my_robot_wallinterfaces/environment/pythonpath.sh\n'}
[14.398520] (my_robot_wallinterfaces) StdoutLine: {'line': b'-- Up-to-date: /home/ubuntu/ros2_ws/src/Greyform-linux/Python_Application/install/my_robot_wallinterfaces/share/my_robot_wallinterfaces/environment/pythonpath.dsv\n'}
[14.398819] (my_robot_wallinterfaces) StdoutLine: {'line': b'-- Up-to-date: /home/ubuntu/ros2_ws/src/Greyform-linux/Python_Application/install/my_robot_wallinterfaces/local/lib/python3.10/dist-packages/my_robot_wallinterfaces-0.0.0-py3.10.egg-info\n'}
[14.399311] (my_robot_wallinterfaces) StdoutLine: {'line': b'-- Installing: /home/ubuntu/ros2_ws/src/Greyform-linux/Python_Application/install/my_robot_wallinterfaces/local/lib/python3.10/dist-packages/my_robot_wallinterfaces-0.0.0-py3.10.egg-info/dependency_links.txt\n'}
[14.399665] (my_robot_wallinterfaces) StdoutLine: {'line': b'-- Installing: /home/ubuntu/ros2_ws/src/Greyform-linux/Python_Application/install/my_robot_wallinterfaces/local/lib/python3.10/dist-packages/my_robot_wallinterfaces-0.0.0-py3.10.egg-info/SOURCES.txt\n'}
[14.400050] (my_robot_wallinterfaces) StdoutLine: {'line': b'-- Installing: /home/ubuntu/ros2_ws/src/Greyform-linux/Python_Application/install/my_robot_wallinterfaces/local/lib/python3.10/dist-packages/my_robot_wallinterfaces-0.0.0-py3.10.egg-info/PKG-INFO\n'}
[14.400295] (my_robot_wallinterfaces) StdoutLine: {'line': b'-- Installing: /home/ubuntu/ros2_ws/src/Greyform-linux/Python_Application/install/my_robot_wallinterfaces/local/lib/python3.10/dist-packages/my_robot_wallinterfaces-0.0.0-py3.10.egg-info/top_level.txt\n'}
[14.400651] (my_robot_wallinterfaces) StdoutLine: {'line': b'-- Up-to-date: /home/ubuntu/ros2_ws/src/Greyform-linux/Python_Application/install/my_robot_wallinterfaces/local/lib/python3.10/dist-packages/my_robot_wallinterfaces\n'}
[14.400949] (my_robot_wallinterfaces) StdoutLine: {'line': b'-- Up-to-date: /home/ubuntu/ros2_ws/src/Greyform-linux/Python_Application/install/my_robot_wallinterfaces/local/lib/python3.10/dist-packages/my_robot_wallinterfaces/__init__.py\n'}
[14.401185] (my_robot_wallinterfaces) StdoutLine: {'line': b'-- Up-to-date: /home/ubuntu/ros2_ws/src/Greyform-linux/Python_Application/install/my_robot_wallinterfaces/local/lib/python3.10/dist-packages/my_robot_wallinterfaces/my_robot_wallinterfaces_s__rosidl_typesupport_fastrtps_c.cpython-310-x86_64-linux-gnu.so\n'}
[14.401466] (my_robot_wallinterfaces) StdoutLine: {'line': b'-- Up-to-date: /home/ubuntu/ros2_ws/src/Greyform-linux/Python_Application/install/my_robot_wallinterfaces/local/lib/python3.10/dist-packages/my_robot_wallinterfaces/libmy_robot_wallinterfaces__rosidl_generator_py.so\n'}
[14.401743] (my_robot_wallinterfaces) StdoutLine: {'line': b'-- Up-to-date: /home/ubuntu/ros2_ws/src/Greyform-linux/Python_Application/install/my_robot_wallinterfaces/local/lib/python3.10/dist-packages/my_robot_wallinterfaces/my_robot_wallinterfaces_s__rosidl_typesupport_c.cpython-310-x86_64-linux-gnu.so\n'}
[14.402177] (my_robot_wallinterfaces) StdoutLine: {'line': b'-- Up-to-date: /home/ubuntu/ros2_ws/src/Greyform-linux/Python_Application/install/my_robot_wallinterfaces/local/lib/python3.10/dist-packages/my_robot_wallinterfaces/srv\n'}
[14.402477] (my_robot_wallinterfaces) StdoutLine: {'line': b'-- Up-to-date: /home/ubuntu/ros2_ws/src/Greyform-linux/Python_Application/install/my_robot_wallinterfaces/local/lib/python3.10/dist-packages/my_robot_wallinterfaces/srv/__init__.py\n'}
[14.402799] (my_robot_wallinterfaces) StdoutLine: {'line': b'-- Up-to-date: /home/ubuntu/ros2_ws/src/Greyform-linux/Python_Application/install/my_robot_wallinterfaces/local/lib/python3.10/dist-packages/my_robot_wallinterfaces/srv/_set_led.py\n'}
[14.403118] (my_robot_wallinterfaces) StdoutLine: {'line': b'-- Up-to-date: /home/ubuntu/ros2_ws/src/Greyform-linux/Python_Application/install/my_robot_wallinterfaces/local/lib/python3.10/dist-packages/my_robot_wallinterfaces/srv/_set_led_s.c\n'}
[14.403405] (my_robot_wallinterfaces) StdoutLine: {'line': b'-- Up-to-date: /home/ubuntu/ros2_ws/src/Greyform-linux/Python_Application/install/my_robot_wallinterfaces/local/lib/python3.10/dist-packages/my_robot_wallinterfaces/_my_robot_wallinterfaces_s.ep.rosidl_typesupport_fastrtps_c.c\n'}
[14.403657] (my_robot_wallinterfaces) StdoutLine: {'line': b'-- Up-to-date: /home/ubuntu/ros2_ws/src/Greyform-linux/Python_Application/install/my_robot_wallinterfaces/local/lib/python3.10/dist-packages/my_robot_wallinterfaces/my_robot_wallinterfaces_s__rosidl_typesupport_introspection_c.cpython-310-x86_64-linux-gnu.so\n'}
[14.404010] (my_robot_wallinterfaces) StdoutLine: {'line': b'-- Up-to-date: /home/ubuntu/ros2_ws/src/Greyform-linux/Python_Application/install/my_robot_wallinterfaces/local/lib/python3.10/dist-packages/my_robot_wallinterfaces/msg\n'}
[14.406791] (my_robot_wallinterfaces) StdoutLine: {'line': b'-- Up-to-date: /home/ubuntu/ros2_ws/src/Greyform-linux/Python_Application/install/my_robot_wallinterfaces/local/lib/python3.10/dist-packages/my_robot_wallinterfaces/msg/__init__.py\n'}
[14.407101] (my_robot_wallinterfaces) StdoutLine: {'line': b'-- Up-to-date: /home/ubuntu/ros2_ws/src/Greyform-linux/Python_Application/install/my_robot_wallinterfaces/local/lib/python3.10/dist-packages/my_robot_wallinterfaces/msg/_selection_wall.py\n'}
[14.407381] (my_robot_wallinterfaces) StdoutLine: {'line': b'-- Up-to-date: /home/ubuntu/ros2_ws/src/Greyform-linux/Python_Application/install/my_robot_wallinterfaces/local/lib/python3.10/dist-packages/my_robot_wallinterfaces/msg/_selection_wall_s.c\n'}
[14.407625] (my_robot_wallinterfaces) StdoutLine: {'line': b'-- Up-to-date: /home/ubuntu/ros2_ws/src/Greyform-linux/Python_Application/install/my_robot_wallinterfaces/local/lib/python3.10/dist-packages/my_robot_wallinterfaces/msg/_file_extraction_message_s.c\n'}
[14.407914] (my_robot_wallinterfaces) StdoutLine: {'line': b'-- Up-to-date: /home/ubuntu/ros2_ws/src/Greyform-linux/Python_Application/install/my_robot_wallinterfaces/local/lib/python3.10/dist-packages/my_robot_wallinterfaces/msg/_file_extraction_message.py\n'}
[14.408141] (my_robot_wallinterfaces) StdoutLine: {'line': b'-- Up-to-date: /home/ubuntu/ros2_ws/src/Greyform-linux/Python_Application/install/my_robot_wallinterfaces/local/lib/python3.10/dist-packages/my_robot_wallinterfaces/_my_robot_wallinterfaces_s.ep.rosidl_typesupport_introspection_c.c\n'}
[14.410665] (my_robot_wallinterfaces) StdoutLine: {'line': b'-- Up-to-date: /home/ubuntu/ros2_ws/src/Greyform-linux/Python_Application/install/my_robot_wallinterfaces/local/lib/python3.10/dist-packages/my_robot_wallinterfaces/_my_robot_wallinterfaces_s.ep.rosidl_typesupport_c.c\n'}
[14.441087] (-) TimerEvent: {}
[14.547900] (-) TimerEvent: {}
[14.629005] (my_robot_wallinterfaces) StdoutLine: {'line': b"Listing '/home/ubuntu/ros2_ws/src/Greyform-linux/Python_Application/install/my_robot_wallinterfaces/local/lib/python3.10/dist-packages/my_robot_wallinterfaces'...\n"}
[14.633907] (my_robot_wallinterfaces) StdoutLine: {'line': b"Listing '/home/ubuntu/ros2_ws/src/Greyform-linux/Python_Application/install/my_robot_wallinterfaces/local/lib/python3.10/dist-packages/my_robot_wallinterfaces/msg'...\n"}
[14.634236] (my_robot_wallinterfaces) StdoutLine: {'line': b"Listing '/home/ubuntu/ros2_ws/src/Greyform-linux/Python_Application/install/my_robot_wallinterfaces/local/lib/python3.10/dist-packages/my_robot_wallinterfaces/srv'...\n"}
[14.648134] (my_robot_wallinterfaces) StdoutLine: {'line': b'-- Up-to-date: /home/ubuntu/ros2_ws/src/Greyform-linux/Python_Application/install/my_robot_wallinterfaces/local/lib/python3.10/dist-packages/my_robot_wallinterfaces/my_robot_wallinterfaces_s__rosidl_typesupport_fastrtps_c.cpython-310-x86_64-linux-gnu.so\n'}
[14.648543] (-) TimerEvent: {}
[14.659230] (my_robot_wallinterfaces) StdoutLine: {'line': b'-- Up-to-date: /home/ubuntu/ros2_ws/src/Greyform-linux/Python_Application/install/my_robot_wallinterfaces/local/lib/python3.10/dist-packages/my_robot_wallinterfaces/my_robot_wallinterfaces_s__rosidl_typesupport_introspection_c.cpython-310-x86_64-linux-gnu.so\n'}
[14.678810] (my_robot_wallinterfaces) StdoutLine: {'line': b'-- Up-to-date: /home/ubuntu/ros2_ws/src/Greyform-linux/Python_Application/install/my_robot_wallinterfaces/local/lib/python3.10/dist-packages/my_robot_wallinterfaces/my_robot_wallinterfaces_s__rosidl_typesupport_c.cpython-310-x86_64-linux-gnu.so\n'}
[14.679459] (my_robot_wallinterfaces) StdoutLine: {'line': b'-- Up-to-date: /home/ubuntu/ros2_ws/src/Greyform-linux/Python_Application/install/my_robot_wallinterfaces/lib/libmy_robot_wallinterfaces__rosidl_generator_py.so\n'}
[14.683388] (my_robot_wallinterfaces) StdoutLine: {'line': b'-- Up-to-date: /home/ubuntu/ros2_ws/src/Greyform-linux/Python_Application/install/my_robot_wallinterfaces/share/my_robot_wallinterfaces/msg/FileExtractionMessage.idl\n'}
[14.693005] (my_robot_wallinterfaces) StdoutLine: {'line': b'-- Up-to-date: /home/ubuntu/ros2_ws/src/Greyform-linux/Python_Application/install/my_robot_wallinterfaces/share/my_robot_wallinterfaces/msg/SelectionWall.idl\n'}
[14.694361] (my_robot_wallinterfaces) StdoutLine: {'line': b'-- Up-to-date: /home/ubuntu/ros2_ws/src/Greyform-linux/Python_Application/install/my_robot_wallinterfaces/share/my_robot_wallinterfaces/srv/SetLed.idl\n'}
[14.698776] (my_robot_wallinterfaces) StdoutLine: {'line': b'-- Up-to-date: /home/ubuntu/ros2_ws/src/Greyform-linux/Python_Application/install/my_robot_wallinterfaces/share/my_robot_wallinterfaces/msg/FileExtractionMessage.msg\n'}
[14.699087] (my_robot_wallinterfaces) StdoutLine: {'line': b'-- Up-to-date: /home/ubuntu/ros2_ws/src/Greyform-linux/Python_Application/install/my_robot_wallinterfaces/share/my_robot_wallinterfaces/msg/SelectionWall.msg\n'}
[14.699544] (my_robot_wallinterfaces) StdoutLine: {'line': b'-- Up-to-date: /home/ubuntu/ros2_ws/src/Greyform-linux/Python_Application/install/my_robot_wallinterfaces/share/my_robot_wallinterfaces/srv/SetLed.srv\n'}
[14.705857] (my_robot_wallinterfaces) StdoutLine: {'line': b'-- Up-to-date: /home/ubuntu/ros2_ws/src/Greyform-linux/Python_Application/install/my_robot_wallinterfaces/share/my_robot_wallinterfaces/srv/SetLed_Request.msg\n'}
[14.706210] (my_robot_wallinterfaces) StdoutLine: {'line': b'-- Up-to-date: /home/ubuntu/ros2_ws/src/Greyform-linux/Python_Application/install/my_robot_wallinterfaces/share/my_robot_wallinterfaces/srv/SetLed_Response.msg\n'}
[14.710791] (my_robot_wallinterfaces) StdoutLine: {'line': b'-- Up-to-date: /home/ubuntu/ros2_ws/src/Greyform-linux/Python_Application/install/my_robot_wallinterfaces/share/ament_index/resource_index/package_run_dependencies/my_robot_wallinterfaces\n'}
[14.711257] (my_robot_wallinterfaces) StdoutLine: {'line': b'-- Up-to-date: /home/ubuntu/ros2_ws/src/Greyform-linux/Python_Application/install/my_robot_wallinterfaces/share/ament_index/resource_index/parent_prefix_path/my_robot_wallinterfaces\n'}
[14.711514] (my_robot_wallinterfaces) StdoutLine: {'line': b'-- Up-to-date: /home/ubuntu/ros2_ws/src/Greyform-linux/Python_Application/install/my_robot_wallinterfaces/share/my_robot_wallinterfaces/environment/ament_prefix_path.sh\n'}
[14.711766] (my_robot_wallinterfaces) StdoutLine: {'line': b'-- Up-to-date: /home/ubuntu/ros2_ws/src/Greyform-linux/Python_Application/install/my_robot_wallinterfaces/share/my_robot_wallinterfaces/environment/ament_prefix_path.dsv\n'}
[14.715436] (my_robot_wallinterfaces) StdoutLine: {'line': b'-- Up-to-date: /home/ubuntu/ros2_ws/src/Greyform-linux/Python_Application/install/my_robot_wallinterfaces/share/my_robot_wallinterfaces/environment/path.sh\n'}
[14.715920] (my_robot_wallinterfaces) StdoutLine: {'line': b'-- Up-to-date: /home/ubuntu/ros2_ws/src/Greyform-linux/Python_Application/install/my_robot_wallinterfaces/share/my_robot_wallinterfaces/environment/path.dsv\n'}
[14.718798] (my_robot_wallinterfaces) StdoutLine: {'line': b'-- Up-to-date: /home/ubuntu/ros2_ws/src/Greyform-linux/Python_Application/install/my_robot_wallinterfaces/share/my_robot_wallinterfaces/local_setup.bash\n'}
[14.719270] (my_robot_wallinterfaces) StdoutLine: {'line': b'-- Up-to-date: /home/ubuntu/ros2_ws/src/Greyform-linux/Python_Application/install/my_robot_wallinterfaces/share/my_robot_wallinterfaces/local_setup.sh\n'}
[14.719845] (my_robot_wallinterfaces) StdoutLine: {'line': b'-- Up-to-date: /home/ubuntu/ros2_ws/src/Greyform-linux/Python_Application/install/my_robot_wallinterfaces/share/my_robot_wallinterfaces/local_setup.zsh\n'}
[14.731203] (my_robot_wallinterfaces) StdoutLine: {'line': b'-- Up-to-date: /home/ubuntu/ros2_ws/src/Greyform-linux/Python_Application/install/my_robot_wallinterfaces/share/my_robot_wallinterfaces/local_setup.dsv\n'}
[14.731759] (my_robot_wallinterfaces) StdoutLine: {'line': b'-- Installing: /home/ubuntu/ros2_ws/src/Greyform-linux/Python_Application/install/my_robot_wallinterfaces/share/my_robot_wallinterfaces/package.dsv\n'}
[14.732128] (my_robot_wallinterfaces) StdoutLine: {'line': b'-- Up-to-date: /home/ubuntu/ros2_ws/src/Greyform-linux/Python_Application/install/my_robot_wallinterfaces/share/ament_index/resource_index/packages/my_robot_wallinterfaces\n'}
[14.732450] (my_robot_wallinterfaces) StdoutLine: {'line': b'-- Up-to-date: /home/ubuntu/ros2_ws/src/Greyform-linux/Python_Application/install/my_robot_wallinterfaces/share/my_robot_wallinterfaces/cmake/export_my_robot_wallinterfaces__rosidl_generator_cExport.cmake\n'}
[14.751622] (-) TimerEvent: {}
[14.752478] (my_robot_wallinterfaces) StdoutLine: {'line': b'-- Up-to-date: /home/ubuntu/ros2_ws/src/Greyform-linux/Python_Application/install/my_robot_wallinterfaces/share/my_robot_wallinterfaces/cmake/export_my_robot_wallinterfaces__rosidl_generator_cExport-noconfig.cmake\n'}
[14.752888] (my_robot_wallinterfaces) StdoutLine: {'line': b'-- Up-to-date: /home/ubuntu/ros2_ws/src/Greyform-linux/Python_Application/install/my_robot_wallinterfaces/share/my_robot_wallinterfaces/cmake/export_my_robot_wallinterfaces__rosidl_typesupport_fastrtps_cExport.cmake\n'}
[14.753171] (my_robot_wallinterfaces) StdoutLine: {'line': b'-- Up-to-date: /home/ubuntu/ros2_ws/src/Greyform-linux/Python_Application/install/my_robot_wallinterfaces/share/my_robot_wallinterfaces/cmake/export_my_robot_wallinterfaces__rosidl_typesupport_fastrtps_cExport-noconfig.cmake\n'}
[14.753420] (my_robot_wallinterfaces) StdoutLine: {'line': b'-- Up-to-date: /home/ubuntu/ros2_ws/src/Greyform-linux/Python_Application/install/my_robot_wallinterfaces/share/my_robot_wallinterfaces/cmake/my_robot_wallinterfaces__rosidl_typesupport_introspection_cExport.cmake\n'}
[14.753816] (my_robot_wallinterfaces) StdoutLine: {'line': b'-- Up-to-date: /home/ubuntu/ros2_ws/src/Greyform-linux/Python_Application/install/my_robot_wallinterfaces/share/my_robot_wallinterfaces/cmake/my_robot_wallinterfaces__rosidl_typesupport_introspection_cExport-noconfig.cmake\n'}
[14.754049] (my_robot_wallinterfaces) StdoutLine: {'line': b'-- Up-to-date: /home/ubuntu/ros2_ws/src/Greyform-linux/Python_Application/install/my_robot_wallinterfaces/share/my_robot_wallinterfaces/cmake/my_robot_wallinterfaces__rosidl_typesupport_cExport.cmake\n'}
[14.754253] (my_robot_wallinterfaces) StdoutLine: {'line': b'-- Up-to-date: /home/ubuntu/ros2_ws/src/Greyform-linux/Python_Application/install/my_robot_wallinterfaces/share/my_robot_wallinterfaces/cmake/my_robot_wallinterfaces__rosidl_typesupport_cExport-noconfig.cmake\n'}
[14.755117] (my_robot_wallinterfaces) StdoutLine: {'line': b'-- Up-to-date: /home/ubuntu/ros2_ws/src/Greyform-linux/Python_Application/install/my_robot_wallinterfaces/share/my_robot_wallinterfaces/cmake/export_my_robot_wallinterfaces__rosidl_generator_cppExport.cmake\n'}
[14.755455] (my_robot_wallinterfaces) StdoutLine: {'line': b'-- Up-to-date: /home/ubuntu/ros2_ws/src/Greyform-linux/Python_Application/install/my_robot_wallinterfaces/share/my_robot_wallinterfaces/cmake/export_my_robot_wallinterfaces__rosidl_typesupport_fastrtps_cppExport.cmake\n'}
[14.756147] (my_robot_wallinterfaces) StdoutLine: {'line': b'-- Up-to-date: /home/ubuntu/ros2_ws/src/Greyform-linux/Python_Application/install/my_robot_wallinterfaces/share/my_robot_wallinterfaces/cmake/export_my_robot_wallinterfaces__rosidl_typesupport_fastrtps_cppExport-noconfig.cmake\n'}
[14.756465] (my_robot_wallinterfaces) StdoutLine: {'line': b'-- Up-to-date: /home/ubuntu/ros2_ws/src/Greyform-linux/Python_Application/install/my_robot_wallinterfaces/share/my_robot_wallinterfaces/cmake/my_robot_wallinterfaces__rosidl_typesupport_introspection_cppExport.cmake\n'}
[14.756890] (my_robot_wallinterfaces) StdoutLine: {'line': b'-- Up-to-date: /home/ubuntu/ros2_ws/src/Greyform-linux/Python_Application/install/my_robot_wallinterfaces/share/my_robot_wallinterfaces/cmake/my_robot_wallinterfaces__rosidl_typesupport_introspection_cppExport-noconfig.cmake\n'}
[14.757397] (my_robot_wallinterfaces) StdoutLine: {'line': b'-- Up-to-date: /home/ubuntu/ros2_ws/src/Greyform-linux/Python_Application/install/my_robot_wallinterfaces/share/my_robot_wallinterfaces/cmake/my_robot_wallinterfaces__rosidl_typesupport_cppExport.cmake\n'}
[14.757982] (my_robot_wallinterfaces) StdoutLine: {'line': b'-- Up-to-date: /home/ubuntu/ros2_ws/src/Greyform-linux/Python_Application/install/my_robot_wallinterfaces/share/my_robot_wallinterfaces/cmake/my_robot_wallinterfaces__rosidl_typesupport_cppExport-noconfig.cmake\n'}
[14.758442] (my_robot_wallinterfaces) StdoutLine: {'line': b'-- Up-to-date: /home/ubuntu/ros2_ws/src/Greyform-linux/Python_Application/install/my_robot_wallinterfaces/share/my_robot_wallinterfaces/cmake/export_my_robot_wallinterfaces__rosidl_generator_pyExport.cmake\n'}
[14.759179] (my_robot_wallinterfaces) StdoutLine: {'line': b'-- Up-to-date: /home/ubuntu/ros2_ws/src/Greyform-linux/Python_Application/install/my_robot_wallinterfaces/share/my_robot_wallinterfaces/cmake/export_my_robot_wallinterfaces__rosidl_generator_pyExport-noconfig.cmake\n'}
[14.760128] (my_robot_wallinterfaces) StdoutLine: {'line': b'-- Up-to-date: /home/ubuntu/ros2_ws/src/Greyform-linux/Python_Application/install/my_robot_wallinterfaces/share/my_robot_wallinterfaces/cmake/rosidl_cmake-extras.cmake\n'}
[14.760428] (my_robot_wallinterfaces) StdoutLine: {'line': b'-- Up-to-date: /home/ubuntu/ros2_ws/src/Greyform-linux/Python_Application/install/my_robot_wallinterfaces/share/my_robot_wallinterfaces/cmake/ament_cmake_export_dependencies-extras.cmake\n'}
[14.760748] (my_robot_wallinterfaces) StdoutLine: {'line': b'-- Up-to-date: /home/ubuntu/ros2_ws/src/Greyform-linux/Python_Application/install/my_robot_wallinterfaces/share/my_robot_wallinterfaces/cmake/ament_cmake_export_include_directories-extras.cmake\n'}
[14.761110] (my_robot_wallinterfaces) StdoutLine: {'line': b'-- Up-to-date: /home/ubuntu/ros2_ws/src/Greyform-linux/Python_Application/install/my_robot_wallinterfaces/share/my_robot_wallinterfaces/cmake/ament_cmake_export_libraries-extras.cmake\n'}
[14.761449] (my_robot_wallinterfaces) StdoutLine: {'line': b'-- Up-to-date: /home/ubuntu/ros2_ws/src/Greyform-linux/Python_Application/install/my_robot_wallinterfaces/share/my_robot_wallinterfaces/cmake/ament_cmake_export_targets-extras.cmake\n'}
[14.763583] (my_robot_wallinterfaces) StdoutLine: {'line': b'-- Up-to-date: /home/ubuntu/ros2_ws/src/Greyform-linux/Python_Application/install/my_robot_wallinterfaces/share/my_robot_wallinterfaces/cmake/rosidl_cmake_export_typesupport_targets-extras.cmake\n'}
[14.764158] (my_robot_wallinterfaces) StdoutLine: {'line': b'-- Up-to-date: /home/ubuntu/ros2_ws/src/Greyform-linux/Python_Application/install/my_robot_wallinterfaces/share/my_robot_wallinterfaces/cmake/rosidl_cmake_export_typesupport_libraries-extras.cmake\n'}
[14.764749] (my_robot_wallinterfaces) StdoutLine: {'line': b'-- Up-to-date: /home/ubuntu/ros2_ws/src/Greyform-linux/Python_Application/install/my_robot_wallinterfaces/share/my_robot_wallinterfaces/cmake/my_robot_wallinterfacesConfig.cmake\n'}
[14.768335] (my_robot_wallinterfaces) StdoutLine: {'line': b'-- Up-to-date: /home/ubuntu/ros2_ws/src/Greyform-linux/Python_Application/install/my_robot_wallinterfaces/share/my_robot_wallinterfaces/cmake/my_robot_wallinterfacesConfig-version.cmake\n'}
[14.768921] (my_robot_wallinterfaces) StdoutLine: {'line': b'-- Up-to-date: /home/ubuntu/ros2_ws/src/Greyform-linux/Python_Application/install/my_robot_wallinterfaces/share/my_robot_wallinterfaces/package.xml\n'}
[14.774677] (my_robot_wallinterfaces) CommandEnded: {'returncode': 0}
[14.856973] (-) TimerEvent: {}
[14.966624] (-) TimerEvent: {}
[15.070821] (-) TimerEvent: {}
[15.147811] (my_robot_wallinterfaces) JobEnded: {'identifier': 'my_robot_wallinterfaces', 'rc': 0}
[15.158805] (talker_listener) JobStarted: {'identifier': 'talker_listener'}
[15.187270] (-) TimerEvent: {}
[15.251346] (my-test-package) StdoutLine: {'line': b'running egg_info\n'}
[15.256194] (my-test-package) StdoutLine: {'line': b'writing ../../../../../../../../build/my-test-package/my_test_package.egg-info/PKG-INFO\n'}
[15.258383] (my-test-package) StdoutLine: {'line': b'writing dependency_links to ../../../../../../../../build/my-test-package/my_test_package.egg-info/dependency_links.txt\n'}
[15.258920] (my-test-package) StdoutLine: {'line': b'writing top-level names to ../../../../../../../../build/my-test-package/my_test_package.egg-info/top_level.txt\n'}
[15.264831] (my-test-package) StdoutLine: {'line': b"reading manifest file '../../../../../../../../build/my-test-package/my_test_package.egg-info/SOURCES.txt'\n"}
[15.280309] (my-test-package) StdoutLine: {'line': b"writing manifest file '../../../../../../../../build/my-test-package/my_test_package.egg-info/SOURCES.txt'\n"}
[15.281811] (my-test-package) StdoutLine: {'line': b'running build\n'}
[15.282195] (my-test-package) StdoutLine: {'line': b'running install\n'}
[15.283410] (my-test-package) StdoutLine: {'line': b'running install_egg_info\n'}
[15.287465] (-) TimerEvent: {}
[15.311860] (my-test-package) StdoutLine: {'line': b"removing '/home/ubuntu/ros2_ws/src/Greyform-linux/Python_Application/install/my-test-package/lib/python3.10/site-packages/my_test_package-1.0-py3.10.egg-info' (and everything under it)\n"}
[15.315969] (my-test-package) StdoutLine: {'line': b'Copying ../../../../../../../../build/my-test-package/my_test_package.egg-info to /home/ubuntu/ros2_ws/src/Greyform-linux/Python_Application/install/my-test-package/lib/python3.10/site-packages/my_test_package-1.0-py3.10.egg-info\n'}
[15.331905] (my-test-package) StdoutLine: {'line': b'running install_scripts\n'}
[15.387700] (-) TimerEvent: {}
[15.483222] (my-test-package) StdoutLine: {'line': b"writing list of installed files to '/home/ubuntu/ros2_ws/src/Greyform-linux/Python_Application/build/my-test-package/install.log'\n"}
[15.489279] (-) TimerEvent: {}
[15.591300] (-) TimerEvent: {}
[15.694946] (-) TimerEvent: {}
[15.797308] (-) TimerEvent: {}
[15.898904] (-) TimerEvent: {}
[15.999942] (-) TimerEvent: {}
[16.105351] (-) TimerEvent: {}
[16.209828] (-) TimerEvent: {}
[16.312113] (-) TimerEvent: {}
[16.414159] (-) TimerEvent: {}
[16.516812] (-) TimerEvent: {}
[16.618290] (-) TimerEvent: {}
[16.720860] (-) TimerEvent: {}
[16.821469] (-) TimerEvent: {}
[16.922466] (-) TimerEvent: {}
[17.023364] (-) TimerEvent: {}
[17.124722] (-) TimerEvent: {}
[17.229953] (-) TimerEvent: {}
[17.331179] (-) TimerEvent: {}
[17.431875] (-) TimerEvent: {}
[17.533789] (-) TimerEvent: {}
[17.640619] (-) TimerEvent: {}
[17.745933] (-) TimerEvent: {}
[17.855048] (-) TimerEvent: {}
[17.957931] (-) TimerEvent: {}
[18.064427] (-) TimerEvent: {}
[18.167946] (-) TimerEvent: {}
[18.271227] (-) TimerEvent: {}
[18.287554] (my-test-package) CommandEnded: {'returncode': 0}
[18.356762] (my-test-package) JobEnded: {'identifier': 'my-test-package', 'rc': 0}
[18.371450] (-) TimerEvent: {}
[18.472044] (-) TimerEvent: {}
[18.572988] (-) TimerEvent: {}
[18.678109] (-) TimerEvent: {}
[18.784966] (-) TimerEvent: {}
[18.887625] (-) TimerEvent: {}
[18.991268] (-) TimerEvent: {}
[19.095037] (-) TimerEvent: {}
[19.205752] (-) TimerEvent: {}
[19.306791] (-) TimerEvent: {}
[19.411778] (-) TimerEvent: {}
[19.524393] (-) TimerEvent: {}
[19.625186] (-) TimerEvent: {}
[19.733089] (-) TimerEvent: {}
[19.841945] (-) TimerEvent: {}
[19.942834] (-) TimerEvent: {}
[20.048478] (-) TimerEvent: {}
[20.158849] (-) TimerEvent: {}
[20.267156] (-) TimerEvent: {}
[20.367828] (-) TimerEvent: {}
[20.475637] (-) TimerEvent: {}
[20.577633] (-) TimerEvent: {}
[20.680894] (-) TimerEvent: {}
[20.785417] (-) TimerEvent: {}
[20.886076] (-) TimerEvent: {}
[20.988213] (-) TimerEvent: {}
[21.089903] (-) TimerEvent: {}
[21.203838] (-) TimerEvent: {}
[21.307529] (-) TimerEvent: {}
[21.410884] (-) TimerEvent: {}
[21.514833] (-) TimerEvent: {}
[21.615563] (-) TimerEvent: {}
[21.645413] (talker_listener) Command: {'cmd': ['/usr/bin/python3', '-W', 'ignore:setup.py install is deprecated', '-W', 'ignore:easy_install command is deprecated', 'setup.py', 'egg_info', '--egg-base', '../build/talker_listener', 'build', '--build-base', '/home/ubuntu/ros2_ws/src/Greyform-linux/Python_Application/build/talker_listener/build', 'install', '--record', '/home/ubuntu/ros2_ws/src/Greyform-linux/Python_Application/build/talker_listener/install.log', '--single-version-externally-managed', 'install_data'], 'cwd': '/home/ubuntu/ros2_ws/src/Greyform-linux/Python_Application/talker_listener', 'env': {'GJS_DEBUG_TOPICS': 'JS ERROR;JS LOG', 'LESSOPEN': '| /usr/bin/lesspipe %s', 'USER': 'ubuntu', 'LC_TIME': 'id_ID.UTF-8', 'FONTCONFIG_PATH': '/etc/fonts', 'GIO_MODULE_DIR': '/home/ubuntu/snap/code/common/.cache/gio-modules', 'XDG_SESSION_TYPE': 'x11', 'GIT_ASKPASS': '/snap/code/191/usr/share/code/resources/app/extensions/git/dist/askpass.sh', 'GTK_EXE_PREFIX_VSCODE_SNAP_ORIG': '', 'GDK_BACKEND_VSCODE_SNAP_ORIG': '', 'SHLVL': '1', 'LD_LIBRARY_PATH': '/home/ubuntu/ros2_ws/src/Greyform-linux/Python_Application/install/my_robot_wallinterfaces/lib:/opt/ros/humble/opt/rviz_ogre_vendor/lib:/opt/ros/humble/lib/x86_64-linux-gnu:/opt/ros/humble/lib', 'HOME': '/home/ubuntu', 'CHROME_DESKTOP': 'code.desktop', 'LOCPATH_VSCODE_SNAP_ORIG': '', 'TERM_PROGRAM_VERSION': '1.99.3', 'DESKTOP_SESSION': 'ubuntu-xorg', 'GTK_PATH': '/snap/code/191/usr/lib/x86_64-linux-gnu/gtk-3.0', 'XDG_DATA_HOME_VSCODE_SNAP_ORIG': '', 'GTK_IM_MODULE_FILE': '/home/ubuntu/snap/code/common/.cache/immodules/immodules.cache', 'GIO_LAUNCHED_DESKTOP_FILE': '/var/lib/snapd/desktop/applications/code_code.desktop', 'ROS_PYTHON_VERSION': '3', 'GNOME_SHELL_SESSION_MODE': 'ubuntu', 'GTK_MODULES': 'gail:atk-bridge', 'GSETTINGS_SCHEMA_DIR_VSCODE_SNAP_ORIG': '', 'VSCODE_GIT_ASKPASS_MAIN': '/snap/code/191/usr/share/code/resources/app/extensions/git/dist/askpass-main.js', 'LC_MONETARY': 'id_ID.UTF-8', 'VSCODE_GIT_ASKPASS_NODE': '/snap/code/191/usr/share/code/code', 'MANAGERPID': '1780', 'PYDEVD_DISABLE_FILE_VALIDATION': '1', 'SYSTEMD_EXEC_PID': '3491', 'BUNDLED_DEBUGPY_PATH': '/home/ubuntu/.vscode/extensions/ms-python.debugpy-2025.8.0-linux-x64/bundled/libs/debugpy', 'DBUS_SESSION_BUS_ADDRESS': 'unix:path=/run/user/1000/bus', 'COLORTERM': 'truecolor', 'GIO_LAUNCHED_DESKTOP_FILE_PID': '4442', 'IM_CONFIG_PHASE': '1', 'ROS_DISTRO': 'humble', 'GTK_IM_MODULE': 'ibus', 'LOGNAME': 'ubuntu', 'JOURNAL_STREAM': '8:41048', '_': '/usr/bin/colcon', 'ROS_VERSION': '2', 'XDG_CONFIG_DIRS_VSCODE_SNAP_ORIG': '/etc/xdg/xdg-ubuntu-xorg:/etc/xdg', 'XDG_SESSION_CLASS': 'user', 'XDG_DATA_DIRS_VSCODE_SNAP_ORIG': '/usr/share/ubuntu-xorg:/usr/share/gnome:/home/ubuntu/.local/share/flatpak/exports/share:/var/lib/flatpak/exports/share:/usr/local/share/:/usr/share/:/var/lib/snapd/desktop', 'USERNAME': 'ubuntu', 'TERM': 'xterm-256color', 'GNOME_DESKTOP_SESSION_ID': 'this-is-deprecated', 'ROS_LOCALHOST_ONLY': '0', 'WINDOWPATH': '2', 'PATH': '/home/ubuntu/.local/bin:/opt/ros/humble/bin:/home/ubuntu/.local/bin:/usr/local/sbin:/usr/local/bin:/usr/sbin:/usr/bin:/sbin:/bin:/usr/games:/usr/local/games:/snap/bin:/snap/bin:/home/ubuntu/.vscode/extensions/ms-python.debugpy-2025.8.0-linux-x64/bundled/scripts/noConfigScripts', 'SESSION_MANAGER': 'local/ubuntu-virtual-machine:@/tmp/.ICE-unix/3468,unix/ubuntu-virtual-machine:/tmp/.ICE-unix/3468', 'GTK_EXE_PREFIX': '/snap/code/191/usr', 'INVOCATION_ID': 'ae9cc4d3b1e04894a650cf2563eb3ab7', 'XDG_MENU_PREFIX': 'gnome-', 'LC_ADDRESS': 'id_ID.UTF-8', 'BAMF_DESKTOP_FILE_HINT': '/var/lib/snapd/desktop/applications/code_code.desktop', 'XDG_RUNTIME_DIR': '/run/user/1000', 'GDK_BACKEND': 'x11', 'DISPLAY': ':0', 'LOCPATH': '/snap/code/191/usr/lib/locale', 'VSCODE_DEBUGPY_ADAPTER_ENDPOINTS': '/home/ubuntu/.vscode/extensions/ms-python.debugpy-2025.8.0-linux-x64/.noConfigDebugAdapterEndpoints/endpoint-5c4e4c73dc4993ee.txt', 'LANG': 'en_US.UTF-8', 'XDG_CURRENT_DESKTOP': 'Unity', 'LC_TELEPHONE': 'id_ID.UTF-8', 'GIO_MODULE_DIR_VSCODE_SNAP_ORIG': '', 'XDG_DATA_HOME': '/home/ubuntu/snap/code/191/.local/share', 'XMODIFIERS': '@im=ibus', 'XDG_SESSION_DESKTOP': 'ubuntu-xorg', 'XAUTHORITY': '/run/user/1000/gdm/Xauthority', 'LS_COLORS': 'rs=0:di=01;34:ln=01;36:mh=00:pi=40;33:so=01;35:do=01;35:bd=40;33;01:cd=40;33;01:or=40;31;01:mi=00:su=37;41:sg=30;43:ca=30;41:tw=30;42:ow=34;42:st=37;44:ex=01;32:*.tar=01;31:*.tgz=01;31:*.arc=01;31:*.arj=01;31:*.taz=01;31:*.lha=01;31:*.lz4=01;31:*.lzh=01;31:*.lzma=01;31:*.tlz=01;31:*.txz=01;31:*.tzo=01;31:*.t7z=01;31:*.zip=01;31:*.z=01;31:*.dz=01;31:*.gz=01;31:*.lrz=01;31:*.lz=01;31:*.lzo=01;31:*.xz=01;31:*.zst=01;31:*.tzst=01;31:*.bz2=01;31:*.bz=01;31:*.tbz=01;31:*.tbz2=01;31:*.tz=01;31:*.deb=01;31:*.rpm=01;31:*.jar=01;31:*.war=01;31:*.ear=01;31:*.sar=01;31:*.rar=01;31:*.alz=01;31:*.ace=01;31:*.zoo=01;31:*.cpio=01;31:*.7z=01;31:*.rz=01;31:*.cab=01;31:*.wim=01;31:*.swm=01;31:*.dwm=01;31:*.esd=01;31:*.jpg=01;35:*.jpeg=01;35:*.mjpg=01;35:*.mjpeg=01;35:*.gif=01;35:*.bmp=01;35:*.pbm=01;35:*.pgm=01;35:*.ppm=01;35:*.tga=01;35:*.xbm=01;35:*.xpm=01;35:*.tif=01;35:*.tiff=01;35:*.png=01;35:*.svg=01;35:*.svgz=01;35:*.mng=01;35:*.pcx=01;35:*.mov=01;35:*.mpg=01;35:*.mpeg=01;35:*.m2v=01;35:*.mkv=01;35:*.webm=01;35:*.webp=01;35:*.ogm=01;35:*.mp4=01;35:*.m4v=01;35:*.mp4v=01;35:*.vob=01;35:*.qt=01;35:*.nuv=01;35:*.wmv=01;35:*.asf=01;35:*.rm=01;35:*.rmvb=01;35:*.flc=01;35:*.avi=01;35:*.fli=01;35:*.flv=01;35:*.gl=01;35:*.dl=01;35:*.xcf=01;35:*.xwd=01;35:*.yuv=01;35:*.cgm=01;35:*.emf=01;35:*.ogv=01;35:*.ogx=01;35:*.aac=00;36:*.au=00;36:*.flac=00;36:*.m4a=00;36:*.mid=00;36:*.midi=00;36:*.mka=00;36:*.mp3=00;36:*.mpc=00;36:*.ogg=00;36:*.ra=00;36:*.wav=00;36:*.oga=00;36:*.opus=00;36:*.spx=00;36:*.xspf=00;36:', 'VSCODE_GIT_IPC_HANDLE': '/run/user/1000/vscode-git-93ae0fd6cc.sock', 'TERM_PROGRAM': 'vscode', 'SSH_AGENT_LAUNCHER': 'gnome-keyring', 'SSH_AUTH_SOCK': '/run/user/1000/keyring/ssh', 'GSETTINGS_SCHEMA_DIR': '/home/ubuntu/snap/code/191/.local/share/glib-2.0/schemas', 'AMENT_PREFIX_PATH': '/home/ubuntu/ros2_ws/src/Greyform-linux/Python_Application/install/my_robot_wallinterfaces:/opt/ros/humble', 'ORIGINAL_XDG_CURRENT_DESKTOP': 'Unity', 'SHELL': '/bin/bash', 'LC_NAME': 'id_ID.UTF-8', 'QT_ACCESSIBILITY': '1', 'GDMSESSION': 'ubuntu-xorg', 'LESSCLOSE': '/usr/bin/lesspipe %s %s', 'GTK_PATH_VSCODE_SNAP_ORIG': '', 'FONTCONFIG_FILE': '/etc/fonts/fonts.conf', 'GTK_IM_MODULE_FILE_VSCODE_SNAP_ORIG': '', 'LC_MEASUREMENT': 'id_ID.UTF-8', 'GPG_AGENT_INFO': '/run/user/1000/gnupg/S.gpg-agent:0:1', 'GJS_DEBUG_OUTPUT': 'stderr', 'LC_IDENTIFICATION': 'id_ID.UTF-8', 'VSCODE_GIT_ASKPASS_EXTRA_ARGS': '', 'QT_IM_MODULE': 'ibus', 'PWD': '/home/ubuntu/ros2_ws/src/Greyform-linux/Python_Application/build/talker_listener', 'QT_QPA_PLATFORM': 'xcb', 'LC_ALL': 'en_US.UTF-8', 'XDG_CONFIG_DIRS': '/etc/xdg/xdg-ubuntu-xorg:/etc/xdg', 'XDG_DATA_DIRS': '/home/ubuntu/snap/code/191/.local/share/flatpak/exports/share:/home/ubuntu/snap/code/191/.local/share:/home/ubuntu/snap/code/191:/snap/code/191/usr/share:/usr/share/ubuntu-xorg:/usr/share/gnome:/home/ubuntu/.local/share/flatpak/exports/share:/var/lib/flatpak/exports/share:/usr/local/share/:/usr/share/:/var/lib/snapd/desktop', 'PYTHONPATH': '/home/ubuntu/ros2_ws/src/Greyform-linux/Python_Application/build/talker_listener/prefix_override:/usr/lib/python3/dist-packages/colcon_core/task/python/colcon_distutils_commands:/home/ubuntu/ros2_ws/src/Greyform-linux/Python_Application/install/talker_listener/lib/python3.10/site-packages:/home/ubuntu/ros2_ws/src/Greyform-linux/Python_Application/install/my_robot_wallinterfaces/local/lib/python3.10/dist-packages:/opt/ros/humble/lib/python3.10/site-packages:/opt/ros/humble/local/lib/python3.10/dist-packages', 'LC_NUMERIC': 'id_ID.UTF-8', 'LC_PAPER': 'id_ID.UTF-8', 'COLCON': '1', 'CMAKE_PREFIX_PATH': '/home/ubuntu/ros2_ws/src/Greyform-linux/Python_Application/install/my_robot_wallinterfaces'}, 'shell': False}
[21.720811] (-) TimerEvent: {}
[21.827146] (-) TimerEvent: {}
[21.928273] (-) TimerEvent: {}
[22.033838] (-) TimerEvent: {}
[22.139627] (-) TimerEvent: {}
[22.240413] (-) TimerEvent: {}
[22.345914] (-) TimerEvent: {}
[22.446524] (-) TimerEvent: {}
[22.550318] (-) TimerEvent: {}
[22.652509] (-) TimerEvent: {}
[22.753981] (-) TimerEvent: {}
[22.855153] (-) TimerEvent: {}
[22.971837] (-) TimerEvent: {}
[23.076863] (-) TimerEvent: {}
[23.177466] (-) TimerEvent: {}
[23.278277] (-) TimerEvent: {}
[23.332903] (talker_listener) StdoutLine: {'line': b'running egg_info\n'}
[23.337127] (talker_listener) StdoutLine: {'line': b'writing ../build/talker_listener/talker_listener.egg-info/PKG-INFO\n'}
[23.341129] (talker_listener) StdoutLine: {'line': b'writing dependency_links to ../build/talker_listener/talker_listener.egg-info/dependency_links.txt\n'}
[23.342703] (talker_listener) StdoutLine: {'line': b'writing entry points to ../build/talker_listener/talker_listener.egg-info/entry_points.txt\n'}
[23.348550] (talker_listener) StdoutLine: {'line': b'writing requirements to ../build/talker_listener/talker_listener.egg-info/requires.txt\n'}
[23.361462] (talker_listener) StdoutLine: {'line': b'writing top-level names to ../build/talker_listener/talker_listener.egg-info/top_level.txt\n'}
[23.364293] (talker_listener) StdoutLine: {'line': b"reading manifest file '../build/talker_listener/talker_listener.egg-info/SOURCES.txt'\n"}
[23.368885] (talker_listener) StdoutLine: {'line': b"writing manifest file '../build/talker_listener/talker_listener.egg-info/SOURCES.txt'\n"}
[23.370953] (talker_listener) StdoutLine: {'line': b'running build\n'}
[23.371574] (talker_listener) StdoutLine: {'line': b'running build_py\n'}
[23.372728] (talker_listener) StdoutLine: {'line': b'running install\n'}
[23.375333] (talker_listener) StdoutLine: {'line': b'running install_lib\n'}
[23.378479] (-) TimerEvent: {}
[23.381600] (talker_listener) StdoutLine: {'line': b'running install_data\n'}
[23.382773] (talker_listener) StdoutLine: {'line': b'running install_egg_info\n'}
[23.394966] (talker_listener) StdoutLine: {'line': b"removing '/home/ubuntu/ros2_ws/src/Greyform-linux/Python_Application/install/talker_listener/lib/python3.10/site-packages/talker_listener-0.0.0-py3.10.egg-info' (and everything under it)\n"}
[23.397559] (talker_listener) StdoutLine: {'line': b'Copying ../build/talker_listener/talker_listener.egg-info to /home/ubuntu/ros2_ws/src/Greyform-linux/Python_Application/install/talker_listener/lib/python3.10/site-packages/talker_listener-0.0.0-py3.10.egg-info\n'}
[23.407539] (talker_listener) StdoutLine: {'line': b'running install_scripts\n'}
[23.479859] (-) TimerEvent: {}
[23.556496] (talker_listener) StdoutLine: {'line': b'Installing listener_node script to /home/ubuntu/ros2_ws/src/Greyform-linux/Python_Application/install/talker_listener/lib/talker_listener\n'}
[23.557233] (talker_listener) StdoutLine: {'line': b'Installing talker_node script to /home/ubuntu/ros2_ws/src/Greyform-linux/Python_Application/install/talker_listener/lib/talker_listener\n'}
[23.559043] (talker_listener) StdoutLine: {'line': b"writing list of installed files to '/home/ubuntu/ros2_ws/src/Greyform-linux/Python_Application/build/talker_listener/install.log'\n"}
[23.580193] (-) TimerEvent: {}
[23.634502] (talker_listener) CommandEnded: {'returncode': 0}
[23.664612] (talker_listener) JobEnded: {'identifier': 'talker_listener', 'rc': 0}
[23.667672] (-) EventReactorShutdown: {}
