[0.000000] (-) TimerEvent: {}
[0.001357] (my-test-package) JobQueued: {'identifier': 'my-test-package', 'dependencies': OrderedDict()}
[0.001735] (my_package) JobQueued: {'identifier': 'my_package', 'dependencies': OrderedDict()}
[0.001929] (my_robot_wallinterfaces) JobQueued: {'identifier': 'my_robot_wallinterfaces', 'dependencies': OrderedDict()}
[0.002119] (talker_listener) JobQueued: {'identifier': 'talker_listener', 'dependencies': OrderedDict([('my_robot_wallinterfaces', '/home/ubuntu/ros2_ws/src/Greyform-linux/Python_Application/install/my_robot_wallinterfaces')])}
[0.002348] (my_robot_wallinterfaces) JobStarted: {'identifier': 'my_robot_wallinterfaces'}
[0.047898] (my-test-package) JobStarted: {'identifier': 'my-test-package'}
[0.065362] (my_package) JobStarted: {'identifier': 'my_package'}
[0.102218] (-) TimerEvent: {}
[0.106211] (my_robot_wallinterfaces) JobProgress: {'identifier': 'my_robot_wallinterfaces', 'progress': 'cmake'}
[0.114569] (my_robot_wallinterfaces) JobProgress: {'identifier': 'my_robot_wallinterfaces', 'progress': 'build'}
[0.118936] (my_robot_wallinterfaces) Command: {'cmd': ['/usr/bin/cmake', '--build', '/home/ubuntu/ros2_ws/src/Greyform-linux/Python_Application/build/my_robot_wallinterfaces', '--', '-j8', '-l8'], 'cwd': '/home/ubuntu/ros2_ws/src/Greyform-linux/Python_Application/build/my_robot_wallinterfaces', 'env': OrderedDict([('GJS_DEBUG_TOPICS', 'JS ERROR;JS LOG'), ('LESSOPEN', '| /usr/bin/lesspipe %s'), ('USER', 'ubuntu'), ('LC_TIME', 'id_ID.UTF-8'), ('FONTCONFIG_PATH', '/etc/fonts'), ('GIO_MODULE_DIR', '/home/ubuntu/snap/code/common/.cache/gio-modules'), ('XDG_SESSION_TYPE', 'x11'), ('GIT_ASKPASS', '/snap/code/191/usr/share/code/resources/app/extensions/git/dist/askpass.sh'), ('GTK_EXE_PREFIX_VSCODE_SNAP_ORIG', ''), ('GDK_BACKEND_VSCODE_SNAP_ORIG', ''), ('SHLVL', '1'), ('LD_LIBRARY_PATH', '/opt/ros/humble/opt/rviz_ogre_vendor/lib:/opt/ros/humble/lib/x86_64-linux-gnu:/opt/ros/humble/lib'), ('HOME', '/home/ubuntu'), ('CHROME_DESKTOP', 'code.desktop'), ('LOCPATH_VSCODE_SNAP_ORIG', ''), ('TERM_PROGRAM_VERSION', '1.99.3'), ('DESKTOP_SESSION', 'ubuntu-xorg'), ('GTK_PATH', '/snap/code/191/usr/lib/x86_64-linux-gnu/gtk-3.0'), ('XDG_DATA_HOME_VSCODE_SNAP_ORIG', ''), ('GTK_IM_MODULE_FILE', '/home/ubuntu/snap/code/common/.cache/immodules/immodules.cache'), ('GIO_LAUNCHED_DESKTOP_FILE', '/var/lib/snapd/desktop/applications/code_code.desktop'), ('ROS_PYTHON_VERSION', '3'), ('GNOME_SHELL_SESSION_MODE', 'ubuntu'), ('GTK_MODULES', 'gail:atk-bridge'), ('GSETTINGS_SCHEMA_DIR_VSCODE_SNAP_ORIG', ''), ('VSCODE_GIT_ASKPASS_MAIN', '/snap/code/191/usr/share/code/resources/app/extensions/git/dist/askpass-main.js'), ('LC_MONETARY', 'id_ID.UTF-8'), ('VSCODE_GIT_ASKPASS_NODE', '/snap/code/191/usr/share/code/code'), ('MANAGERPID', '1705'), ('PYDEVD_DISABLE_FILE_VALIDATION', '1'), ('SYSTEMD_EXEC_PID', '3602'), ('BUNDLED_DEBUGPY_PATH', '/home/ubuntu/.vscode/extensions/ms-python.debugpy-2025.6.0-linux-x64/bundled/libs/debugpy'), ('DBUS_SESSION_BUS_ADDRESS', 'unix:path=/run/user/1000/bus'), ('COLORTERM', 'truecolor'), ('GIO_LAUNCHED_DESKTOP_FILE_PID', '5825'), ('IM_CONFIG_PHASE', '1'), ('ROS_DISTRO', 'humble'), ('GTK_IM_MODULE', 'ibus'), ('LOGNAME', 'ubuntu'), ('JOURNAL_STREAM', '8:33791'), ('_', '/usr/bin/colcon'), ('ROS_VERSION', '2'), ('XDG_CONFIG_DIRS_VSCODE_SNAP_ORIG', '/etc/xdg/xdg-ubuntu-xorg:/etc/xdg'), ('XDG_SESSION_CLASS', 'user'), ('XDG_DATA_DIRS_VSCODE_SNAP_ORIG', '/usr/share/ubuntu-xorg:/usr/share/gnome:/home/ubuntu/.local/share/flatpak/exports/share:/var/lib/flatpak/exports/share:/usr/local/share/:/usr/share/:/var/lib/snapd/desktop'), ('USERNAME', 'ubuntu'), ('TERM', 'xterm-256color'), ('GNOME_DESKTOP_SESSION_ID', 'this-is-deprecated'), ('ROS_LOCALHOST_ONLY', '0'), ('WINDOWPATH', '2'), ('PATH', '/opt/ros/humble/bin:/home/ubuntu/.local/bin:/usr/local/sbin:/usr/local/bin:/usr/sbin:/usr/bin:/sbin:/bin:/usr/games:/usr/local/games:/snap/bin:/snap/bin:/home/ubuntu/.vscode/extensions/ms-python.debugpy-2025.6.0-linux-x64/bundled/scripts/noConfigScripts'), ('SESSION_MANAGER', 'local/ubuntu-virtual-machine:@/tmp/.ICE-unix/3570,unix/ubuntu-virtual-machine:/tmp/.ICE-unix/3570'), ('GTK_EXE_PREFIX', '/snap/code/191/usr'), ('INVOCATION_ID', 'c43eceb5d0b44bad9ef1bd7c95aa3904'), ('XDG_MENU_PREFIX', 'gnome-'), ('LC_ADDRESS', 'id_ID.UTF-8'), ('BAMF_DESKTOP_FILE_HINT', '/var/lib/snapd/desktop/applications/code_code.desktop'), ('XDG_RUNTIME_DIR', '/run/user/1000'), ('GDK_BACKEND', 'x11'), ('DISPLAY', ':0'), ('LOCPATH', '/snap/code/191/usr/lib/locale'), ('VSCODE_DEBUGPY_ADAPTER_ENDPOINTS', '/home/ubuntu/.vscode/extensions/ms-python.debugpy-2025.6.0-linux-x64/.noConfigDebugAdapterEndpoints/endpoint-5c4e4c73dc4993ee.txt'), ('LANG', 'en_US.UTF-8'), ('XDG_CURRENT_DESKTOP', 'Unity'), ('LC_TELEPHONE', 'id_ID.UTF-8'), ('GIO_MODULE_DIR_VSCODE_SNAP_ORIG', ''), ('XDG_DATA_HOME', '/home/ubuntu/snap/code/191/.local/share'), ('XMODIFIERS', '@im=ibus'), ('XDG_SESSION_DESKTOP', 'ubuntu-xorg'), ('XAUTHORITY', '/run/user/1000/gdm/Xauthority'), ('LS_COLORS', 'rs=0:di=01;34:ln=01;36:mh=00:pi=40;33:so=01;35:do=01;35:bd=40;33;01:cd=40;33;01:or=40;31;01:mi=00:su=37;41:sg=30;43:ca=30;41:tw=30;42:ow=34;42:st=37;44:ex=01;32:*.tar=01;31:*.tgz=01;31:*.arc=01;31:*.arj=01;31:*.taz=01;31:*.lha=01;31:*.lz4=01;31:*.lzh=01;31:*.lzma=01;31:*.tlz=01;31:*.txz=01;31:*.tzo=01;31:*.t7z=01;31:*.zip=01;31:*.z=01;31:*.dz=01;31:*.gz=01;31:*.lrz=01;31:*.lz=01;31:*.lzo=01;31:*.xz=01;31:*.zst=01;31:*.tzst=01;31:*.bz2=01;31:*.bz=01;31:*.tbz=01;31:*.tbz2=01;31:*.tz=01;31:*.deb=01;31:*.rpm=01;31:*.jar=01;31:*.war=01;31:*.ear=01;31:*.sar=01;31:*.rar=01;31:*.alz=01;31:*.ace=01;31:*.zoo=01;31:*.cpio=01;31:*.7z=01;31:*.rz=01;31:*.cab=01;31:*.wim=01;31:*.swm=01;31:*.dwm=01;31:*.esd=01;31:*.jpg=01;35:*.jpeg=01;35:*.mjpg=01;35:*.mjpeg=01;35:*.gif=01;35:*.bmp=01;35:*.pbm=01;35:*.pgm=01;35:*.ppm=01;35:*.tga=01;35:*.xbm=01;35:*.xpm=01;35:*.tif=01;35:*.tiff=01;35:*.png=01;35:*.svg=01;35:*.svgz=01;35:*.mng=01;35:*.pcx=01;35:*.mov=01;35:*.mpg=01;35:*.mpeg=01;35:*.m2v=01;35:*.mkv=01;35:*.webm=01;35:*.webp=01;35:*.ogm=01;35:*.mp4=01;35:*.m4v=01;35:*.mp4v=01;35:*.vob=01;35:*.qt=01;35:*.nuv=01;35:*.wmv=01;35:*.asf=01;35:*.rm=01;35:*.rmvb=01;35:*.flc=01;35:*.avi=01;35:*.fli=01;35:*.flv=01;35:*.gl=01;35:*.dl=01;35:*.xcf=01;35:*.xwd=01;35:*.yuv=01;35:*.cgm=01;35:*.emf=01;35:*.ogv=01;35:*.ogx=01;35:*.aac=00;36:*.au=00;36:*.flac=00;36:*.m4a=00;36:*.mid=00;36:*.midi=00;36:*.mka=00;36:*.mp3=00;36:*.mpc=00;36:*.ogg=00;36:*.ra=00;36:*.wav=00;36:*.oga=00;36:*.opus=00;36:*.spx=00;36:*.xspf=00;36:'), ('VSCODE_GIT_IPC_HANDLE', '/run/user/1000/vscode-git-93ae0fd6cc.sock'), ('TERM_PROGRAM', 'vscode'), ('SSH_AGENT_LAUNCHER', 'gnome-keyring'), ('SSH_AUTH_SOCK', '/run/user/1000/keyring/ssh'), ('GSETTINGS_SCHEMA_DIR', '/home/ubuntu/snap/code/191/.local/share/glib-2.0/schemas'), ('AMENT_PREFIX_PATH', '/opt/ros/humble'), ('ORIGINAL_XDG_CURRENT_DESKTOP', 'ubuntu:GNOME'), ('SHELL', '/bin/bash'), ('LC_NAME', 'id_ID.UTF-8'), ('QT_ACCESSIBILITY', '1'), ('GDMSESSION', 'ubuntu-xorg'), ('LESSCLOSE', '/usr/bin/lesspipe %s %s'), ('GTK_PATH_VSCODE_SNAP_ORIG', ''), ('FONTCONFIG_FILE', '/etc/fonts/fonts.conf'), ('GTK_IM_MODULE_FILE_VSCODE_SNAP_ORIG', ''), ('LC_MEASUREMENT', 'id_ID.UTF-8'), ('GPG_AGENT_INFO', '/run/user/1000/gnupg/S.gpg-agent:0:1'), ('GJS_DEBUG_OUTPUT', 'stderr'), ('LC_IDENTIFICATION', 'id_ID.UTF-8'), ('VSCODE_GIT_ASKPASS_EXTRA_ARGS', ''), ('QT_IM_MODULE', 'ibus'), ('PWD', '/home/ubuntu/ros2_ws/src/Greyform-linux/Python_Application/build/my_robot_wallinterfaces'), ('QT_QPA_PLATFORM', 'xcb'), ('LC_ALL', 'en_US.UTF-8'), ('XDG_CONFIG_DIRS', '/etc/xdg/xdg-ubuntu-xorg:/etc/xdg'), ('XDG_DATA_DIRS', '/home/ubuntu/snap/code/191/.local/share:/home/ubuntu/snap/code/191:/snap/code/191/usr/share:/usr/share/ubuntu-xorg:/usr/share/gnome:/home/ubuntu/.local/share/flatpak/exports/share:/var/lib/flatpak/exports/share:/usr/local/share/:/usr/share/:/var/lib/snapd/desktop'), ('PYTHONPATH', '/opt/ros/humble/lib/python3.10/site-packages:/opt/ros/humble/local/lib/python3.10/dist-packages'), ('LC_NUMERIC', 'id_ID.UTF-8'), ('LC_PAPER', 'id_ID.UTF-8'), ('COLCON', '1'), ('CMAKE_PREFIX_PATH', '/opt/ros/humble')]), 'shell': False}
[0.205685] (-) TimerEvent: {}
[0.306639] (-) TimerEvent: {}
[0.409380] (-) TimerEvent: {}
[0.511580] (-) TimerEvent: {}
[0.613556] (-) TimerEvent: {}
[0.714829] (-) TimerEvent: {}
[0.818636] (-) TimerEvent: {}
[0.919759] (-) TimerEvent: {}
[1.021186] (-) TimerEvent: {}
[1.136616] (-) TimerEvent: {}
[1.240999] (-) TimerEvent: {}
[1.343948] (-) TimerEvent: {}
[1.450658] (-) TimerEvent: {}
[1.606547] (-) TimerEvent: {}
[1.722925] (-) TimerEvent: {}
[1.828717] (-) TimerEvent: {}
[1.940505] (-) TimerEvent: {}
[2.055815] (-) TimerEvent: {}
[2.156522] (-) TimerEvent: {}
[2.262135] (-) TimerEvent: {}
[2.368544] (-) TimerEvent: {}
[2.482359] (-) TimerEvent: {}
[2.587713] (-) TimerEvent: {}
[2.690664] (-) TimerEvent: {}
[2.801629] (-) TimerEvent: {}
[2.920558] (-) TimerEvent: {}
[3.021831] (-) TimerEvent: {}
[3.136889] (-) TimerEvent: {}
[3.252433] (-) TimerEvent: {}
[3.354730] (-) TimerEvent: {}
[3.459068] (-) TimerEvent: {}
[3.562204] (-) TimerEvent: {}
[3.666735] (-) TimerEvent: {}
[3.772864] (-) TimerEvent: {}
[3.879466] (-) TimerEvent: {}
[3.981254] (-) TimerEvent: {}
[4.087672] (-) TimerEvent: {}
[4.196252] (-) TimerEvent: {}
[4.299839] (-) TimerEvent: {}
[4.400629] (-) TimerEvent: {}
[4.503089] (-) TimerEvent: {}
[4.606924] (-) TimerEvent: {}
[4.684243] (my_robot_wallinterfaces) StdoutLine: {'line': b'[ 10%] Built target my_robot_wallinterfaces__rosidl_generator_c\n'}
[4.691775] (my_robot_wallinterfaces) StdoutLine: {'line': b'[ 12%] Built target my_robot_wallinterfaces__cpp\n'}
[4.692119] (my_robot_wallinterfaces) StdoutLine: {'line': b'[ 12%] Built target ament_cmake_python_copy_my_robot_wallinterfaces\n'}
[4.699215] (my_robot_wallinterfaces) StdoutLine: {'line': b'[ 23%] Built target my_robot_wallinterfaces__rosidl_typesupport_c\n'}
[4.700059] (my_robot_wallinterfaces) StdoutLine: {'line': b'[ 34%] Built target my_robot_wallinterfaces__rosidl_typesupport_introspection_c\n'}
[4.701220] (my_robot_wallinterfaces) StdoutLine: {'line': b'[ 44%] Built target my_robot_wallinterfaces__rosidl_typesupport_introspection_cpp\n'}
[4.701730] (my_robot_wallinterfaces) StdoutLine: {'line': b'[ 55%] Built target my_robot_wallinterfaces__rosidl_typesupport_cpp\n'}
[4.702136] (my_robot_wallinterfaces) StdoutLine: {'line': b'[ 65%] Built target my_robot_wallinterfaces__rosidl_typesupport_fastrtps_c\n'}
[4.744414] (-) TimerEvent: {}
[4.749797] (my_robot_wallinterfaces) StdoutLine: {'line': b'[ 76%] Built target my_robot_wallinterfaces__rosidl_typesupport_fastrtps_cpp\n'}
[4.750633] (my_robot_wallinterfaces) StdoutLine: {'line': b'[ 76%] Built target my_robot_wallinterfaces\n'}
[4.751096] (my_robot_wallinterfaces) StdoutLine: {'line': b'[ 78%] Built target my_robot_wallinterfaces__py\n'}
[4.751924] (my_robot_wallinterfaces) StdoutLine: {'line': b'[ 87%] Built target my_robot_wallinterfaces__rosidl_generator_py\n'}
[4.752414] (my_robot_wallinterfaces) StdoutLine: {'line': b'[ 91%] Built target my_robot_wallinterfaces__rosidl_typesupport_c__pyext\n'}
[4.752962] (my_robot_wallinterfaces) StdoutLine: {'line': b'[ 95%] Built target my_robot_wallinterfaces__rosidl_typesupport_introspection_c__pyext\n'}
[4.755434] (my_robot_wallinterfaces) StdoutLine: {'line': b'[100%] Built target my_robot_wallinterfaces__rosidl_typesupport_fastrtps_c__pyext\n'}
[4.757265] (my_package) JobProgress: {'identifier': 'my_package', 'progress': 'cmake'}
[4.798532] (my_package) JobProgress: {'identifier': 'my_package', 'progress': 'build'}
[4.800447] (my_package) Command: {'cmd': ['/usr/bin/cmake', '--build', '/home/ubuntu/ros2_ws/src/Greyform-linux/Python_Application/build/my_package', '--', '-j8', '-l8'], 'cwd': '/home/ubuntu/ros2_ws/src/Greyform-linux/Python_Application/build/my_package', 'env': OrderedDict([('GJS_DEBUG_TOPICS', 'JS ERROR;JS LOG'), ('LESSOPEN', '| /usr/bin/lesspipe %s'), ('USER', 'ubuntu'), ('LC_TIME', 'id_ID.UTF-8'), ('FONTCONFIG_PATH', '/etc/fonts'), ('GIO_MODULE_DIR', '/home/ubuntu/snap/code/common/.cache/gio-modules'), ('XDG_SESSION_TYPE', 'x11'), ('GIT_ASKPASS', '/snap/code/191/usr/share/code/resources/app/extensions/git/dist/askpass.sh'), ('GTK_EXE_PREFIX_VSCODE_SNAP_ORIG', ''), ('GDK_BACKEND_VSCODE_SNAP_ORIG', ''), ('SHLVL', '1'), ('LD_LIBRARY_PATH', '/opt/ros/humble/opt/rviz_ogre_vendor/lib:/opt/ros/humble/lib/x86_64-linux-gnu:/opt/ros/humble/lib'), ('HOME', '/home/ubuntu'), ('CHROME_DESKTOP', 'code.desktop'), ('LOCPATH_VSCODE_SNAP_ORIG', ''), ('TERM_PROGRAM_VERSION', '1.99.3'), ('DESKTOP_SESSION', 'ubuntu-xorg'), ('GTK_PATH', '/snap/code/191/usr/lib/x86_64-linux-gnu/gtk-3.0'), ('XDG_DATA_HOME_VSCODE_SNAP_ORIG', ''), ('GTK_IM_MODULE_FILE', '/home/ubuntu/snap/code/common/.cache/immodules/immodules.cache'), ('GIO_LAUNCHED_DESKTOP_FILE', '/var/lib/snapd/desktop/applications/code_code.desktop'), ('ROS_PYTHON_VERSION', '3'), ('GNOME_SHELL_SESSION_MODE', 'ubuntu'), ('GTK_MODULES', 'gail:atk-bridge'), ('GSETTINGS_SCHEMA_DIR_VSCODE_SNAP_ORIG', ''), ('VSCODE_GIT_ASKPASS_MAIN', '/snap/code/191/usr/share/code/resources/app/extensions/git/dist/askpass-main.js'), ('LC_MONETARY', 'id_ID.UTF-8'), ('VSCODE_GIT_ASKPASS_NODE', '/snap/code/191/usr/share/code/code'), ('MANAGERPID', '1705'), ('PYDEVD_DISABLE_FILE_VALIDATION', '1'), ('SYSTEMD_EXEC_PID', '3602'), ('BUNDLED_DEBUGPY_PATH', '/home/ubuntu/.vscode/extensions/ms-python.debugpy-2025.6.0-linux-x64/bundled/libs/debugpy'), ('DBUS_SESSION_BUS_ADDRESS', 'unix:path=/run/user/1000/bus'), ('COLORTERM', 'truecolor'), ('GIO_LAUNCHED_DESKTOP_FILE_PID', '5825'), ('IM_CONFIG_PHASE', '1'), ('ROS_DISTRO', 'humble'), ('GTK_IM_MODULE', 'ibus'), ('LOGNAME', 'ubuntu'), ('JOURNAL_STREAM', '8:33791'), ('_', '/usr/bin/colcon'), ('ROS_VERSION', '2'), ('XDG_CONFIG_DIRS_VSCODE_SNAP_ORIG', '/etc/xdg/xdg-ubuntu-xorg:/etc/xdg'), ('XDG_SESSION_CLASS', 'user'), ('XDG_DATA_DIRS_VSCODE_SNAP_ORIG', '/usr/share/ubuntu-xorg:/usr/share/gnome:/home/ubuntu/.local/share/flatpak/exports/share:/var/lib/flatpak/exports/share:/usr/local/share/:/usr/share/:/var/lib/snapd/desktop'), ('USERNAME', 'ubuntu'), ('TERM', 'xterm-256color'), ('GNOME_DESKTOP_SESSION_ID', 'this-is-deprecated'), ('ROS_LOCALHOST_ONLY', '0'), ('WINDOWPATH', '2'), ('PATH', '/opt/ros/humble/bin:/home/ubuntu/.local/bin:/usr/local/sbin:/usr/local/bin:/usr/sbin:/usr/bin:/sbin:/bin:/usr/games:/usr/local/games:/snap/bin:/snap/bin:/home/ubuntu/.vscode/extensions/ms-python.debugpy-2025.6.0-linux-x64/bundled/scripts/noConfigScripts'), ('SESSION_MANAGER', 'local/ubuntu-virtual-machine:@/tmp/.ICE-unix/3570,unix/ubuntu-virtual-machine:/tmp/.ICE-unix/3570'), ('GTK_EXE_PREFIX', '/snap/code/191/usr'), ('INVOCATION_ID', 'c43eceb5d0b44bad9ef1bd7c95aa3904'), ('XDG_MENU_PREFIX', 'gnome-'), ('LC_ADDRESS', 'id_ID.UTF-8'), ('BAMF_DESKTOP_FILE_HINT', '/var/lib/snapd/desktop/applications/code_code.desktop'), ('XDG_RUNTIME_DIR', '/run/user/1000'), ('GDK_BACKEND', 'x11'), ('DISPLAY', ':0'), ('LOCPATH', '/snap/code/191/usr/lib/locale'), ('VSCODE_DEBUGPY_ADAPTER_ENDPOINTS', '/home/ubuntu/.vscode/extensions/ms-python.debugpy-2025.6.0-linux-x64/.noConfigDebugAdapterEndpoints/endpoint-5c4e4c73dc4993ee.txt'), ('LANG', 'en_US.UTF-8'), ('XDG_CURRENT_DESKTOP', 'Unity'), ('LC_TELEPHONE', 'id_ID.UTF-8'), ('GIO_MODULE_DIR_VSCODE_SNAP_ORIG', ''), ('XDG_DATA_HOME', '/home/ubuntu/snap/code/191/.local/share'), ('XMODIFIERS', '@im=ibus'), ('XDG_SESSION_DESKTOP', 'ubuntu-xorg'), ('XAUTHORITY', '/run/user/1000/gdm/Xauthority'), ('LS_COLORS', 'rs=0:di=01;34:ln=01;36:mh=00:pi=40;33:so=01;35:do=01;35:bd=40;33;01:cd=40;33;01:or=40;31;01:mi=00:su=37;41:sg=30;43:ca=30;41:tw=30;42:ow=34;42:st=37;44:ex=01;32:*.tar=01;31:*.tgz=01;31:*.arc=01;31:*.arj=01;31:*.taz=01;31:*.lha=01;31:*.lz4=01;31:*.lzh=01;31:*.lzma=01;31:*.tlz=01;31:*.txz=01;31:*.tzo=01;31:*.t7z=01;31:*.zip=01;31:*.z=01;31:*.dz=01;31:*.gz=01;31:*.lrz=01;31:*.lz=01;31:*.lzo=01;31:*.xz=01;31:*.zst=01;31:*.tzst=01;31:*.bz2=01;31:*.bz=01;31:*.tbz=01;31:*.tbz2=01;31:*.tz=01;31:*.deb=01;31:*.rpm=01;31:*.jar=01;31:*.war=01;31:*.ear=01;31:*.sar=01;31:*.rar=01;31:*.alz=01;31:*.ace=01;31:*.zoo=01;31:*.cpio=01;31:*.7z=01;31:*.rz=01;31:*.cab=01;31:*.wim=01;31:*.swm=01;31:*.dwm=01;31:*.esd=01;31:*.jpg=01;35:*.jpeg=01;35:*.mjpg=01;35:*.mjpeg=01;35:*.gif=01;35:*.bmp=01;35:*.pbm=01;35:*.pgm=01;35:*.ppm=01;35:*.tga=01;35:*.xbm=01;35:*.xpm=01;35:*.tif=01;35:*.tiff=01;35:*.png=01;35:*.svg=01;35:*.svgz=01;35:*.mng=01;35:*.pcx=01;35:*.mov=01;35:*.mpg=01;35:*.mpeg=01;35:*.m2v=01;35:*.mkv=01;35:*.webm=01;35:*.webp=01;35:*.ogm=01;35:*.mp4=01;35:*.m4v=01;35:*.mp4v=01;35:*.vob=01;35:*.qt=01;35:*.nuv=01;35:*.wmv=01;35:*.asf=01;35:*.rm=01;35:*.rmvb=01;35:*.flc=01;35:*.avi=01;35:*.fli=01;35:*.flv=01;35:*.gl=01;35:*.dl=01;35:*.xcf=01;35:*.xwd=01;35:*.yuv=01;35:*.cgm=01;35:*.emf=01;35:*.ogv=01;35:*.ogx=01;35:*.aac=00;36:*.au=00;36:*.flac=00;36:*.m4a=00;36:*.mid=00;36:*.midi=00;36:*.mka=00;36:*.mp3=00;36:*.mpc=00;36:*.ogg=00;36:*.ra=00;36:*.wav=00;36:*.oga=00;36:*.opus=00;36:*.spx=00;36:*.xspf=00;36:'), ('VSCODE_GIT_IPC_HANDLE', '/run/user/1000/vscode-git-93ae0fd6cc.sock'), ('TERM_PROGRAM', 'vscode'), ('SSH_AGENT_LAUNCHER', 'gnome-keyring'), ('SSH_AUTH_SOCK', '/run/user/1000/keyring/ssh'), ('GSETTINGS_SCHEMA_DIR', '/home/ubuntu/snap/code/191/.local/share/glib-2.0/schemas'), ('AMENT_PREFIX_PATH', '/opt/ros/humble'), ('ORIGINAL_XDG_CURRENT_DESKTOP', 'ubuntu:GNOME'), ('SHELL', '/bin/bash'), ('LC_NAME', 'id_ID.UTF-8'), ('QT_ACCESSIBILITY', '1'), ('GDMSESSION', 'ubuntu-xorg'), ('LESSCLOSE', '/usr/bin/lesspipe %s %s'), ('GTK_PATH_VSCODE_SNAP_ORIG', ''), ('FONTCONFIG_FILE', '/etc/fonts/fonts.conf'), ('GTK_IM_MODULE_FILE_VSCODE_SNAP_ORIG', ''), ('LC_MEASUREMENT', 'id_ID.UTF-8'), ('GPG_AGENT_INFO', '/run/user/1000/gnupg/S.gpg-agent:0:1'), ('GJS_DEBUG_OUTPUT', 'stderr'), ('LC_IDENTIFICATION', 'id_ID.UTF-8'), ('VSCODE_GIT_ASKPASS_EXTRA_ARGS', ''), ('QT_IM_MODULE', 'ibus'), ('PWD', '/home/ubuntu/ros2_ws/src/Greyform-linux/Python_Application/build/my_package'), ('QT_QPA_PLATFORM', 'xcb'), ('LC_ALL', 'en_US.UTF-8'), ('XDG_CONFIG_DIRS', '/etc/xdg/xdg-ubuntu-xorg:/etc/xdg'), ('XDG_DATA_DIRS', '/home/ubuntu/snap/code/191/.local/share:/home/ubuntu/snap/code/191:/snap/code/191/usr/share:/usr/share/ubuntu-xorg:/usr/share/gnome:/home/ubuntu/.local/share/flatpak/exports/share:/var/lib/flatpak/exports/share:/usr/local/share/:/usr/share/:/var/lib/snapd/desktop'), ('PYTHONPATH', '/opt/ros/humble/lib/python3.10/site-packages:/opt/ros/humble/local/lib/python3.10/dist-packages'), ('LC_NUMERIC', 'id_ID.UTF-8'), ('LC_PAPER', 'id_ID.UTF-8'), ('COLCON', '1'), ('CMAKE_PREFIX_PATH', '/opt/ros/humble')]), 'shell': False}
[4.845120] (-) TimerEvent: {}
[4.963953] (-) TimerEvent: {}
[5.084095] (-) TimerEvent: {}
[5.185158] (-) TimerEvent: {}
[5.301372] (-) TimerEvent: {}
[5.414150] (-) TimerEvent: {}
[5.531993] (-) TimerEvent: {}
[5.637751] (-) TimerEvent: {}
[5.739750] (-) TimerEvent: {}
[5.787180] (my_package) CommandEnded: {'returncode': 0}
[5.825768] (my_package) JobProgress: {'identifier': 'my_package', 'progress': 'install'}
[5.840243] (-) TimerEvent: {}
[5.970204] (-) TimerEvent: {}
[6.004735] (my_package) Command: {'cmd': ['/usr/bin/cmake', '--install', '/home/ubuntu/ros2_ws/src/Greyform-linux/Python_Application/build/my_package'], 'cwd': '/home/ubuntu/ros2_ws/src/Greyform-linux/Python_Application/build/my_package', 'env': OrderedDict([('GJS_DEBUG_TOPICS', 'JS ERROR;JS LOG'), ('LESSOPEN', '| /usr/bin/lesspipe %s'), ('USER', 'ubuntu'), ('LC_TIME', 'id_ID.UTF-8'), ('FONTCONFIG_PATH', '/etc/fonts'), ('GIO_MODULE_DIR', '/home/ubuntu/snap/code/common/.cache/gio-modules'), ('XDG_SESSION_TYPE', 'x11'), ('GIT_ASKPASS', '/snap/code/191/usr/share/code/resources/app/extensions/git/dist/askpass.sh'), ('GTK_EXE_PREFIX_VSCODE_SNAP_ORIG', ''), ('GDK_BACKEND_VSCODE_SNAP_ORIG', ''), ('SHLVL', '1'), ('LD_LIBRARY_PATH', '/opt/ros/humble/opt/rviz_ogre_vendor/lib:/opt/ros/humble/lib/x86_64-linux-gnu:/opt/ros/humble/lib'), ('HOME', '/home/ubuntu'), ('CHROME_DESKTOP', 'code.desktop'), ('LOCPATH_VSCODE_SNAP_ORIG', ''), ('TERM_PROGRAM_VERSION', '1.99.3'), ('DESKTOP_SESSION', 'ubuntu-xorg'), ('GTK_PATH', '/snap/code/191/usr/lib/x86_64-linux-gnu/gtk-3.0'), ('XDG_DATA_HOME_VSCODE_SNAP_ORIG', ''), ('GTK_IM_MODULE_FILE', '/home/ubuntu/snap/code/common/.cache/immodules/immodules.cache'), ('GIO_LAUNCHED_DESKTOP_FILE', '/var/lib/snapd/desktop/applications/code_code.desktop'), ('ROS_PYTHON_VERSION', '3'), ('GNOME_SHELL_SESSION_MODE', 'ubuntu'), ('GTK_MODULES', 'gail:atk-bridge'), ('GSETTINGS_SCHEMA_DIR_VSCODE_SNAP_ORIG', ''), ('VSCODE_GIT_ASKPASS_MAIN', '/snap/code/191/usr/share/code/resources/app/extensions/git/dist/askpass-main.js'), ('LC_MONETARY', 'id_ID.UTF-8'), ('VSCODE_GIT_ASKPASS_NODE', '/snap/code/191/usr/share/code/code'), ('MANAGERPID', '1705'), ('PYDEVD_DISABLE_FILE_VALIDATION', '1'), ('SYSTEMD_EXEC_PID', '3602'), ('BUNDLED_DEBUGPY_PATH', '/home/ubuntu/.vscode/extensions/ms-python.debugpy-2025.6.0-linux-x64/bundled/libs/debugpy'), ('DBUS_SESSION_BUS_ADDRESS', 'unix:path=/run/user/1000/bus'), ('COLORTERM', 'truecolor'), ('GIO_LAUNCHED_DESKTOP_FILE_PID', '5825'), ('IM_CONFIG_PHASE', '1'), ('ROS_DISTRO', 'humble'), ('GTK_IM_MODULE', 'ibus'), ('LOGNAME', 'ubuntu'), ('JOURNAL_STREAM', '8:33791'), ('_', '/usr/bin/colcon'), ('ROS_VERSION', '2'), ('XDG_CONFIG_DIRS_VSCODE_SNAP_ORIG', '/etc/xdg/xdg-ubuntu-xorg:/etc/xdg'), ('XDG_SESSION_CLASS', 'user'), ('XDG_DATA_DIRS_VSCODE_SNAP_ORIG', '/usr/share/ubuntu-xorg:/usr/share/gnome:/home/ubuntu/.local/share/flatpak/exports/share:/var/lib/flatpak/exports/share:/usr/local/share/:/usr/share/:/var/lib/snapd/desktop'), ('USERNAME', 'ubuntu'), ('TERM', 'xterm-256color'), ('GNOME_DESKTOP_SESSION_ID', 'this-is-deprecated'), ('ROS_LOCALHOST_ONLY', '0'), ('WINDOWPATH', '2'), ('PATH', '/opt/ros/humble/bin:/home/ubuntu/.local/bin:/usr/local/sbin:/usr/local/bin:/usr/sbin:/usr/bin:/sbin:/bin:/usr/games:/usr/local/games:/snap/bin:/snap/bin:/home/ubuntu/.vscode/extensions/ms-python.debugpy-2025.6.0-linux-x64/bundled/scripts/noConfigScripts'), ('SESSION_MANAGER', 'local/ubuntu-virtual-machine:@/tmp/.ICE-unix/3570,unix/ubuntu-virtual-machine:/tmp/.ICE-unix/3570'), ('GTK_EXE_PREFIX', '/snap/code/191/usr'), ('INVOCATION_ID', 'c43eceb5d0b44bad9ef1bd7c95aa3904'), ('XDG_MENU_PREFIX', 'gnome-'), ('LC_ADDRESS', 'id_ID.UTF-8'), ('BAMF_DESKTOP_FILE_HINT', '/var/lib/snapd/desktop/applications/code_code.desktop'), ('XDG_RUNTIME_DIR', '/run/user/1000'), ('GDK_BACKEND', 'x11'), ('DISPLAY', ':0'), ('LOCPATH', '/snap/code/191/usr/lib/locale'), ('VSCODE_DEBUGPY_ADAPTER_ENDPOINTS', '/home/ubuntu/.vscode/extensions/ms-python.debugpy-2025.6.0-linux-x64/.noConfigDebugAdapterEndpoints/endpoint-5c4e4c73dc4993ee.txt'), ('LANG', 'en_US.UTF-8'), ('XDG_CURRENT_DESKTOP', 'Unity'), ('LC_TELEPHONE', 'id_ID.UTF-8'), ('GIO_MODULE_DIR_VSCODE_SNAP_ORIG', ''), ('XDG_DATA_HOME', '/home/ubuntu/snap/code/191/.local/share'), ('XMODIFIERS', '@im=ibus'), ('XDG_SESSION_DESKTOP', 'ubuntu-xorg'), ('XAUTHORITY', '/run/user/1000/gdm/Xauthority'), ('LS_COLORS', 'rs=0:di=01;34:ln=01;36:mh=00:pi=40;33:so=01;35:do=01;35:bd=40;33;01:cd=40;33;01:or=40;31;01:mi=00:su=37;41:sg=30;43:ca=30;41:tw=30;42:ow=34;42:st=37;44:ex=01;32:*.tar=01;31:*.tgz=01;31:*.arc=01;31:*.arj=01;31:*.taz=01;31:*.lha=01;31:*.lz4=01;31:*.lzh=01;31:*.lzma=01;31:*.tlz=01;31:*.txz=01;31:*.tzo=01;31:*.t7z=01;31:*.zip=01;31:*.z=01;31:*.dz=01;31:*.gz=01;31:*.lrz=01;31:*.lz=01;31:*.lzo=01;31:*.xz=01;31:*.zst=01;31:*.tzst=01;31:*.bz2=01;31:*.bz=01;31:*.tbz=01;31:*.tbz2=01;31:*.tz=01;31:*.deb=01;31:*.rpm=01;31:*.jar=01;31:*.war=01;31:*.ear=01;31:*.sar=01;31:*.rar=01;31:*.alz=01;31:*.ace=01;31:*.zoo=01;31:*.cpio=01;31:*.7z=01;31:*.rz=01;31:*.cab=01;31:*.wim=01;31:*.swm=01;31:*.dwm=01;31:*.esd=01;31:*.jpg=01;35:*.jpeg=01;35:*.mjpg=01;35:*.mjpeg=01;35:*.gif=01;35:*.bmp=01;35:*.pbm=01;35:*.pgm=01;35:*.ppm=01;35:*.tga=01;35:*.xbm=01;35:*.xpm=01;35:*.tif=01;35:*.tiff=01;35:*.png=01;35:*.svg=01;35:*.svgz=01;35:*.mng=01;35:*.pcx=01;35:*.mov=01;35:*.mpg=01;35:*.mpeg=01;35:*.m2v=01;35:*.mkv=01;35:*.webm=01;35:*.webp=01;35:*.ogm=01;35:*.mp4=01;35:*.m4v=01;35:*.mp4v=01;35:*.vob=01;35:*.qt=01;35:*.nuv=01;35:*.wmv=01;35:*.asf=01;35:*.rm=01;35:*.rmvb=01;35:*.flc=01;35:*.avi=01;35:*.fli=01;35:*.flv=01;35:*.gl=01;35:*.dl=01;35:*.xcf=01;35:*.xwd=01;35:*.yuv=01;35:*.cgm=01;35:*.emf=01;35:*.ogv=01;35:*.ogx=01;35:*.aac=00;36:*.au=00;36:*.flac=00;36:*.m4a=00;36:*.mid=00;36:*.midi=00;36:*.mka=00;36:*.mp3=00;36:*.mpc=00;36:*.ogg=00;36:*.ra=00;36:*.wav=00;36:*.oga=00;36:*.opus=00;36:*.spx=00;36:*.xspf=00;36:'), ('VSCODE_GIT_IPC_HANDLE', '/run/user/1000/vscode-git-93ae0fd6cc.sock'), ('TERM_PROGRAM', 'vscode'), ('SSH_AGENT_LAUNCHER', 'gnome-keyring'), ('SSH_AUTH_SOCK', '/run/user/1000/keyring/ssh'), ('GSETTINGS_SCHEMA_DIR', '/home/ubuntu/snap/code/191/.local/share/glib-2.0/schemas'), ('AMENT_PREFIX_PATH', '/opt/ros/humble'), ('ORIGINAL_XDG_CURRENT_DESKTOP', 'ubuntu:GNOME'), ('SHELL', '/bin/bash'), ('LC_NAME', 'id_ID.UTF-8'), ('QT_ACCESSIBILITY', '1'), ('GDMSESSION', 'ubuntu-xorg'), ('LESSCLOSE', '/usr/bin/lesspipe %s %s'), ('GTK_PATH_VSCODE_SNAP_ORIG', ''), ('FONTCONFIG_FILE', '/etc/fonts/fonts.conf'), ('GTK_IM_MODULE_FILE_VSCODE_SNAP_ORIG', ''), ('LC_MEASUREMENT', 'id_ID.UTF-8'), ('GPG_AGENT_INFO', '/run/user/1000/gnupg/S.gpg-agent:0:1'), ('GJS_DEBUG_OUTPUT', 'stderr'), ('LC_IDENTIFICATION', 'id_ID.UTF-8'), ('VSCODE_GIT_ASKPASS_EXTRA_ARGS', ''), ('QT_IM_MODULE', 'ibus'), ('PWD', '/home/ubuntu/ros2_ws/src/Greyform-linux/Python_Application/build/my_package'), ('QT_QPA_PLATFORM', 'xcb'), ('LC_ALL', 'en_US.UTF-8'), ('XDG_CONFIG_DIRS', '/etc/xdg/xdg-ubuntu-xorg:/etc/xdg'), ('XDG_DATA_DIRS', '/home/ubuntu/snap/code/191/.local/share:/home/ubuntu/snap/code/191:/snap/code/191/usr/share:/usr/share/ubuntu-xorg:/usr/share/gnome:/home/ubuntu/.local/share/flatpak/exports/share:/var/lib/flatpak/exports/share:/usr/local/share/:/usr/share/:/var/lib/snapd/desktop'), ('PYTHONPATH', '/opt/ros/humble/lib/python3.10/site-packages:/opt/ros/humble/local/lib/python3.10/dist-packages'), ('LC_NUMERIC', 'id_ID.UTF-8'), ('LC_PAPER', 'id_ID.UTF-8'), ('COLCON', '1'), ('CMAKE_PREFIX_PATH', '/opt/ros/humble')]), 'shell': False}
[6.072672] (-) TimerEvent: {}
[6.174398] (my_package) StdoutLine: {'line': b'-- Install configuration: ""\n'}
[6.175024] (-) TimerEvent: {}
[6.175557] (my_package) StdoutLine: {'line': b'-- Up-to-date: /home/ubuntu/ros2_ws/src/Greyform-linux/Python_Application/install/my_package/share/ament_index/resource_index/package_run_dependencies/my_package\n'}
[6.175957] (my_package) StdoutLine: {'line': b'-- Up-to-date: /home/ubuntu/ros2_ws/src/Greyform-linux/Python_Application/install/my_package/share/ament_index/resource_index/parent_prefix_path/my_package\n'}
[6.193101] (my_package) StdoutLine: {'line': b'-- Up-to-date: /home/ubuntu/ros2_ws/src/Greyform-linux/Python_Application/install/my_package/share/my_package/environment/ament_prefix_path.sh\n'}
[6.198767] (my_package) StdoutLine: {'line': b'-- Up-to-date: /home/ubuntu/ros2_ws/src/Greyform-linux/Python_Application/install/my_package/share/my_package/environment/ament_prefix_path.dsv\n'}
[6.201157] (my_package) StdoutLine: {'line': b'-- Up-to-date: /home/ubuntu/ros2_ws/src/Greyform-linux/Python_Application/install/my_package/share/my_package/environment/path.sh\n'}
[6.201858] (my_package) StdoutLine: {'line': b'-- Up-to-date: /home/ubuntu/ros2_ws/src/Greyform-linux/Python_Application/install/my_package/share/my_package/environment/path.dsv\n'}
[6.203582] (my_package) StdoutLine: {'line': b'-- Up-to-date: /home/ubuntu/ros2_ws/src/Greyform-linux/Python_Application/install/my_package/share/my_package/local_setup.bash\n'}
[6.204247] (my_package) StdoutLine: {'line': b'-- Up-to-date: /home/ubuntu/ros2_ws/src/Greyform-linux/Python_Application/install/my_package/share/my_package/local_setup.sh\n'}
[6.209482] (my_package) StdoutLine: {'line': b'-- Up-to-date: /home/ubuntu/ros2_ws/src/Greyform-linux/Python_Application/install/my_package/share/my_package/local_setup.zsh\n'}
[6.210587] (my_package) StdoutLine: {'line': b'-- Up-to-date: /home/ubuntu/ros2_ws/src/Greyform-linux/Python_Application/install/my_package/share/my_package/local_setup.dsv\n'}
[6.211067] (my_package) StdoutLine: {'line': b'-- Installing: /home/ubuntu/ros2_ws/src/Greyform-linux/Python_Application/install/my_package/share/my_package/package.dsv\n'}
[6.212695] (my_package) StdoutLine: {'line': b'-- Up-to-date: /home/ubuntu/ros2_ws/src/Greyform-linux/Python_Application/install/my_package/share/ament_index/resource_index/packages/my_package\n'}
[6.213235] (my_package) StdoutLine: {'line': b'-- Up-to-date: /home/ubuntu/ros2_ws/src/Greyform-linux/Python_Application/install/my_package/share/my_package/cmake/my_packageConfig.cmake\n'}
[6.213839] (my_package) StdoutLine: {'line': b'-- Up-to-date: /home/ubuntu/ros2_ws/src/Greyform-linux/Python_Application/install/my_package/share/my_package/cmake/my_packageConfig-version.cmake\n'}
[6.214263] (my_package) StdoutLine: {'line': b'-- Up-to-date: /home/ubuntu/ros2_ws/src/Greyform-linux/Python_Application/install/my_package/share/my_package/package.xml\n'}
[6.244644] (my_package) CommandEnded: {'returncode': 0}
[6.280168] (-) TimerEvent: {}
[6.383445] (-) TimerEvent: {}
[6.487074] (-) TimerEvent: {}
[6.614976] (-) TimerEvent: {}
[6.670014] (my_package) JobEnded: {'identifier': 'my_package', 'rc': 0}
[6.716256] (-) TimerEvent: {}
[6.832056] (-) TimerEvent: {}
[6.934727] (-) TimerEvent: {}
[7.037618] (-) TimerEvent: {}
[7.067413] (my_robot_wallinterfaces) StdoutLine: {'line': b'running egg_info\n'}
[7.076141] (my_robot_wallinterfaces) StdoutLine: {'line': b'writing my_robot_wallinterfaces.egg-info/PKG-INFO\n'}
[7.076907] (my_robot_wallinterfaces) StdoutLine: {'line': b'writing dependency_links to my_robot_wallinterfaces.egg-info/dependency_links.txt\n'}
[7.079164] (my_robot_wallinterfaces) StdoutLine: {'line': b'writing top-level names to my_robot_wallinterfaces.egg-info/top_level.txt\n'}
[7.107418] (my_robot_wallinterfaces) StdoutLine: {'line': b"reading manifest file 'my_robot_wallinterfaces.egg-info/SOURCES.txt'\n"}
[7.116411] (my_robot_wallinterfaces) StdoutLine: {'line': b"writing manifest file 'my_robot_wallinterfaces.egg-info/SOURCES.txt'\n"}
[7.141548] (-) TimerEvent: {}
[7.245191] (-) TimerEvent: {}
[7.347580] (-) TimerEvent: {}
[7.373492] (my_robot_wallinterfaces) StdoutLine: {'line': b'[100%] Built target ament_cmake_python_build_my_robot_wallinterfaces_egg\n'}
[7.450601] (-) TimerEvent: {}
[7.479197] (my_robot_wallinterfaces) CommandEnded: {'returncode': 0}
[7.502883] (my_robot_wallinterfaces) JobProgress: {'identifier': 'my_robot_wallinterfaces', 'progress': 'install'}
[7.503151] (my_robot_wallinterfaces) Command: {'cmd': ['/usr/bin/cmake', '--install', '/home/ubuntu/ros2_ws/src/Greyform-linux/Python_Application/build/my_robot_wallinterfaces'], 'cwd': '/home/ubuntu/ros2_ws/src/Greyform-linux/Python_Application/build/my_robot_wallinterfaces', 'env': OrderedDict([('GJS_DEBUG_TOPICS', 'JS ERROR;JS LOG'), ('LESSOPEN', '| /usr/bin/lesspipe %s'), ('USER', 'ubuntu'), ('LC_TIME', 'id_ID.UTF-8'), ('FONTCONFIG_PATH', '/etc/fonts'), ('GIO_MODULE_DIR', '/home/ubuntu/snap/code/common/.cache/gio-modules'), ('XDG_SESSION_TYPE', 'x11'), ('GIT_ASKPASS', '/snap/code/191/usr/share/code/resources/app/extensions/git/dist/askpass.sh'), ('GTK_EXE_PREFIX_VSCODE_SNAP_ORIG', ''), ('GDK_BACKEND_VSCODE_SNAP_ORIG', ''), ('SHLVL', '1'), ('LD_LIBRARY_PATH', '/opt/ros/humble/opt/rviz_ogre_vendor/lib:/opt/ros/humble/lib/x86_64-linux-gnu:/opt/ros/humble/lib'), ('HOME', '/home/ubuntu'), ('CHROME_DESKTOP', 'code.desktop'), ('LOCPATH_VSCODE_SNAP_ORIG', ''), ('TERM_PROGRAM_VERSION', '1.99.3'), ('DESKTOP_SESSION', 'ubuntu-xorg'), ('GTK_PATH', '/snap/code/191/usr/lib/x86_64-linux-gnu/gtk-3.0'), ('XDG_DATA_HOME_VSCODE_SNAP_ORIG', ''), ('GTK_IM_MODULE_FILE', '/home/ubuntu/snap/code/common/.cache/immodules/immodules.cache'), ('GIO_LAUNCHED_DESKTOP_FILE', '/var/lib/snapd/desktop/applications/code_code.desktop'), ('ROS_PYTHON_VERSION', '3'), ('GNOME_SHELL_SESSION_MODE', 'ubuntu'), ('GTK_MODULES', 'gail:atk-bridge'), ('GSETTINGS_SCHEMA_DIR_VSCODE_SNAP_ORIG', ''), ('VSCODE_GIT_ASKPASS_MAIN', '/snap/code/191/usr/share/code/resources/app/extensions/git/dist/askpass-main.js'), ('LC_MONETARY', 'id_ID.UTF-8'), ('VSCODE_GIT_ASKPASS_NODE', '/snap/code/191/usr/share/code/code'), ('MANAGERPID', '1705'), ('PYDEVD_DISABLE_FILE_VALIDATION', '1'), ('SYSTEMD_EXEC_PID', '3602'), ('BUNDLED_DEBUGPY_PATH', '/home/ubuntu/.vscode/extensions/ms-python.debugpy-2025.6.0-linux-x64/bundled/libs/debugpy'), ('DBUS_SESSION_BUS_ADDRESS', 'unix:path=/run/user/1000/bus'), ('COLORTERM', 'truecolor'), ('GIO_LAUNCHED_DESKTOP_FILE_PID', '5825'), ('IM_CONFIG_PHASE', '1'), ('ROS_DISTRO', 'humble'), ('GTK_IM_MODULE', 'ibus'), ('LOGNAME', 'ubuntu'), ('JOURNAL_STREAM', '8:33791'), ('_', '/usr/bin/colcon'), ('ROS_VERSION', '2'), ('XDG_CONFIG_DIRS_VSCODE_SNAP_ORIG', '/etc/xdg/xdg-ubuntu-xorg:/etc/xdg'), ('XDG_SESSION_CLASS', 'user'), ('XDG_DATA_DIRS_VSCODE_SNAP_ORIG', '/usr/share/ubuntu-xorg:/usr/share/gnome:/home/ubuntu/.local/share/flatpak/exports/share:/var/lib/flatpak/exports/share:/usr/local/share/:/usr/share/:/var/lib/snapd/desktop'), ('USERNAME', 'ubuntu'), ('TERM', 'xterm-256color'), ('GNOME_DESKTOP_SESSION_ID', 'this-is-deprecated'), ('ROS_LOCALHOST_ONLY', '0'), ('WINDOWPATH', '2'), ('PATH', '/opt/ros/humble/bin:/home/ubuntu/.local/bin:/usr/local/sbin:/usr/local/bin:/usr/sbin:/usr/bin:/sbin:/bin:/usr/games:/usr/local/games:/snap/bin:/snap/bin:/home/ubuntu/.vscode/extensions/ms-python.debugpy-2025.6.0-linux-x64/bundled/scripts/noConfigScripts'), ('SESSION_MANAGER', 'local/ubuntu-virtual-machine:@/tmp/.ICE-unix/3570,unix/ubuntu-virtual-machine:/tmp/.ICE-unix/3570'), ('GTK_EXE_PREFIX', '/snap/code/191/usr'), ('INVOCATION_ID', 'c43eceb5d0b44bad9ef1bd7c95aa3904'), ('XDG_MENU_PREFIX', 'gnome-'), ('LC_ADDRESS', 'id_ID.UTF-8'), ('BAMF_DESKTOP_FILE_HINT', '/var/lib/snapd/desktop/applications/code_code.desktop'), ('XDG_RUNTIME_DIR', '/run/user/1000'), ('GDK_BACKEND', 'x11'), ('DISPLAY', ':0'), ('LOCPATH', '/snap/code/191/usr/lib/locale'), ('VSCODE_DEBUGPY_ADAPTER_ENDPOINTS', '/home/ubuntu/.vscode/extensions/ms-python.debugpy-2025.6.0-linux-x64/.noConfigDebugAdapterEndpoints/endpoint-5c4e4c73dc4993ee.txt'), ('LANG', 'en_US.UTF-8'), ('XDG_CURRENT_DESKTOP', 'Unity'), ('LC_TELEPHONE', 'id_ID.UTF-8'), ('GIO_MODULE_DIR_VSCODE_SNAP_ORIG', ''), ('XDG_DATA_HOME', '/home/ubuntu/snap/code/191/.local/share'), ('XMODIFIERS', '@im=ibus'), ('XDG_SESSION_DESKTOP', 'ubuntu-xorg'), ('XAUTHORITY', '/run/user/1000/gdm/Xauthority'), ('LS_COLORS', 'rs=0:di=01;34:ln=01;36:mh=00:pi=40;33:so=01;35:do=01;35:bd=40;33;01:cd=40;33;01:or=40;31;01:mi=00:su=37;41:sg=30;43:ca=30;41:tw=30;42:ow=34;42:st=37;44:ex=01;32:*.tar=01;31:*.tgz=01;31:*.arc=01;31:*.arj=01;31:*.taz=01;31:*.lha=01;31:*.lz4=01;31:*.lzh=01;31:*.lzma=01;31:*.tlz=01;31:*.txz=01;31:*.tzo=01;31:*.t7z=01;31:*.zip=01;31:*.z=01;31:*.dz=01;31:*.gz=01;31:*.lrz=01;31:*.lz=01;31:*.lzo=01;31:*.xz=01;31:*.zst=01;31:*.tzst=01;31:*.bz2=01;31:*.bz=01;31:*.tbz=01;31:*.tbz2=01;31:*.tz=01;31:*.deb=01;31:*.rpm=01;31:*.jar=01;31:*.war=01;31:*.ear=01;31:*.sar=01;31:*.rar=01;31:*.alz=01;31:*.ace=01;31:*.zoo=01;31:*.cpio=01;31:*.7z=01;31:*.rz=01;31:*.cab=01;31:*.wim=01;31:*.swm=01;31:*.dwm=01;31:*.esd=01;31:*.jpg=01;35:*.jpeg=01;35:*.mjpg=01;35:*.mjpeg=01;35:*.gif=01;35:*.bmp=01;35:*.pbm=01;35:*.pgm=01;35:*.ppm=01;35:*.tga=01;35:*.xbm=01;35:*.xpm=01;35:*.tif=01;35:*.tiff=01;35:*.png=01;35:*.svg=01;35:*.svgz=01;35:*.mng=01;35:*.pcx=01;35:*.mov=01;35:*.mpg=01;35:*.mpeg=01;35:*.m2v=01;35:*.mkv=01;35:*.webm=01;35:*.webp=01;35:*.ogm=01;35:*.mp4=01;35:*.m4v=01;35:*.mp4v=01;35:*.vob=01;35:*.qt=01;35:*.nuv=01;35:*.wmv=01;35:*.asf=01;35:*.rm=01;35:*.rmvb=01;35:*.flc=01;35:*.avi=01;35:*.fli=01;35:*.flv=01;35:*.gl=01;35:*.dl=01;35:*.xcf=01;35:*.xwd=01;35:*.yuv=01;35:*.cgm=01;35:*.emf=01;35:*.ogv=01;35:*.ogx=01;35:*.aac=00;36:*.au=00;36:*.flac=00;36:*.m4a=00;36:*.mid=00;36:*.midi=00;36:*.mka=00;36:*.mp3=00;36:*.mpc=00;36:*.ogg=00;36:*.ra=00;36:*.wav=00;36:*.oga=00;36:*.opus=00;36:*.spx=00;36:*.xspf=00;36:'), ('VSCODE_GIT_IPC_HANDLE', '/run/user/1000/vscode-git-93ae0fd6cc.sock'), ('TERM_PROGRAM', 'vscode'), ('SSH_AGENT_LAUNCHER', 'gnome-keyring'), ('SSH_AUTH_SOCK', '/run/user/1000/keyring/ssh'), ('GSETTINGS_SCHEMA_DIR', '/home/ubuntu/snap/code/191/.local/share/glib-2.0/schemas'), ('AMENT_PREFIX_PATH', '/opt/ros/humble'), ('ORIGINAL_XDG_CURRENT_DESKTOP', 'ubuntu:GNOME'), ('SHELL', '/bin/bash'), ('LC_NAME', 'id_ID.UTF-8'), ('QT_ACCESSIBILITY', '1'), ('GDMSESSION', 'ubuntu-xorg'), ('LESSCLOSE', '/usr/bin/lesspipe %s %s'), ('GTK_PATH_VSCODE_SNAP_ORIG', ''), ('FONTCONFIG_FILE', '/etc/fonts/fonts.conf'), ('GTK_IM_MODULE_FILE_VSCODE_SNAP_ORIG', ''), ('LC_MEASUREMENT', 'id_ID.UTF-8'), ('GPG_AGENT_INFO', '/run/user/1000/gnupg/S.gpg-agent:0:1'), ('GJS_DEBUG_OUTPUT', 'stderr'), ('LC_IDENTIFICATION', 'id_ID.UTF-8'), ('VSCODE_GIT_ASKPASS_EXTRA_ARGS', ''), ('QT_IM_MODULE', 'ibus'), ('PWD', '/home/ubuntu/ros2_ws/src/Greyform-linux/Python_Application/build/my_robot_wallinterfaces'), ('QT_QPA_PLATFORM', 'xcb'), ('LC_ALL', 'en_US.UTF-8'), ('XDG_CONFIG_DIRS', '/etc/xdg/xdg-ubuntu-xorg:/etc/xdg'), ('XDG_DATA_DIRS', '/home/ubuntu/snap/code/191/.local/share:/home/ubuntu/snap/code/191:/snap/code/191/usr/share:/usr/share/ubuntu-xorg:/usr/share/gnome:/home/ubuntu/.local/share/flatpak/exports/share:/var/lib/flatpak/exports/share:/usr/local/share/:/usr/share/:/var/lib/snapd/desktop'), ('PYTHONPATH', '/opt/ros/humble/lib/python3.10/site-packages:/opt/ros/humble/local/lib/python3.10/dist-packages'), ('LC_NUMERIC', 'id_ID.UTF-8'), ('LC_PAPER', 'id_ID.UTF-8'), ('COLCON', '1'), ('CMAKE_PREFIX_PATH', '/opt/ros/humble')]), 'shell': False}
[7.553125] (-) TimerEvent: {}
[7.666603] (-) TimerEvent: {}
[7.675739] (my_robot_wallinterfaces) StdoutLine: {'line': b'-- Install configuration: ""\n'}
[7.676772] (my_robot_wallinterfaces) StdoutLine: {'line': b'-- Up-to-date: /home/ubuntu/ros2_ws/src/Greyform-linux/Python_Application/install/my_robot_wallinterfaces/share/ament_index/resource_index/rosidl_interfaces/my_robot_wallinterfaces\n'}
[7.678472] (my_robot_wallinterfaces) StdoutLine: {'line': b'-- Up-to-date: /home/ubuntu/ros2_ws/src/Greyform-linux/Python_Application/install/my_robot_wallinterfaces/include/my_robot_wallinterfaces/my_robot_wallinterfaces\n'}
[7.682972] (my_robot_wallinterfaces) StdoutLine: {'line': b'-- Up-to-date: /home/ubuntu/ros2_ws/src/Greyform-linux/Python_Application/install/my_robot_wallinterfaces/include/my_robot_wallinterfaces/my_robot_wallinterfaces/srv\n'}
[7.748361] (my_robot_wallinterfaces) StdoutLine: {'line': b'-- Up-to-date: /home/ubuntu/ros2_ws/src/Greyform-linux/Python_Application/install/my_robot_wallinterfaces/include/my_robot_wallinterfaces/my_robot_wallinterfaces/srv/detail\n'}
[7.749340] (my_robot_wallinterfaces) StdoutLine: {'line': b'-- Up-to-date: /home/ubuntu/ros2_ws/src/Greyform-linux/Python_Application/install/my_robot_wallinterfaces/include/my_robot_wallinterfaces/my_robot_wallinterfaces/srv/detail/set_led__type_support.h\n'}
[7.759484] (my_robot_wallinterfaces) StdoutLine: {'line': b'-- Up-to-date: /home/ubuntu/ros2_ws/src/Greyform-linux/Python_Application/install/my_robot_wallinterfaces/include/my_robot_wallinterfaces/my_robot_wallinterfaces/srv/detail/set_led__struct.h\n'}
[7.763759] (my_robot_wallinterfaces) StdoutLine: {'line': b'-- Up-to-date: /home/ubuntu/ros2_ws/src/Greyform-linux/Python_Application/install/my_robot_wallinterfaces/include/my_robot_wallinterfaces/my_robot_wallinterfaces/srv/detail/set_led__functions.c\n'}
[7.777899] (-) TimerEvent: {}
[7.778455] (my_robot_wallinterfaces) StdoutLine: {'line': b'-- Up-to-date: /home/ubuntu/ros2_ws/src/Greyform-linux/Python_Application/install/my_robot_wallinterfaces/include/my_robot_wallinterfaces/my_robot_wallinterfaces/srv/detail/set_led__functions.h\n'}
[7.782510] (my_robot_wallinterfaces) StdoutLine: {'line': b'-- Up-to-date: /home/ubuntu/ros2_ws/src/Greyform-linux/Python_Application/install/my_robot_wallinterfaces/include/my_robot_wallinterfaces/my_robot_wallinterfaces/srv/set_led.h\n'}
[7.793333] (my_robot_wallinterfaces) StdoutLine: {'line': b'-- Up-to-date: /home/ubuntu/ros2_ws/src/Greyform-linux/Python_Application/install/my_robot_wallinterfaces/include/my_robot_wallinterfaces/my_robot_wallinterfaces/msg\n'}
[7.793960] (my_robot_wallinterfaces) StdoutLine: {'line': b'-- Up-to-date: /home/ubuntu/ros2_ws/src/Greyform-linux/Python_Application/install/my_robot_wallinterfaces/include/my_robot_wallinterfaces/my_robot_wallinterfaces/msg/detail\n'}
[7.794998] (my_robot_wallinterfaces) StdoutLine: {'line': b'-- Up-to-date: /home/ubuntu/ros2_ws/src/Greyform-linux/Python_Application/install/my_robot_wallinterfaces/include/my_robot_wallinterfaces/my_robot_wallinterfaces/msg/detail/file_extraction_message__functions.h\n'}
[7.795785] (my_robot_wallinterfaces) StdoutLine: {'line': b'-- Up-to-date: /home/ubuntu/ros2_ws/src/Greyform-linux/Python_Application/install/my_robot_wallinterfaces/include/my_robot_wallinterfaces/my_robot_wallinterfaces/msg/detail/file_extraction_message__type_support.h\n'}
[7.796768] (my_robot_wallinterfaces) StdoutLine: {'line': b'-- Up-to-date: /home/ubuntu/ros2_ws/src/Greyform-linux/Python_Application/install/my_robot_wallinterfaces/include/my_robot_wallinterfaces/my_robot_wallinterfaces/msg/detail/selection_wall__struct.h\n'}
[7.797630] (my_robot_wallinterfaces) StdoutLine: {'line': b'-- Up-to-date: /home/ubuntu/ros2_ws/src/Greyform-linux/Python_Application/install/my_robot_wallinterfaces/include/my_robot_wallinterfaces/my_robot_wallinterfaces/msg/detail/selection_wall__functions.c\n'}
[7.798549] (my_robot_wallinterfaces) StdoutLine: {'line': b'-- Up-to-date: /home/ubuntu/ros2_ws/src/Greyform-linux/Python_Application/install/my_robot_wallinterfaces/include/my_robot_wallinterfaces/my_robot_wallinterfaces/msg/detail/selection_wall__functions.h\n'}
[7.799554] (my_robot_wallinterfaces) StdoutLine: {'line': b'-- Up-to-date: /home/ubuntu/ros2_ws/src/Greyform-linux/Python_Application/install/my_robot_wallinterfaces/include/my_robot_wallinterfaces/my_robot_wallinterfaces/msg/detail/selection_wall__type_support.h\n'}
[7.811272] (my_robot_wallinterfaces) StdoutLine: {'line': b'-- Up-to-date: /home/ubuntu/ros2_ws/src/Greyform-linux/Python_Application/install/my_robot_wallinterfaces/include/my_robot_wallinterfaces/my_robot_wallinterfaces/msg/detail/file_extraction_message__functions.c\n'}
[7.812771] (my_robot_wallinterfaces) StdoutLine: {'line': b'-- Up-to-date: /home/ubuntu/ros2_ws/src/Greyform-linux/Python_Application/install/my_robot_wallinterfaces/include/my_robot_wallinterfaces/my_robot_wallinterfaces/msg/detail/file_extraction_message__struct.h\n'}
[7.813159] (my_robot_wallinterfaces) StdoutLine: {'line': b'-- Up-to-date: /home/ubuntu/ros2_ws/src/Greyform-linux/Python_Application/install/my_robot_wallinterfaces/include/my_robot_wallinterfaces/my_robot_wallinterfaces/msg/file_extraction_message.h\n'}
[7.818270] (my_robot_wallinterfaces) StdoutLine: {'line': b'-- Up-to-date: /home/ubuntu/ros2_ws/src/Greyform-linux/Python_Application/install/my_robot_wallinterfaces/include/my_robot_wallinterfaces/my_robot_wallinterfaces/msg/rosidl_generator_c__visibility_control.h\n'}
[7.819103] (my_robot_wallinterfaces) StdoutLine: {'line': b'-- Up-to-date: /home/ubuntu/ros2_ws/src/Greyform-linux/Python_Application/install/my_robot_wallinterfaces/include/my_robot_wallinterfaces/my_robot_wallinterfaces/msg/selection_wall.h\n'}
[7.819444] (my_robot_wallinterfaces) StdoutLine: {'line': b'-- Up-to-date: /home/ubuntu/ros2_ws/src/Greyform-linux/Python_Application/install/my_robot_wallinterfaces/share/my_robot_wallinterfaces/environment/library_path.sh\n'}
[7.826907] (my_robot_wallinterfaces) StdoutLine: {'line': b'-- Up-to-date: /home/ubuntu/ros2_ws/src/Greyform-linux/Python_Application/install/my_robot_wallinterfaces/share/my_robot_wallinterfaces/environment/library_path.dsv\n'}
[7.844283] (my_robot_wallinterfaces) StdoutLine: {'line': b'-- Up-to-date: /home/ubuntu/ros2_ws/src/Greyform-linux/Python_Application/install/my_robot_wallinterfaces/lib/libmy_robot_wallinterfaces__rosidl_generator_c.so\n'}
[7.850860] (my_robot_wallinterfaces) StdoutLine: {'line': b'-- Up-to-date: /home/ubuntu/ros2_ws/src/Greyform-linux/Python_Application/install/my_robot_wallinterfaces/include/my_robot_wallinterfaces/my_robot_wallinterfaces\n'}
[7.851671] (my_robot_wallinterfaces) StdoutLine: {'line': b'-- Up-to-date: /home/ubuntu/ros2_ws/src/Greyform-linux/Python_Application/install/my_robot_wallinterfaces/include/my_robot_wallinterfaces/my_robot_wallinterfaces/srv\n'}
[7.852187] (my_robot_wallinterfaces) StdoutLine: {'line': b'-- Up-to-date: /home/ubuntu/ros2_ws/src/Greyform-linux/Python_Application/install/my_robot_wallinterfaces/include/my_robot_wallinterfaces/my_robot_wallinterfaces/srv/detail\n'}
[7.852968] (my_robot_wallinterfaces) StdoutLine: {'line': b'-- Up-to-date: /home/ubuntu/ros2_ws/src/Greyform-linux/Python_Application/install/my_robot_wallinterfaces/include/my_robot_wallinterfaces/my_robot_wallinterfaces/srv/detail/set_led__rosidl_typesupport_fastrtps_c.h\n'}
[7.861878] (my_robot_wallinterfaces) StdoutLine: {'line': b'-- Up-to-date: /home/ubuntu/ros2_ws/src/Greyform-linux/Python_Application/install/my_robot_wallinterfaces/include/my_robot_wallinterfaces/my_robot_wallinterfaces/msg\n'}
[7.866590] (my_robot_wallinterfaces) StdoutLine: {'line': b'-- Up-to-date: /home/ubuntu/ros2_ws/src/Greyform-linux/Python_Application/install/my_robot_wallinterfaces/include/my_robot_wallinterfaces/my_robot_wallinterfaces/msg/detail\n'}
[7.867096] (my_robot_wallinterfaces) StdoutLine: {'line': b'-- Up-to-date: /home/ubuntu/ros2_ws/src/Greyform-linux/Python_Application/install/my_robot_wallinterfaces/include/my_robot_wallinterfaces/my_robot_wallinterfaces/msg/detail/file_extraction_message__rosidl_typesupport_fastrtps_c.h\n'}
[7.867421] (my_robot_wallinterfaces) StdoutLine: {'line': b'-- Up-to-date: /home/ubuntu/ros2_ws/src/Greyform-linux/Python_Application/install/my_robot_wallinterfaces/include/my_robot_wallinterfaces/my_robot_wallinterfaces/msg/detail/selection_wall__rosidl_typesupport_fastrtps_c.h\n'}
[7.867696] (my_robot_wallinterfaces) StdoutLine: {'line': b'-- Up-to-date: /home/ubuntu/ros2_ws/src/Greyform-linux/Python_Application/install/my_robot_wallinterfaces/include/my_robot_wallinterfaces/my_robot_wallinterfaces/msg/rosidl_typesupport_fastrtps_c__visibility_control.h\n'}
[7.867971] (my_robot_wallinterfaces) StdoutLine: {'line': b'-- Up-to-date: /home/ubuntu/ros2_ws/src/Greyform-linux/Python_Application/install/my_robot_wallinterfaces/lib/libmy_robot_wallinterfaces__rosidl_typesupport_fastrtps_c.so\n'}
[7.876428] (my_robot_wallinterfaces) StdoutLine: {'line': b'-- Up-to-date: /home/ubuntu/ros2_ws/src/Greyform-linux/Python_Application/install/my_robot_wallinterfaces/include/my_robot_wallinterfaces/my_robot_wallinterfaces\n'}
[7.879736] (-) TimerEvent: {}
[7.880564] (my_robot_wallinterfaces) StdoutLine: {'line': b'-- Up-to-date: /home/ubuntu/ros2_ws/src/Greyform-linux/Python_Application/install/my_robot_wallinterfaces/include/my_robot_wallinterfaces/my_robot_wallinterfaces/srv\n'}
[7.882924] (my_robot_wallinterfaces) StdoutLine: {'line': b'-- Up-to-date: /home/ubuntu/ros2_ws/src/Greyform-linux/Python_Application/install/my_robot_wallinterfaces/include/my_robot_wallinterfaces/my_robot_wallinterfaces/srv/detail\n'}
[7.883355] (my_robot_wallinterfaces) StdoutLine: {'line': b'-- Up-to-date: /home/ubuntu/ros2_ws/src/Greyform-linux/Python_Application/install/my_robot_wallinterfaces/include/my_robot_wallinterfaces/my_robot_wallinterfaces/srv/detail/set_led__rosidl_typesupport_introspection_c.h\n'}
[7.884235] (my_robot_wallinterfaces) StdoutLine: {'line': b'-- Up-to-date: /home/ubuntu/ros2_ws/src/Greyform-linux/Python_Application/install/my_robot_wallinterfaces/include/my_robot_wallinterfaces/my_robot_wallinterfaces/srv/detail/set_led__type_support.c\n'}
[7.884967] (my_robot_wallinterfaces) StdoutLine: {'line': b'-- Up-to-date: /home/ubuntu/ros2_ws/src/Greyform-linux/Python_Application/install/my_robot_wallinterfaces/include/my_robot_wallinterfaces/my_robot_wallinterfaces/msg\n'}
[7.886182] (my_robot_wallinterfaces) StdoutLine: {'line': b'-- Up-to-date: /home/ubuntu/ros2_ws/src/Greyform-linux/Python_Application/install/my_robot_wallinterfaces/include/my_robot_wallinterfaces/my_robot_wallinterfaces/msg/detail\n'}
[7.901926] (my_robot_wallinterfaces) StdoutLine: {'line': b'-- Up-to-date: /home/ubuntu/ros2_ws/src/Greyform-linux/Python_Application/install/my_robot_wallinterfaces/include/my_robot_wallinterfaces/my_robot_wallinterfaces/msg/detail/file_extraction_message__rosidl_typesupport_introspection_c.h\n'}
[7.907345] (my_robot_wallinterfaces) StdoutLine: {'line': b'-- Up-to-date: /home/ubuntu/ros2_ws/src/Greyform-linux/Python_Application/install/my_robot_wallinterfaces/include/my_robot_wallinterfaces/my_robot_wallinterfaces/msg/detail/selection_wall__rosidl_typesupport_introspection_c.h\n'}
[7.913474] (my_robot_wallinterfaces) StdoutLine: {'line': b'-- Up-to-date: /home/ubuntu/ros2_ws/src/Greyform-linux/Python_Application/install/my_robot_wallinterfaces/include/my_robot_wallinterfaces/my_robot_wallinterfaces/msg/detail/file_extraction_message__type_support.c\n'}
[7.916841] (my_robot_wallinterfaces) StdoutLine: {'line': b'-- Up-to-date: /home/ubuntu/ros2_ws/src/Greyform-linux/Python_Application/install/my_robot_wallinterfaces/include/my_robot_wallinterfaces/my_robot_wallinterfaces/msg/detail/selection_wall__type_support.c\n'}
[7.917469] (my_robot_wallinterfaces) StdoutLine: {'line': b'-- Up-to-date: /home/ubuntu/ros2_ws/src/Greyform-linux/Python_Application/install/my_robot_wallinterfaces/include/my_robot_wallinterfaces/my_robot_wallinterfaces/msg/rosidl_typesupport_introspection_c__visibility_control.h\n'}
[7.927729] (my_robot_wallinterfaces) StdoutLine: {'line': b'-- Up-to-date: /home/ubuntu/ros2_ws/src/Greyform-linux/Python_Application/install/my_robot_wallinterfaces/lib/libmy_robot_wallinterfaces__rosidl_typesupport_introspection_c.so\n'}
[7.928569] (my_robot_wallinterfaces) StdoutLine: {'line': b'-- Up-to-date: /home/ubuntu/ros2_ws/src/Greyform-linux/Python_Application/install/my_robot_wallinterfaces/lib/libmy_robot_wallinterfaces__rosidl_typesupport_c.so\n'}
[7.929519] (my_robot_wallinterfaces) StdoutLine: {'line': b'-- Up-to-date: /home/ubuntu/ros2_ws/src/Greyform-linux/Python_Application/install/my_robot_wallinterfaces/include/my_robot_wallinterfaces/my_robot_wallinterfaces\n'}
[7.933270] (my_robot_wallinterfaces) StdoutLine: {'line': b'-- Up-to-date: /home/ubuntu/ros2_ws/src/Greyform-linux/Python_Application/install/my_robot_wallinterfaces/include/my_robot_wallinterfaces/my_robot_wallinterfaces/srv\n'}
[7.934537] (my_robot_wallinterfaces) StdoutLine: {'line': b'-- Up-to-date: /home/ubuntu/ros2_ws/src/Greyform-linux/Python_Application/install/my_robot_wallinterfaces/include/my_robot_wallinterfaces/my_robot_wallinterfaces/srv/detail\n'}
[7.980647] (-) TimerEvent: {}
[7.999420] (my_robot_wallinterfaces) StdoutLine: {'line': b'-- Up-to-date: /home/ubuntu/ros2_ws/src/Greyform-linux/Python_Application/install/my_robot_wallinterfaces/include/my_robot_wallinterfaces/my_robot_wallinterfaces/srv/detail/set_led__builder.hpp\n'}
[8.000057] (my_robot_wallinterfaces) StdoutLine: {'line': b'-- Up-to-date: /home/ubuntu/ros2_ws/src/Greyform-linux/Python_Application/install/my_robot_wallinterfaces/include/my_robot_wallinterfaces/my_robot_wallinterfaces/srv/detail/set_led__struct.hpp\n'}
[8.000504] (my_robot_wallinterfaces) StdoutLine: {'line': b'-- Up-to-date: /home/ubuntu/ros2_ws/src/Greyform-linux/Python_Application/install/my_robot_wallinterfaces/include/my_robot_wallinterfaces/my_robot_wallinterfaces/srv/detail/set_led__type_support.hpp\n'}
[8.000849] (my_robot_wallinterfaces) StdoutLine: {'line': b'-- Up-to-date: /home/ubuntu/ros2_ws/src/Greyform-linux/Python_Application/install/my_robot_wallinterfaces/include/my_robot_wallinterfaces/my_robot_wallinterfaces/srv/detail/set_led__traits.hpp\n'}
[8.010683] (my_robot_wallinterfaces) StdoutLine: {'line': b'-- Up-to-date: /home/ubuntu/ros2_ws/src/Greyform-linux/Python_Application/install/my_robot_wallinterfaces/include/my_robot_wallinterfaces/my_robot_wallinterfaces/srv/set_led.hpp\n'}
[8.012603] (my_robot_wallinterfaces) StdoutLine: {'line': b'-- Up-to-date: /home/ubuntu/ros2_ws/src/Greyform-linux/Python_Application/install/my_robot_wallinterfaces/include/my_robot_wallinterfaces/my_robot_wallinterfaces/msg\n'}
[8.024911] (my_robot_wallinterfaces) StdoutLine: {'line': b'-- Up-to-date: /home/ubuntu/ros2_ws/src/Greyform-linux/Python_Application/install/my_robot_wallinterfaces/include/my_robot_wallinterfaces/my_robot_wallinterfaces/msg/rosidl_generator_cpp__visibility_control.hpp\n'}
[8.025725] (my_robot_wallinterfaces) StdoutLine: {'line': b'-- Up-to-date: /home/ubuntu/ros2_ws/src/Greyform-linux/Python_Application/install/my_robot_wallinterfaces/include/my_robot_wallinterfaces/my_robot_wallinterfaces/msg/file_extraction_message.hpp\n'}
[8.026109] (my_robot_wallinterfaces) StdoutLine: {'line': b'-- Up-to-date: /home/ubuntu/ros2_ws/src/Greyform-linux/Python_Application/install/my_robot_wallinterfaces/include/my_robot_wallinterfaces/my_robot_wallinterfaces/msg/detail\n'}
[8.026567] (my_robot_wallinterfaces) StdoutLine: {'line': b'-- Up-to-date: /home/ubuntu/ros2_ws/src/Greyform-linux/Python_Application/install/my_robot_wallinterfaces/include/my_robot_wallinterfaces/my_robot_wallinterfaces/msg/detail/selection_wall__builder.hpp\n'}
[8.026862] (my_robot_wallinterfaces) StdoutLine: {'line': b'-- Up-to-date: /home/ubuntu/ros2_ws/src/Greyform-linux/Python_Application/install/my_robot_wallinterfaces/include/my_robot_wallinterfaces/my_robot_wallinterfaces/msg/detail/file_extraction_message__struct.hpp\n'}
[8.029666] (my_robot_wallinterfaces) StdoutLine: {'line': b'-- Up-to-date: /home/ubuntu/ros2_ws/src/Greyform-linux/Python_Application/install/my_robot_wallinterfaces/include/my_robot_wallinterfaces/my_robot_wallinterfaces/msg/detail/selection_wall__struct.hpp\n'}
[8.030171] (my_robot_wallinterfaces) StdoutLine: {'line': b'-- Up-to-date: /home/ubuntu/ros2_ws/src/Greyform-linux/Python_Application/install/my_robot_wallinterfaces/include/my_robot_wallinterfaces/my_robot_wallinterfaces/msg/detail/file_extraction_message__traits.hpp\n'}
[8.030577] (my_robot_wallinterfaces) StdoutLine: {'line': b'-- Up-to-date: /home/ubuntu/ros2_ws/src/Greyform-linux/Python_Application/install/my_robot_wallinterfaces/include/my_robot_wallinterfaces/my_robot_wallinterfaces/msg/detail/file_extraction_message__builder.hpp\n'}
[8.030895] (my_robot_wallinterfaces) StdoutLine: {'line': b'-- Up-to-date: /home/ubuntu/ros2_ws/src/Greyform-linux/Python_Application/install/my_robot_wallinterfaces/include/my_robot_wallinterfaces/my_robot_wallinterfaces/msg/detail/file_extraction_message__type_support.hpp\n'}
[8.031226] (my_robot_wallinterfaces) StdoutLine: {'line': b'-- Up-to-date: /home/ubuntu/ros2_ws/src/Greyform-linux/Python_Application/install/my_robot_wallinterfaces/include/my_robot_wallinterfaces/my_robot_wallinterfaces/msg/detail/selection_wall__traits.hpp\n'}
[8.032726] (my_robot_wallinterfaces) StdoutLine: {'line': b'-- Up-to-date: /home/ubuntu/ros2_ws/src/Greyform-linux/Python_Application/install/my_robot_wallinterfaces/include/my_robot_wallinterfaces/my_robot_wallinterfaces/msg/detail/selection_wall__type_support.hpp\n'}
[8.033144] (my_robot_wallinterfaces) StdoutLine: {'line': b'-- Up-to-date: /home/ubuntu/ros2_ws/src/Greyform-linux/Python_Application/install/my_robot_wallinterfaces/include/my_robot_wallinterfaces/my_robot_wallinterfaces/msg/selection_wall.hpp\n'}
[8.033761] (my_robot_wallinterfaces) StdoutLine: {'line': b'-- Up-to-date: /home/ubuntu/ros2_ws/src/Greyform-linux/Python_Application/install/my_robot_wallinterfaces/include/my_robot_wallinterfaces/my_robot_wallinterfaces\n'}
[8.034126] (my_robot_wallinterfaces) StdoutLine: {'line': b'-- Up-to-date: /home/ubuntu/ros2_ws/src/Greyform-linux/Python_Application/install/my_robot_wallinterfaces/include/my_robot_wallinterfaces/my_robot_wallinterfaces/srv\n'}
[8.040451] (my_robot_wallinterfaces) StdoutLine: {'line': b'-- Up-to-date: /home/ubuntu/ros2_ws/src/Greyform-linux/Python_Application/install/my_robot_wallinterfaces/include/my_robot_wallinterfaces/my_robot_wallinterfaces/srv/detail\n'}
[8.040891] (my_robot_wallinterfaces) StdoutLine: {'line': b'-- Up-to-date: /home/ubuntu/ros2_ws/src/Greyform-linux/Python_Application/install/my_robot_wallinterfaces/include/my_robot_wallinterfaces/my_robot_wallinterfaces/srv/detail/dds_fastrtps\n'}
[8.041240] (my_robot_wallinterfaces) StdoutLine: {'line': b'-- Up-to-date: /home/ubuntu/ros2_ws/src/Greyform-linux/Python_Application/install/my_robot_wallinterfaces/include/my_robot_wallinterfaces/my_robot_wallinterfaces/srv/detail/set_led__rosidl_typesupport_fastrtps_cpp.hpp\n'}
[8.047412] (my_robot_wallinterfaces) StdoutLine: {'line': b'-- Up-to-date: /home/ubuntu/ros2_ws/src/Greyform-linux/Python_Application/install/my_robot_wallinterfaces/include/my_robot_wallinterfaces/my_robot_wallinterfaces/msg\n'}
[8.047849] (my_robot_wallinterfaces) StdoutLine: {'line': b'-- Up-to-date: /home/ubuntu/ros2_ws/src/Greyform-linux/Python_Application/install/my_robot_wallinterfaces/include/my_robot_wallinterfaces/my_robot_wallinterfaces/msg/detail\n'}
[8.048236] (my_robot_wallinterfaces) StdoutLine: {'line': b'-- Up-to-date: /home/ubuntu/ros2_ws/src/Greyform-linux/Python_Application/install/my_robot_wallinterfaces/include/my_robot_wallinterfaces/my_robot_wallinterfaces/msg/detail/file_extraction_message__rosidl_typesupport_fastrtps_cpp.hpp\n'}
[8.048594] (my_robot_wallinterfaces) StdoutLine: {'line': b'-- Up-to-date: /home/ubuntu/ros2_ws/src/Greyform-linux/Python_Application/install/my_robot_wallinterfaces/include/my_robot_wallinterfaces/my_robot_wallinterfaces/msg/detail/dds_fastrtps\n'}
[8.056212] (my_robot_wallinterfaces) StdoutLine: {'line': b'-- Up-to-date: /home/ubuntu/ros2_ws/src/Greyform-linux/Python_Application/install/my_robot_wallinterfaces/include/my_robot_wallinterfaces/my_robot_wallinterfaces/msg/detail/selection_wall__rosidl_typesupport_fastrtps_cpp.hpp\n'}
[8.061923] (my_robot_wallinterfaces) StdoutLine: {'line': b'-- Up-to-date: /home/ubuntu/ros2_ws/src/Greyform-linux/Python_Application/install/my_robot_wallinterfaces/include/my_robot_wallinterfaces/my_robot_wallinterfaces/msg/rosidl_typesupport_fastrtps_cpp__visibility_control.h\n'}
[8.066494] (my_robot_wallinterfaces) StdoutLine: {'line': b'-- Up-to-date: /home/ubuntu/ros2_ws/src/Greyform-linux/Python_Application/install/my_robot_wallinterfaces/lib/libmy_robot_wallinterfaces__rosidl_typesupport_fastrtps_cpp.so\n'}
[8.067083] (my_robot_wallinterfaces) StdoutLine: {'line': b'-- Up-to-date: /home/ubuntu/ros2_ws/src/Greyform-linux/Python_Application/install/my_robot_wallinterfaces/include/my_robot_wallinterfaces/my_robot_wallinterfaces\n'}
[8.067470] (my_robot_wallinterfaces) StdoutLine: {'line': b'-- Up-to-date: /home/ubuntu/ros2_ws/src/Greyform-linux/Python_Application/install/my_robot_wallinterfaces/include/my_robot_wallinterfaces/my_robot_wallinterfaces/srv\n'}
[8.067791] (my_robot_wallinterfaces) StdoutLine: {'line': b'-- Up-to-date: /home/ubuntu/ros2_ws/src/Greyform-linux/Python_Application/install/my_robot_wallinterfaces/include/my_robot_wallinterfaces/my_robot_wallinterfaces/srv/detail\n'}
[8.068169] (my_robot_wallinterfaces) StdoutLine: {'line': b'-- Up-to-date: /home/ubuntu/ros2_ws/src/Greyform-linux/Python_Application/install/my_robot_wallinterfaces/include/my_robot_wallinterfaces/my_robot_wallinterfaces/srv/detail/set_led__type_support.cpp\n'}
[8.071098] (my_robot_wallinterfaces) StdoutLine: {'line': b'-- Up-to-date: /home/ubuntu/ros2_ws/src/Greyform-linux/Python_Application/install/my_robot_wallinterfaces/include/my_robot_wallinterfaces/my_robot_wallinterfaces/srv/detail/set_led__rosidl_typesupport_introspection_cpp.hpp\n'}
[8.071474] (my_robot_wallinterfaces) StdoutLine: {'line': b'-- Up-to-date: /home/ubuntu/ros2_ws/src/Greyform-linux/Python_Application/install/my_robot_wallinterfaces/include/my_robot_wallinterfaces/my_robot_wallinterfaces/msg\n'}
[8.071720] (my_robot_wallinterfaces) StdoutLine: {'line': b'-- Up-to-date: /home/ubuntu/ros2_ws/src/Greyform-linux/Python_Application/install/my_robot_wallinterfaces/include/my_robot_wallinterfaces/my_robot_wallinterfaces/msg/detail\n'}
[8.072063] (my_robot_wallinterfaces) StdoutLine: {'line': b'-- Up-to-date: /home/ubuntu/ros2_ws/src/Greyform-linux/Python_Application/install/my_robot_wallinterfaces/include/my_robot_wallinterfaces/my_robot_wallinterfaces/msg/detail/file_extraction_message__rosidl_typesupport_introspection_cpp.hpp\n'}
[8.072367] (my_robot_wallinterfaces) StdoutLine: {'line': b'-- Up-to-date: /home/ubuntu/ros2_ws/src/Greyform-linux/Python_Application/install/my_robot_wallinterfaces/include/my_robot_wallinterfaces/my_robot_wallinterfaces/msg/detail/file_extraction_message__type_support.cpp\n'}
[8.073593] (my_robot_wallinterfaces) StdoutLine: {'line': b'-- Up-to-date: /home/ubuntu/ros2_ws/src/Greyform-linux/Python_Application/install/my_robot_wallinterfaces/include/my_robot_wallinterfaces/my_robot_wallinterfaces/msg/detail/selection_wall__type_support.cpp\n'}
[8.074042] (my_robot_wallinterfaces) StdoutLine: {'line': b'-- Up-to-date: /home/ubuntu/ros2_ws/src/Greyform-linux/Python_Application/install/my_robot_wallinterfaces/include/my_robot_wallinterfaces/my_robot_wallinterfaces/msg/detail/selection_wall__rosidl_typesupport_introspection_cpp.hpp\n'}
[8.082936] (-) TimerEvent: {}
[8.086145] (my_robot_wallinterfaces) StdoutLine: {'line': b'-- Up-to-date: /home/ubuntu/ros2_ws/src/Greyform-linux/Python_Application/install/my_robot_wallinterfaces/lib/libmy_robot_wallinterfaces__rosidl_typesupport_introspection_cpp.so\n'}
[8.087465] (my_robot_wallinterfaces) StdoutLine: {'line': b'-- Up-to-date: /home/ubuntu/ros2_ws/src/Greyform-linux/Python_Application/install/my_robot_wallinterfaces/lib/libmy_robot_wallinterfaces__rosidl_typesupport_cpp.so\n'}
[8.091636] (my_robot_wallinterfaces) StdoutLine: {'line': b'-- Up-to-date: /home/ubuntu/ros2_ws/src/Greyform-linux/Python_Application/install/my_robot_wallinterfaces/share/my_robot_wallinterfaces/environment/pythonpath.sh\n'}
[8.092220] (my_robot_wallinterfaces) StdoutLine: {'line': b'-- Up-to-date: /home/ubuntu/ros2_ws/src/Greyform-linux/Python_Application/install/my_robot_wallinterfaces/share/my_robot_wallinterfaces/environment/pythonpath.dsv\n'}
[8.092661] (my_robot_wallinterfaces) StdoutLine: {'line': b'-- Up-to-date: /home/ubuntu/ros2_ws/src/Greyform-linux/Python_Application/install/my_robot_wallinterfaces/local/lib/python3.10/dist-packages/my_robot_wallinterfaces-0.0.0-py3.10.egg-info\n'}
[8.099754] (my_robot_wallinterfaces) StdoutLine: {'line': b'-- Installing: /home/ubuntu/ros2_ws/src/Greyform-linux/Python_Application/install/my_robot_wallinterfaces/local/lib/python3.10/dist-packages/my_robot_wallinterfaces-0.0.0-py3.10.egg-info/dependency_links.txt\n'}
[8.100111] (my_robot_wallinterfaces) StdoutLine: {'line': b'-- Installing: /home/ubuntu/ros2_ws/src/Greyform-linux/Python_Application/install/my_robot_wallinterfaces/local/lib/python3.10/dist-packages/my_robot_wallinterfaces-0.0.0-py3.10.egg-info/SOURCES.txt\n'}
[8.100439] (my_robot_wallinterfaces) StdoutLine: {'line': b'-- Installing: /home/ubuntu/ros2_ws/src/Greyform-linux/Python_Application/install/my_robot_wallinterfaces/local/lib/python3.10/dist-packages/my_robot_wallinterfaces-0.0.0-py3.10.egg-info/PKG-INFO\n'}
[8.100696] (my_robot_wallinterfaces) StdoutLine: {'line': b'-- Installing: /home/ubuntu/ros2_ws/src/Greyform-linux/Python_Application/install/my_robot_wallinterfaces/local/lib/python3.10/dist-packages/my_robot_wallinterfaces-0.0.0-py3.10.egg-info/top_level.txt\n'}
[8.100927] (my_robot_wallinterfaces) StdoutLine: {'line': b'-- Up-to-date: /home/ubuntu/ros2_ws/src/Greyform-linux/Python_Application/install/my_robot_wallinterfaces/local/lib/python3.10/dist-packages/my_robot_wallinterfaces\n'}
[8.104445] (my_robot_wallinterfaces) StdoutLine: {'line': b'-- Up-to-date: /home/ubuntu/ros2_ws/src/Greyform-linux/Python_Application/install/my_robot_wallinterfaces/local/lib/python3.10/dist-packages/my_robot_wallinterfaces/__init__.py\n'}
[8.107547] (my_robot_wallinterfaces) StdoutLine: {'line': b'-- Up-to-date: /home/ubuntu/ros2_ws/src/Greyform-linux/Python_Application/install/my_robot_wallinterfaces/local/lib/python3.10/dist-packages/my_robot_wallinterfaces/my_robot_wallinterfaces_s__rosidl_typesupport_fastrtps_c.cpython-310-x86_64-linux-gnu.so\n'}
[8.108047] (my_robot_wallinterfaces) StdoutLine: {'line': b'-- Up-to-date: /home/ubuntu/ros2_ws/src/Greyform-linux/Python_Application/install/my_robot_wallinterfaces/local/lib/python3.10/dist-packages/my_robot_wallinterfaces/libmy_robot_wallinterfaces__rosidl_generator_py.so\n'}
[8.108435] (my_robot_wallinterfaces) StdoutLine: {'line': b'-- Up-to-date: /home/ubuntu/ros2_ws/src/Greyform-linux/Python_Application/install/my_robot_wallinterfaces/local/lib/python3.10/dist-packages/my_robot_wallinterfaces/my_robot_wallinterfaces_s__rosidl_typesupport_c.cpython-310-x86_64-linux-gnu.so\n'}
[8.109372] (my_robot_wallinterfaces) StdoutLine: {'line': b'-- Up-to-date: /home/ubuntu/ros2_ws/src/Greyform-linux/Python_Application/install/my_robot_wallinterfaces/local/lib/python3.10/dist-packages/my_robot_wallinterfaces/srv\n'}
[8.112033] (my_robot_wallinterfaces) StdoutLine: {'line': b'-- Up-to-date: /home/ubuntu/ros2_ws/src/Greyform-linux/Python_Application/install/my_robot_wallinterfaces/local/lib/python3.10/dist-packages/my_robot_wallinterfaces/srv/__init__.py\n'}
[8.112475] (my_robot_wallinterfaces) StdoutLine: {'line': b'-- Up-to-date: /home/ubuntu/ros2_ws/src/Greyform-linux/Python_Application/install/my_robot_wallinterfaces/local/lib/python3.10/dist-packages/my_robot_wallinterfaces/srv/_set_led.py\n'}
[8.112834] (my_robot_wallinterfaces) StdoutLine: {'line': b'-- Up-to-date: /home/ubuntu/ros2_ws/src/Greyform-linux/Python_Application/install/my_robot_wallinterfaces/local/lib/python3.10/dist-packages/my_robot_wallinterfaces/srv/_set_led_s.c\n'}
[8.113190] (my_robot_wallinterfaces) StdoutLine: {'line': b'-- Up-to-date: /home/ubuntu/ros2_ws/src/Greyform-linux/Python_Application/install/my_robot_wallinterfaces/local/lib/python3.10/dist-packages/my_robot_wallinterfaces/_my_robot_wallinterfaces_s.ep.rosidl_typesupport_fastrtps_c.c\n'}
[8.115505] (my_robot_wallinterfaces) StdoutLine: {'line': b'-- Up-to-date: /home/ubuntu/ros2_ws/src/Greyform-linux/Python_Application/install/my_robot_wallinterfaces/local/lib/python3.10/dist-packages/my_robot_wallinterfaces/my_robot_wallinterfaces_s__rosidl_typesupport_introspection_c.cpython-310-x86_64-linux-gnu.so\n'}
[8.116122] (my_robot_wallinterfaces) StdoutLine: {'line': b'-- Up-to-date: /home/ubuntu/ros2_ws/src/Greyform-linux/Python_Application/install/my_robot_wallinterfaces/local/lib/python3.10/dist-packages/my_robot_wallinterfaces/msg\n'}
[8.117325] (my_robot_wallinterfaces) StdoutLine: {'line': b'-- Up-to-date: /home/ubuntu/ros2_ws/src/Greyform-linux/Python_Application/install/my_robot_wallinterfaces/local/lib/python3.10/dist-packages/my_robot_wallinterfaces/msg/__init__.py\n'}
[8.118195] (my_robot_wallinterfaces) StdoutLine: {'line': b'-- Up-to-date: /home/ubuntu/ros2_ws/src/Greyform-linux/Python_Application/install/my_robot_wallinterfaces/local/lib/python3.10/dist-packages/my_robot_wallinterfaces/msg/_selection_wall.py\n'}
[8.118716] (my_robot_wallinterfaces) StdoutLine: {'line': b'-- Up-to-date: /home/ubuntu/ros2_ws/src/Greyform-linux/Python_Application/install/my_robot_wallinterfaces/local/lib/python3.10/dist-packages/my_robot_wallinterfaces/msg/_selection_wall_s.c\n'}
[8.123392] (my_robot_wallinterfaces) StdoutLine: {'line': b'-- Up-to-date: /home/ubuntu/ros2_ws/src/Greyform-linux/Python_Application/install/my_robot_wallinterfaces/local/lib/python3.10/dist-packages/my_robot_wallinterfaces/msg/_file_extraction_message_s.c\n'}
[8.123887] (my_robot_wallinterfaces) StdoutLine: {'line': b'-- Up-to-date: /home/ubuntu/ros2_ws/src/Greyform-linux/Python_Application/install/my_robot_wallinterfaces/local/lib/python3.10/dist-packages/my_robot_wallinterfaces/msg/_file_extraction_message.py\n'}
[8.124218] (my_robot_wallinterfaces) StdoutLine: {'line': b'-- Up-to-date: /home/ubuntu/ros2_ws/src/Greyform-linux/Python_Application/install/my_robot_wallinterfaces/local/lib/python3.10/dist-packages/my_robot_wallinterfaces/_my_robot_wallinterfaces_s.ep.rosidl_typesupport_introspection_c.c\n'}
[8.128969] (my_robot_wallinterfaces) StdoutLine: {'line': b'-- Up-to-date: /home/ubuntu/ros2_ws/src/Greyform-linux/Python_Application/install/my_robot_wallinterfaces/local/lib/python3.10/dist-packages/my_robot_wallinterfaces/_my_robot_wallinterfaces_s.ep.rosidl_typesupport_c.c\n'}
[8.183848] (-) TimerEvent: {}
[8.288204] (-) TimerEvent: {}
[8.390897] (-) TimerEvent: {}
[8.493623] (-) TimerEvent: {}
[8.597224] (-) TimerEvent: {}
[8.699689] (-) TimerEvent: {}
[8.803589] (-) TimerEvent: {}
[8.909014] (-) TimerEvent: {}
[9.010673] (-) TimerEvent: {}
[9.042538] (my_robot_wallinterfaces) StdoutLine: {'line': b"Listing '/home/ubuntu/ros2_ws/src/Greyform-linux/Python_Application/install/my_robot_wallinterfaces/local/lib/python3.10/dist-packages/my_robot_wallinterfaces'...\n"}
[9.043515] (my_robot_wallinterfaces) StdoutLine: {'line': b"Listing '/home/ubuntu/ros2_ws/src/Greyform-linux/Python_Application/install/my_robot_wallinterfaces/local/lib/python3.10/dist-packages/my_robot_wallinterfaces/msg'...\n"}
[9.065993] (my_robot_wallinterfaces) StdoutLine: {'line': b"Listing '/home/ubuntu/ros2_ws/src/Greyform-linux/Python_Application/install/my_robot_wallinterfaces/local/lib/python3.10/dist-packages/my_robot_wallinterfaces/srv'...\n"}
[9.112670] (-) TimerEvent: {}
[9.120630] (my_robot_wallinterfaces) StdoutLine: {'line': b'-- Up-to-date: /home/ubuntu/ros2_ws/src/Greyform-linux/Python_Application/install/my_robot_wallinterfaces/local/lib/python3.10/dist-packages/my_robot_wallinterfaces/my_robot_wallinterfaces_s__rosidl_typesupport_fastrtps_c.cpython-310-x86_64-linux-gnu.so\n'}
[9.137541] (my_robot_wallinterfaces) StdoutLine: {'line': b'-- Up-to-date: /home/ubuntu/ros2_ws/src/Greyform-linux/Python_Application/install/my_robot_wallinterfaces/local/lib/python3.10/dist-packages/my_robot_wallinterfaces/my_robot_wallinterfaces_s__rosidl_typesupport_introspection_c.cpython-310-x86_64-linux-gnu.so\n'}
[9.157062] (my_robot_wallinterfaces) StdoutLine: {'line': b'-- Up-to-date: /home/ubuntu/ros2_ws/src/Greyform-linux/Python_Application/install/my_robot_wallinterfaces/local/lib/python3.10/dist-packages/my_robot_wallinterfaces/my_robot_wallinterfaces_s__rosidl_typesupport_c.cpython-310-x86_64-linux-gnu.so\n'}
[9.169696] (my_robot_wallinterfaces) StdoutLine: {'line': b'-- Up-to-date: /home/ubuntu/ros2_ws/src/Greyform-linux/Python_Application/install/my_robot_wallinterfaces/lib/libmy_robot_wallinterfaces__rosidl_generator_py.so\n'}
[9.171507] (my_robot_wallinterfaces) StdoutLine: {'line': b'-- Up-to-date: /home/ubuntu/ros2_ws/src/Greyform-linux/Python_Application/install/my_robot_wallinterfaces/share/my_robot_wallinterfaces/msg/FileExtractionMessage.idl\n'}
[9.182176] (my_robot_wallinterfaces) StdoutLine: {'line': b'-- Up-to-date: /home/ubuntu/ros2_ws/src/Greyform-linux/Python_Application/install/my_robot_wallinterfaces/share/my_robot_wallinterfaces/msg/SelectionWall.idl\n'}
[9.183203] (my_robot_wallinterfaces) StdoutLine: {'line': b'-- Up-to-date: /home/ubuntu/ros2_ws/src/Greyform-linux/Python_Application/install/my_robot_wallinterfaces/share/my_robot_wallinterfaces/srv/SetLed.idl\n'}
[9.202021] (my_robot_wallinterfaces) StdoutLine: {'line': b'-- Up-to-date: /home/ubuntu/ros2_ws/src/Greyform-linux/Python_Application/install/my_robot_wallinterfaces/share/my_robot_wallinterfaces/msg/FileExtractionMessage.msg\n'}
[9.204713] (my_robot_wallinterfaces) StdoutLine: {'line': b'-- Up-to-date: /home/ubuntu/ros2_ws/src/Greyform-linux/Python_Application/install/my_robot_wallinterfaces/share/my_robot_wallinterfaces/msg/SelectionWall.msg\n'}
[9.207984] (my_robot_wallinterfaces) StdoutLine: {'line': b'-- Up-to-date: /home/ubuntu/ros2_ws/src/Greyform-linux/Python_Application/install/my_robot_wallinterfaces/share/my_robot_wallinterfaces/srv/SetLed.srv\n'}
[9.208431] (my_robot_wallinterfaces) StdoutLine: {'line': b'-- Up-to-date: /home/ubuntu/ros2_ws/src/Greyform-linux/Python_Application/install/my_robot_wallinterfaces/share/my_robot_wallinterfaces/srv/SetLed_Request.msg\n'}
[9.208978] (my_robot_wallinterfaces) StdoutLine: {'line': b'-- Up-to-date: /home/ubuntu/ros2_ws/src/Greyform-linux/Python_Application/install/my_robot_wallinterfaces/share/my_robot_wallinterfaces/srv/SetLed_Response.msg\n'}
[9.209639] (my_robot_wallinterfaces) StdoutLine: {'line': b'-- Up-to-date: /home/ubuntu/ros2_ws/src/Greyform-linux/Python_Application/install/my_robot_wallinterfaces/share/ament_index/resource_index/package_run_dependencies/my_robot_wallinterfaces\n'}
[9.211745] (my_robot_wallinterfaces) StdoutLine: {'line': b'-- Up-to-date: /home/ubuntu/ros2_ws/src/Greyform-linux/Python_Application/install/my_robot_wallinterfaces/share/ament_index/resource_index/parent_prefix_path/my_robot_wallinterfaces\n'}
[9.212490] (my_robot_wallinterfaces) StdoutLine: {'line': b'-- Up-to-date: /home/ubuntu/ros2_ws/src/Greyform-linux/Python_Application/install/my_robot_wallinterfaces/share/my_robot_wallinterfaces/environment/ament_prefix_path.sh\n'}
[9.212852] (-) TimerEvent: {}
[9.226888] (my_robot_wallinterfaces) StdoutLine: {'line': b'-- Up-to-date: /home/ubuntu/ros2_ws/src/Greyform-linux/Python_Application/install/my_robot_wallinterfaces/share/my_robot_wallinterfaces/environment/ament_prefix_path.dsv\n'}
[9.230569] (my_robot_wallinterfaces) StdoutLine: {'line': b'-- Up-to-date: /home/ubuntu/ros2_ws/src/Greyform-linux/Python_Application/install/my_robot_wallinterfaces/share/my_robot_wallinterfaces/environment/path.sh\n'}
[9.232400] (my_robot_wallinterfaces) StdoutLine: {'line': b'-- Up-to-date: /home/ubuntu/ros2_ws/src/Greyform-linux/Python_Application/install/my_robot_wallinterfaces/share/my_robot_wallinterfaces/environment/path.dsv\n'}
[9.233576] (my_robot_wallinterfaces) StdoutLine: {'line': b'-- Up-to-date: /home/ubuntu/ros2_ws/src/Greyform-linux/Python_Application/install/my_robot_wallinterfaces/share/my_robot_wallinterfaces/local_setup.bash\n'}
[9.235552] (my_robot_wallinterfaces) StdoutLine: {'line': b'-- Up-to-date: /home/ubuntu/ros2_ws/src/Greyform-linux/Python_Application/install/my_robot_wallinterfaces/share/my_robot_wallinterfaces/local_setup.sh\n'}
[9.237438] (my_robot_wallinterfaces) StdoutLine: {'line': b'-- Up-to-date: /home/ubuntu/ros2_ws/src/Greyform-linux/Python_Application/install/my_robot_wallinterfaces/share/my_robot_wallinterfaces/local_setup.zsh\n'}
[9.237930] (my_robot_wallinterfaces) StdoutLine: {'line': b'-- Up-to-date: /home/ubuntu/ros2_ws/src/Greyform-linux/Python_Application/install/my_robot_wallinterfaces/share/my_robot_wallinterfaces/local_setup.dsv\n'}
[9.239103] (my_robot_wallinterfaces) StdoutLine: {'line': b'-- Installing: /home/ubuntu/ros2_ws/src/Greyform-linux/Python_Application/install/my_robot_wallinterfaces/share/my_robot_wallinterfaces/package.dsv\n'}
[9.239976] (my_robot_wallinterfaces) StdoutLine: {'line': b'-- Up-to-date: /home/ubuntu/ros2_ws/src/Greyform-linux/Python_Application/install/my_robot_wallinterfaces/share/ament_index/resource_index/packages/my_robot_wallinterfaces\n'}
[9.281459] (my_robot_wallinterfaces) StdoutLine: {'line': b'-- Up-to-date: /home/ubuntu/ros2_ws/src/Greyform-linux/Python_Application/install/my_robot_wallinterfaces/share/my_robot_wallinterfaces/cmake/export_my_robot_wallinterfaces__rosidl_generator_cExport.cmake\n'}
[9.282027] (my_robot_wallinterfaces) StdoutLine: {'line': b'-- Up-to-date: /home/ubuntu/ros2_ws/src/Greyform-linux/Python_Application/install/my_robot_wallinterfaces/share/my_robot_wallinterfaces/cmake/export_my_robot_wallinterfaces__rosidl_generator_cExport-noconfig.cmake\n'}
[9.294110] (my_robot_wallinterfaces) StdoutLine: {'line': b'-- Up-to-date: /home/ubuntu/ros2_ws/src/Greyform-linux/Python_Application/install/my_robot_wallinterfaces/share/my_robot_wallinterfaces/cmake/export_my_robot_wallinterfaces__rosidl_typesupport_fastrtps_cExport.cmake\n'}
[9.296695] (my_robot_wallinterfaces) StdoutLine: {'line': b'-- Up-to-date: /home/ubuntu/ros2_ws/src/Greyform-linux/Python_Application/install/my_robot_wallinterfaces/share/my_robot_wallinterfaces/cmake/export_my_robot_wallinterfaces__rosidl_typesupport_fastrtps_cExport-noconfig.cmake\n'}
[9.300934] (my_robot_wallinterfaces) StdoutLine: {'line': b'-- Up-to-date: /home/ubuntu/ros2_ws/src/Greyform-linux/Python_Application/install/my_robot_wallinterfaces/share/my_robot_wallinterfaces/cmake/my_robot_wallinterfaces__rosidl_typesupport_introspection_cExport.cmake\n'}
[9.308061] (my_robot_wallinterfaces) StdoutLine: {'line': b'-- Up-to-date: /home/ubuntu/ros2_ws/src/Greyform-linux/Python_Application/install/my_robot_wallinterfaces/share/my_robot_wallinterfaces/cmake/my_robot_wallinterfaces__rosidl_typesupport_introspection_cExport-noconfig.cmake\n'}
[9.313160] (-) TimerEvent: {}
[9.317594] (my_robot_wallinterfaces) StdoutLine: {'line': b'-- Up-to-date: /home/ubuntu/ros2_ws/src/Greyform-linux/Python_Application/install/my_robot_wallinterfaces/share/my_robot_wallinterfaces/cmake/my_robot_wallinterfaces__rosidl_typesupport_cExport.cmake\n'}
[9.318101] (my_robot_wallinterfaces) StdoutLine: {'line': b'-- Up-to-date: /home/ubuntu/ros2_ws/src/Greyform-linux/Python_Application/install/my_robot_wallinterfaces/share/my_robot_wallinterfaces/cmake/my_robot_wallinterfaces__rosidl_typesupport_cExport-noconfig.cmake\n'}
[9.337512] (my_robot_wallinterfaces) StdoutLine: {'line': b'-- Up-to-date: /home/ubuntu/ros2_ws/src/Greyform-linux/Python_Application/install/my_robot_wallinterfaces/share/my_robot_wallinterfaces/cmake/export_my_robot_wallinterfaces__rosidl_generator_cppExport.cmake\n'}
[9.344881] (my_robot_wallinterfaces) StdoutLine: {'line': b'-- Up-to-date: /home/ubuntu/ros2_ws/src/Greyform-linux/Python_Application/install/my_robot_wallinterfaces/share/my_robot_wallinterfaces/cmake/export_my_robot_wallinterfaces__rosidl_typesupport_fastrtps_cppExport.cmake\n'}
[9.352208] (my_robot_wallinterfaces) StdoutLine: {'line': b'-- Up-to-date: /home/ubuntu/ros2_ws/src/Greyform-linux/Python_Application/install/my_robot_wallinterfaces/share/my_robot_wallinterfaces/cmake/export_my_robot_wallinterfaces__rosidl_typesupport_fastrtps_cppExport-noconfig.cmake\n'}
[9.355668] (my_robot_wallinterfaces) StdoutLine: {'line': b'-- Up-to-date: /home/ubuntu/ros2_ws/src/Greyform-linux/Python_Application/install/my_robot_wallinterfaces/share/my_robot_wallinterfaces/cmake/my_robot_wallinterfaces__rosidl_typesupport_introspection_cppExport.cmake\n'}
[9.362157] (my_robot_wallinterfaces) StdoutLine: {'line': b'-- Up-to-date: /home/ubuntu/ros2_ws/src/Greyform-linux/Python_Application/install/my_robot_wallinterfaces/share/my_robot_wallinterfaces/cmake/my_robot_wallinterfaces__rosidl_typesupport_introspection_cppExport-noconfig.cmake\n'}
[9.392720] (my_robot_wallinterfaces) StdoutLine: {'line': b'-- Up-to-date: /home/ubuntu/ros2_ws/src/Greyform-linux/Python_Application/install/my_robot_wallinterfaces/share/my_robot_wallinterfaces/cmake/my_robot_wallinterfaces__rosidl_typesupport_cppExport.cmake\n'}
[9.412995] (my_robot_wallinterfaces) StdoutLine: {'line': b'-- Up-to-date: /home/ubuntu/ros2_ws/src/Greyform-linux/Python_Application/install/my_robot_wallinterfaces/share/my_robot_wallinterfaces/cmake/my_robot_wallinterfaces__rosidl_typesupport_cppExport-noconfig.cmake\n'}
[9.416638] (-) TimerEvent: {}
[9.423092] (my_robot_wallinterfaces) StdoutLine: {'line': b'-- Up-to-date: /home/ubuntu/ros2_ws/src/Greyform-linux/Python_Application/install/my_robot_wallinterfaces/share/my_robot_wallinterfaces/cmake/export_my_robot_wallinterfaces__rosidl_generator_pyExport.cmake\n'}
[9.423805] (my_robot_wallinterfaces) StdoutLine: {'line': b'-- Up-to-date: /home/ubuntu/ros2_ws/src/Greyform-linux/Python_Application/install/my_robot_wallinterfaces/share/my_robot_wallinterfaces/cmake/export_my_robot_wallinterfaces__rosidl_generator_pyExport-noconfig.cmake\n'}
[9.424272] (my_robot_wallinterfaces) StdoutLine: {'line': b'-- Up-to-date: /home/ubuntu/ros2_ws/src/Greyform-linux/Python_Application/install/my_robot_wallinterfaces/share/my_robot_wallinterfaces/cmake/rosidl_cmake-extras.cmake\n'}
[9.424696] (my_robot_wallinterfaces) StdoutLine: {'line': b'-- Up-to-date: /home/ubuntu/ros2_ws/src/Greyform-linux/Python_Application/install/my_robot_wallinterfaces/share/my_robot_wallinterfaces/cmake/ament_cmake_export_dependencies-extras.cmake\n'}
[9.426260] (my_robot_wallinterfaces) StdoutLine: {'line': b'-- Up-to-date: /home/ubuntu/ros2_ws/src/Greyform-linux/Python_Application/install/my_robot_wallinterfaces/share/my_robot_wallinterfaces/cmake/ament_cmake_export_include_directories-extras.cmake\n'}
[9.426806] (my_robot_wallinterfaces) StdoutLine: {'line': b'-- Up-to-date: /home/ubuntu/ros2_ws/src/Greyform-linux/Python_Application/install/my_robot_wallinterfaces/share/my_robot_wallinterfaces/cmake/ament_cmake_export_libraries-extras.cmake\n'}
[9.427143] (my_robot_wallinterfaces) StdoutLine: {'line': b'-- Up-to-date: /home/ubuntu/ros2_ws/src/Greyform-linux/Python_Application/install/my_robot_wallinterfaces/share/my_robot_wallinterfaces/cmake/ament_cmake_export_targets-extras.cmake\n'}
[9.429241] (my_robot_wallinterfaces) StdoutLine: {'line': b'-- Up-to-date: /home/ubuntu/ros2_ws/src/Greyform-linux/Python_Application/install/my_robot_wallinterfaces/share/my_robot_wallinterfaces/cmake/rosidl_cmake_export_typesupport_targets-extras.cmake\n'}
[9.431429] (my_robot_wallinterfaces) StdoutLine: {'line': b'-- Up-to-date: /home/ubuntu/ros2_ws/src/Greyform-linux/Python_Application/install/my_robot_wallinterfaces/share/my_robot_wallinterfaces/cmake/rosidl_cmake_export_typesupport_libraries-extras.cmake\n'}
[9.433773] (my_robot_wallinterfaces) StdoutLine: {'line': b'-- Up-to-date: /home/ubuntu/ros2_ws/src/Greyform-linux/Python_Application/install/my_robot_wallinterfaces/share/my_robot_wallinterfaces/cmake/my_robot_wallinterfacesConfig.cmake\n'}
[9.434767] (my_robot_wallinterfaces) StdoutLine: {'line': b'-- Up-to-date: /home/ubuntu/ros2_ws/src/Greyform-linux/Python_Application/install/my_robot_wallinterfaces/share/my_robot_wallinterfaces/cmake/my_robot_wallinterfacesConfig-version.cmake\n'}
[9.435241] (my_robot_wallinterfaces) StdoutLine: {'line': b'-- Up-to-date: /home/ubuntu/ros2_ws/src/Greyform-linux/Python_Application/install/my_robot_wallinterfaces/share/my_robot_wallinterfaces/package.xml\n'}
[9.455297] (my_robot_wallinterfaces) CommandEnded: {'returncode': 0}
[9.525221] (-) TimerEvent: {}
[9.630568] (-) TimerEvent: {}
[9.707503] (my_robot_wallinterfaces) JobEnded: {'identifier': 'my_robot_wallinterfaces', 'rc': 0}
[9.709606] (talker_listener) JobStarted: {'identifier': 'talker_listener'}
[9.745894] (-) TimerEvent: {}
[9.848533] (-) TimerEvent: {}
[9.955207] (-) TimerEvent: {}
[10.057946] (-) TimerEvent: {}
[10.175935] (-) TimerEvent: {}
[10.292141] (-) TimerEvent: {}
[10.399716] (-) TimerEvent: {}
[10.507143] (-) TimerEvent: {}
[10.611463] (-) TimerEvent: {}
[10.714694] (-) TimerEvent: {}
[10.820650] (-) TimerEvent: {}
[10.926833] (-) TimerEvent: {}
[11.028848] (-) TimerEvent: {}
[11.143543] (-) TimerEvent: {}
[11.244474] (-) TimerEvent: {}
[11.348996] (-) TimerEvent: {}
[11.454738] (-) TimerEvent: {}
[11.560768] (-) TimerEvent: {}
[11.669995] (-) TimerEvent: {}
[11.787964] (-) TimerEvent: {}
[11.899524] (-) TimerEvent: {}
[12.029086] (-) TimerEvent: {}
[12.131496] (-) TimerEvent: {}
[12.232455] (-) TimerEvent: {}
[12.338421] (-) TimerEvent: {}
[12.441139] (-) TimerEvent: {}
[12.544525] (-) TimerEvent: {}
[12.652135] (-) TimerEvent: {}
[12.753974] (-) TimerEvent: {}
[12.860858] (-) TimerEvent: {}
[12.975760] (-) TimerEvent: {}
[13.076779] (-) TimerEvent: {}
[13.177812] (-) TimerEvent: {}
[13.278835] (-) TimerEvent: {}
[13.391181] (-) TimerEvent: {}
[13.496476] (-) TimerEvent: {}
[13.613868] (-) TimerEvent: {}
[13.724029] (-) TimerEvent: {}
[13.826062] (-) TimerEvent: {}
[13.928141] (-) TimerEvent: {}
[14.030758] (-) TimerEvent: {}
[14.139610] (-) TimerEvent: {}
[14.253637] (-) TimerEvent: {}
[14.358067] (-) TimerEvent: {}
[14.459072] (-) TimerEvent: {}
[14.560076] (-) TimerEvent: {}
[14.662523] (-) TimerEvent: {}
[14.789071] (-) TimerEvent: {}
[14.910736] (my-test-package) Command: {'cmd': ['/usr/bin/python3', '-W', 'ignore:setup.py install is deprecated', '-W', 'ignore:easy_install command is deprecated', 'setup.py', 'egg_info', '--egg-base', '../../../../../../../../build/my-test-package', 'build', '--build-base', '/home/ubuntu/ros2_ws/src/Greyform-linux/Python_Application/build/my-test-package/build', 'install', '--record', '/home/ubuntu/ros2_ws/src/Greyform-linux/Python_Application/build/my-test-package/install.log', '--single-version-externally-managed'], 'cwd': '/home/ubuntu/ros2_ws/src/Greyform-linux/Python_Application/env/lib/python3.10/site-packages/pkg_resources/tests/data/my-test-package-source', 'env': {'GJS_DEBUG_TOPICS': 'JS ERROR;JS LOG', 'LESSOPEN': '| /usr/bin/lesspipe %s', 'USER': 'ubuntu', 'LC_TIME': 'id_ID.UTF-8', 'FONTCONFIG_PATH': '/etc/fonts', 'GIO_MODULE_DIR': '/home/ubuntu/snap/code/common/.cache/gio-modules', 'XDG_SESSION_TYPE': 'x11', 'GIT_ASKPASS': '/snap/code/191/usr/share/code/resources/app/extensions/git/dist/askpass.sh', 'GTK_EXE_PREFIX_VSCODE_SNAP_ORIG': '', 'GDK_BACKEND_VSCODE_SNAP_ORIG': '', 'SHLVL': '1', 'LD_LIBRARY_PATH': '/opt/ros/humble/opt/rviz_ogre_vendor/lib:/opt/ros/humble/lib/x86_64-linux-gnu:/opt/ros/humble/lib', 'HOME': '/home/ubuntu', 'CHROME_DESKTOP': 'code.desktop', 'LOCPATH_VSCODE_SNAP_ORIG': '', 'TERM_PROGRAM_VERSION': '1.99.3', 'DESKTOP_SESSION': 'ubuntu-xorg', 'GTK_PATH': '/snap/code/191/usr/lib/x86_64-linux-gnu/gtk-3.0', 'XDG_DATA_HOME_VSCODE_SNAP_ORIG': '', 'GTK_IM_MODULE_FILE': '/home/ubuntu/snap/code/common/.cache/immodules/immodules.cache', 'GIO_LAUNCHED_DESKTOP_FILE': '/var/lib/snapd/desktop/applications/code_code.desktop', 'ROS_PYTHON_VERSION': '3', 'GNOME_SHELL_SESSION_MODE': 'ubuntu', 'GTK_MODULES': 'gail:atk-bridge', 'GSETTINGS_SCHEMA_DIR_VSCODE_SNAP_ORIG': '', 'VSCODE_GIT_ASKPASS_MAIN': '/snap/code/191/usr/share/code/resources/app/extensions/git/dist/askpass-main.js', 'LC_MONETARY': 'id_ID.UTF-8', 'VSCODE_GIT_ASKPASS_NODE': '/snap/code/191/usr/share/code/code', 'MANAGERPID': '1705', 'PYDEVD_DISABLE_FILE_VALIDATION': '1', 'SYSTEMD_EXEC_PID': '3602', 'BUNDLED_DEBUGPY_PATH': '/home/ubuntu/.vscode/extensions/ms-python.debugpy-2025.6.0-linux-x64/bundled/libs/debugpy', 'DBUS_SESSION_BUS_ADDRESS': 'unix:path=/run/user/1000/bus', 'COLORTERM': 'truecolor', 'GIO_LAUNCHED_DESKTOP_FILE_PID': '5825', 'IM_CONFIG_PHASE': '1', 'ROS_DISTRO': 'humble', 'GTK_IM_MODULE': 'ibus', 'LOGNAME': 'ubuntu', 'JOURNAL_STREAM': '8:33791', '_': '/usr/bin/colcon', 'ROS_VERSION': '2', 'XDG_CONFIG_DIRS_VSCODE_SNAP_ORIG': '/etc/xdg/xdg-ubuntu-xorg:/etc/xdg', 'XDG_SESSION_CLASS': 'user', 'XDG_DATA_DIRS_VSCODE_SNAP_ORIG': '/usr/share/ubuntu-xorg:/usr/share/gnome:/home/ubuntu/.local/share/flatpak/exports/share:/var/lib/flatpak/exports/share:/usr/local/share/:/usr/share/:/var/lib/snapd/desktop', 'USERNAME': 'ubuntu', 'TERM': 'xterm-256color', 'GNOME_DESKTOP_SESSION_ID': 'this-is-deprecated', 'ROS_LOCALHOST_ONLY': '0', 'WINDOWPATH': '2', 'PATH': '/opt/ros/humble/bin:/home/ubuntu/.local/bin:/usr/local/sbin:/usr/local/bin:/usr/sbin:/usr/bin:/sbin:/bin:/usr/games:/usr/local/games:/snap/bin:/snap/bin:/home/ubuntu/.vscode/extensions/ms-python.debugpy-2025.6.0-linux-x64/bundled/scripts/noConfigScripts', 'SESSION_MANAGER': 'local/ubuntu-virtual-machine:@/tmp/.ICE-unix/3570,unix/ubuntu-virtual-machine:/tmp/.ICE-unix/3570', 'GTK_EXE_PREFIX': '/snap/code/191/usr', 'INVOCATION_ID': 'c43eceb5d0b44bad9ef1bd7c95aa3904', 'XDG_MENU_PREFIX': 'gnome-', 'LC_ADDRESS': 'id_ID.UTF-8', 'BAMF_DESKTOP_FILE_HINT': '/var/lib/snapd/desktop/applications/code_code.desktop', 'XDG_RUNTIME_DIR': '/run/user/1000', 'GDK_BACKEND': 'x11', 'DISPLAY': ':0', 'LOCPATH': '/snap/code/191/usr/lib/locale', 'VSCODE_DEBUGPY_ADAPTER_ENDPOINTS': '/home/ubuntu/.vscode/extensions/ms-python.debugpy-2025.6.0-linux-x64/.noConfigDebugAdapterEndpoints/endpoint-5c4e4c73dc4993ee.txt', 'LANG': 'en_US.UTF-8', 'XDG_CURRENT_DESKTOP': 'Unity', 'LC_TELEPHONE': 'id_ID.UTF-8', 'GIO_MODULE_DIR_VSCODE_SNAP_ORIG': '', 'XDG_DATA_HOME': '/home/ubuntu/snap/code/191/.local/share', 'XMODIFIERS': '@im=ibus', 'XDG_SESSION_DESKTOP': 'ubuntu-xorg', 'XAUTHORITY': '/run/user/1000/gdm/Xauthority', 'LS_COLORS': 'rs=0:di=01;34:ln=01;36:mh=00:pi=40;33:so=01;35:do=01;35:bd=40;33;01:cd=40;33;01:or=40;31;01:mi=00:su=37;41:sg=30;43:ca=30;41:tw=30;42:ow=34;42:st=37;44:ex=01;32:*.tar=01;31:*.tgz=01;31:*.arc=01;31:*.arj=01;31:*.taz=01;31:*.lha=01;31:*.lz4=01;31:*.lzh=01;31:*.lzma=01;31:*.tlz=01;31:*.txz=01;31:*.tzo=01;31:*.t7z=01;31:*.zip=01;31:*.z=01;31:*.dz=01;31:*.gz=01;31:*.lrz=01;31:*.lz=01;31:*.lzo=01;31:*.xz=01;31:*.zst=01;31:*.tzst=01;31:*.bz2=01;31:*.bz=01;31:*.tbz=01;31:*.tbz2=01;31:*.tz=01;31:*.deb=01;31:*.rpm=01;31:*.jar=01;31:*.war=01;31:*.ear=01;31:*.sar=01;31:*.rar=01;31:*.alz=01;31:*.ace=01;31:*.zoo=01;31:*.cpio=01;31:*.7z=01;31:*.rz=01;31:*.cab=01;31:*.wim=01;31:*.swm=01;31:*.dwm=01;31:*.esd=01;31:*.jpg=01;35:*.jpeg=01;35:*.mjpg=01;35:*.mjpeg=01;35:*.gif=01;35:*.bmp=01;35:*.pbm=01;35:*.pgm=01;35:*.ppm=01;35:*.tga=01;35:*.xbm=01;35:*.xpm=01;35:*.tif=01;35:*.tiff=01;35:*.png=01;35:*.svg=01;35:*.svgz=01;35:*.mng=01;35:*.pcx=01;35:*.mov=01;35:*.mpg=01;35:*.mpeg=01;35:*.m2v=01;35:*.mkv=01;35:*.webm=01;35:*.webp=01;35:*.ogm=01;35:*.mp4=01;35:*.m4v=01;35:*.mp4v=01;35:*.vob=01;35:*.qt=01;35:*.nuv=01;35:*.wmv=01;35:*.asf=01;35:*.rm=01;35:*.rmvb=01;35:*.flc=01;35:*.avi=01;35:*.fli=01;35:*.flv=01;35:*.gl=01;35:*.dl=01;35:*.xcf=01;35:*.xwd=01;35:*.yuv=01;35:*.cgm=01;35:*.emf=01;35:*.ogv=01;35:*.ogx=01;35:*.aac=00;36:*.au=00;36:*.flac=00;36:*.m4a=00;36:*.mid=00;36:*.midi=00;36:*.mka=00;36:*.mp3=00;36:*.mpc=00;36:*.ogg=00;36:*.ra=00;36:*.wav=00;36:*.oga=00;36:*.opus=00;36:*.spx=00;36:*.xspf=00;36:', 'VSCODE_GIT_IPC_HANDLE': '/run/user/1000/vscode-git-93ae0fd6cc.sock', 'TERM_PROGRAM': 'vscode', 'SSH_AGENT_LAUNCHER': 'gnome-keyring', 'SSH_AUTH_SOCK': '/run/user/1000/keyring/ssh', 'GSETTINGS_SCHEMA_DIR': '/home/ubuntu/snap/code/191/.local/share/glib-2.0/schemas', 'AMENT_PREFIX_PATH': '/opt/ros/humble', 'ORIGINAL_XDG_CURRENT_DESKTOP': 'ubuntu:GNOME', 'SHELL': '/bin/bash', 'LC_NAME': 'id_ID.UTF-8', 'QT_ACCESSIBILITY': '1', 'GDMSESSION': 'ubuntu-xorg', 'LESSCLOSE': '/usr/bin/lesspipe %s %s', 'GTK_PATH_VSCODE_SNAP_ORIG': '', 'FONTCONFIG_FILE': '/etc/fonts/fonts.conf', 'GTK_IM_MODULE_FILE_VSCODE_SNAP_ORIG': '', 'LC_MEASUREMENT': 'id_ID.UTF-8', 'GPG_AGENT_INFO': '/run/user/1000/gnupg/S.gpg-agent:0:1', 'GJS_DEBUG_OUTPUT': 'stderr', 'LC_IDENTIFICATION': 'id_ID.UTF-8', 'VSCODE_GIT_ASKPASS_EXTRA_ARGS': '', 'QT_IM_MODULE': 'ibus', 'PWD': '/home/ubuntu/ros2_ws/src/Greyform-linux/Python_Application/build/my-test-package', 'QT_QPA_PLATFORM': 'xcb', 'LC_ALL': 'en_US.UTF-8', 'XDG_CONFIG_DIRS': '/etc/xdg/xdg-ubuntu-xorg:/etc/xdg', 'XDG_DATA_DIRS': '/home/ubuntu/snap/code/191/.local/share:/home/ubuntu/snap/code/191:/snap/code/191/usr/share:/usr/share/ubuntu-xorg:/usr/share/gnome:/home/ubuntu/.local/share/flatpak/exports/share:/var/lib/flatpak/exports/share:/usr/local/share/:/usr/share/:/var/lib/snapd/desktop', 'PYTHONPATH': '/home/ubuntu/ros2_ws/src/Greyform-linux/Python_Application/build/my-test-package/prefix_override:/usr/lib/python3/dist-packages/colcon_core/task/python/colcon_distutils_commands:/home/ubuntu/ros2_ws/src/Greyform-linux/Python_Application/install/my-test-package/lib/python3.10/site-packages:/opt/ros/humble/lib/python3.10/site-packages:/opt/ros/humble/local/lib/python3.10/dist-packages', 'LC_NUMERIC': 'id_ID.UTF-8', 'LC_PAPER': 'id_ID.UTF-8', 'COLCON': '1'}, 'shell': False}
[14.937990] (-) TimerEvent: {}
[15.063000] (-) TimerEvent: {}
[15.168538] (-) TimerEvent: {}
[15.278269] (-) TimerEvent: {}
[15.391592] (-) TimerEvent: {}
[15.495915] (-) TimerEvent: {}
[15.605254] (-) TimerEvent: {}
[15.710423] (-) TimerEvent: {}
[15.814545] (-) TimerEvent: {}
[15.916508] (-) TimerEvent: {}
[16.023500] (-) TimerEvent: {}
[16.126768] (-) TimerEvent: {}
[16.233024] (-) TimerEvent: {}
[16.339899] (-) TimerEvent: {}
[16.442189] (-) TimerEvent: {}
[16.549888] (-) TimerEvent: {}
[16.655727] (-) TimerEvent: {}
[16.764917] (-) TimerEvent: {}
[16.870554] (-) TimerEvent: {}
[16.977633] (-) TimerEvent: {}
[17.084985] (-) TimerEvent: {}
[17.189865] (-) TimerEvent: {}
[17.290777] (-) TimerEvent: {}
[17.404534] (-) TimerEvent: {}
[17.506011] (-) TimerEvent: {}
[17.612752] (-) TimerEvent: {}
[17.719712] (-) TimerEvent: {}
[17.887790] (-) TimerEvent: {}
[17.988902] (-) TimerEvent: {}
[18.118092] (-) TimerEvent: {}
[18.220568] (-) TimerEvent: {}
[18.332751] (-) TimerEvent: {}
[18.441597] (-) TimerEvent: {}
[18.543502] (-) TimerEvent: {}
[18.651504] (-) TimerEvent: {}
[18.754188] (-) TimerEvent: {}
[18.855694] (-) TimerEvent: {}
[18.958894] (-) TimerEvent: {}
[19.083469] (-) TimerEvent: {}
[19.186948] (-) TimerEvent: {}
[19.290995] (-) TimerEvent: {}
[19.392624] (-) TimerEvent: {}
[19.552353] (-) TimerEvent: {}
[19.698865] (-) TimerEvent: {}
[19.807104] (-) TimerEvent: {}
[19.912600] (-) TimerEvent: {}
[20.014782] (-) TimerEvent: {}
[20.122470] (-) TimerEvent: {}
[20.235775] (-) TimerEvent: {}
[20.354837] (-) TimerEvent: {}
[20.481789] (-) TimerEvent: {}
[20.584584] (-) TimerEvent: {}
[20.691437] (-) TimerEvent: {}
[20.811583] (-) TimerEvent: {}
[20.920770] (-) TimerEvent: {}
[21.051971] (-) TimerEvent: {}
[21.188116] (-) TimerEvent: {}
[21.303478] (-) TimerEvent: {}
[21.429792] (-) TimerEvent: {}
[21.557831] (-) TimerEvent: {}
[21.667656] (-) TimerEvent: {}
[21.770993] (-) TimerEvent: {}
[21.878156] (-) TimerEvent: {}
[21.983821] (-) TimerEvent: {}
[22.104444] (-) TimerEvent: {}
[22.205856] (-) TimerEvent: {}
[22.312033] (-) TimerEvent: {}
[22.418832] (-) TimerEvent: {}
[22.525796] (-) TimerEvent: {}
[22.589813] (talker_listener) Command: {'cmd': ['/usr/bin/python3', '-W', 'ignore:setup.py install is deprecated', '-W', 'ignore:easy_install command is deprecated', 'setup.py', 'egg_info', '--egg-base', '../build/talker_listener', 'build', '--build-base', '/home/ubuntu/ros2_ws/src/Greyform-linux/Python_Application/build/talker_listener/build', 'install', '--record', '/home/ubuntu/ros2_ws/src/Greyform-linux/Python_Application/build/talker_listener/install.log', '--single-version-externally-managed', 'install_data'], 'cwd': '/home/ubuntu/ros2_ws/src/Greyform-linux/Python_Application/talker_listener', 'env': {'GJS_DEBUG_TOPICS': 'JS ERROR;JS LOG', 'LESSOPEN': '| /usr/bin/lesspipe %s', 'USER': 'ubuntu', 'LC_TIME': 'id_ID.UTF-8', 'FONTCONFIG_PATH': '/etc/fonts', 'GIO_MODULE_DIR': '/home/ubuntu/snap/code/common/.cache/gio-modules', 'XDG_SESSION_TYPE': 'x11', 'GIT_ASKPASS': '/snap/code/191/usr/share/code/resources/app/extensions/git/dist/askpass.sh', 'GTK_EXE_PREFIX_VSCODE_SNAP_ORIG': '', 'GDK_BACKEND_VSCODE_SNAP_ORIG': '', 'SHLVL': '1', 'LD_LIBRARY_PATH': '/home/ubuntu/ros2_ws/src/Greyform-linux/Python_Application/install/my_robot_wallinterfaces/lib:/opt/ros/humble/opt/rviz_ogre_vendor/lib:/opt/ros/humble/lib/x86_64-linux-gnu:/opt/ros/humble/lib', 'HOME': '/home/ubuntu', 'CHROME_DESKTOP': 'code.desktop', 'LOCPATH_VSCODE_SNAP_ORIG': '', 'TERM_PROGRAM_VERSION': '1.99.3', 'DESKTOP_SESSION': 'ubuntu-xorg', 'GTK_PATH': '/snap/code/191/usr/lib/x86_64-linux-gnu/gtk-3.0', 'XDG_DATA_HOME_VSCODE_SNAP_ORIG': '', 'GTK_IM_MODULE_FILE': '/home/ubuntu/snap/code/common/.cache/immodules/immodules.cache', 'GIO_LAUNCHED_DESKTOP_FILE': '/var/lib/snapd/desktop/applications/code_code.desktop', 'ROS_PYTHON_VERSION': '3', 'GNOME_SHELL_SESSION_MODE': 'ubuntu', 'GTK_MODULES': 'gail:atk-bridge', 'GSETTINGS_SCHEMA_DIR_VSCODE_SNAP_ORIG': '', 'VSCODE_GIT_ASKPASS_MAIN': '/snap/code/191/usr/share/code/resources/app/extensions/git/dist/askpass-main.js', 'LC_MONETARY': 'id_ID.UTF-8', 'VSCODE_GIT_ASKPASS_NODE': '/snap/code/191/usr/share/code/code', 'MANAGERPID': '1705', 'PYDEVD_DISABLE_FILE_VALIDATION': '1', 'SYSTEMD_EXEC_PID': '3602', 'BUNDLED_DEBUGPY_PATH': '/home/ubuntu/.vscode/extensions/ms-python.debugpy-2025.6.0-linux-x64/bundled/libs/debugpy', 'DBUS_SESSION_BUS_ADDRESS': 'unix:path=/run/user/1000/bus', 'COLORTERM': 'truecolor', 'GIO_LAUNCHED_DESKTOP_FILE_PID': '5825', 'IM_CONFIG_PHASE': '1', 'ROS_DISTRO': 'humble', 'GTK_IM_MODULE': 'ibus', 'LOGNAME': 'ubuntu', 'JOURNAL_STREAM': '8:33791', '_': '/usr/bin/colcon', 'ROS_VERSION': '2', 'XDG_CONFIG_DIRS_VSCODE_SNAP_ORIG': '/etc/xdg/xdg-ubuntu-xorg:/etc/xdg', 'XDG_SESSION_CLASS': 'user', 'XDG_DATA_DIRS_VSCODE_SNAP_ORIG': '/usr/share/ubuntu-xorg:/usr/share/gnome:/home/ubuntu/.local/share/flatpak/exports/share:/var/lib/flatpak/exports/share:/usr/local/share/:/usr/share/:/var/lib/snapd/desktop', 'USERNAME': 'ubuntu', 'TERM': 'xterm-256color', 'GNOME_DESKTOP_SESSION_ID': 'this-is-deprecated', 'ROS_LOCALHOST_ONLY': '0', 'WINDOWPATH': '2', 'PATH': '/opt/ros/humble/bin:/home/ubuntu/.local/bin:/usr/local/sbin:/usr/local/bin:/usr/sbin:/usr/bin:/sbin:/bin:/usr/games:/usr/local/games:/snap/bin:/snap/bin:/home/ubuntu/.vscode/extensions/ms-python.debugpy-2025.6.0-linux-x64/bundled/scripts/noConfigScripts', 'SESSION_MANAGER': 'local/ubuntu-virtual-machine:@/tmp/.ICE-unix/3570,unix/ubuntu-virtual-machine:/tmp/.ICE-unix/3570', 'GTK_EXE_PREFIX': '/snap/code/191/usr', 'INVOCATION_ID': 'c43eceb5d0b44bad9ef1bd7c95aa3904', 'XDG_MENU_PREFIX': 'gnome-', 'LC_ADDRESS': 'id_ID.UTF-8', 'BAMF_DESKTOP_FILE_HINT': '/var/lib/snapd/desktop/applications/code_code.desktop', 'XDG_RUNTIME_DIR': '/run/user/1000', 'GDK_BACKEND': 'x11', 'DISPLAY': ':0', 'LOCPATH': '/snap/code/191/usr/lib/locale', 'VSCODE_DEBUGPY_ADAPTER_ENDPOINTS': '/home/ubuntu/.vscode/extensions/ms-python.debugpy-2025.6.0-linux-x64/.noConfigDebugAdapterEndpoints/endpoint-5c4e4c73dc4993ee.txt', 'LANG': 'en_US.UTF-8', 'XDG_CURRENT_DESKTOP': 'Unity', 'LC_TELEPHONE': 'id_ID.UTF-8', 'GIO_MODULE_DIR_VSCODE_SNAP_ORIG': '', 'XDG_DATA_HOME': '/home/ubuntu/snap/code/191/.local/share', 'XMODIFIERS': '@im=ibus', 'XDG_SESSION_DESKTOP': 'ubuntu-xorg', 'XAUTHORITY': '/run/user/1000/gdm/Xauthority', 'LS_COLORS': 'rs=0:di=01;34:ln=01;36:mh=00:pi=40;33:so=01;35:do=01;35:bd=40;33;01:cd=40;33;01:or=40;31;01:mi=00:su=37;41:sg=30;43:ca=30;41:tw=30;42:ow=34;42:st=37;44:ex=01;32:*.tar=01;31:*.tgz=01;31:*.arc=01;31:*.arj=01;31:*.taz=01;31:*.lha=01;31:*.lz4=01;31:*.lzh=01;31:*.lzma=01;31:*.tlz=01;31:*.txz=01;31:*.tzo=01;31:*.t7z=01;31:*.zip=01;31:*.z=01;31:*.dz=01;31:*.gz=01;31:*.lrz=01;31:*.lz=01;31:*.lzo=01;31:*.xz=01;31:*.zst=01;31:*.tzst=01;31:*.bz2=01;31:*.bz=01;31:*.tbz=01;31:*.tbz2=01;31:*.tz=01;31:*.deb=01;31:*.rpm=01;31:*.jar=01;31:*.war=01;31:*.ear=01;31:*.sar=01;31:*.rar=01;31:*.alz=01;31:*.ace=01;31:*.zoo=01;31:*.cpio=01;31:*.7z=01;31:*.rz=01;31:*.cab=01;31:*.wim=01;31:*.swm=01;31:*.dwm=01;31:*.esd=01;31:*.jpg=01;35:*.jpeg=01;35:*.mjpg=01;35:*.mjpeg=01;35:*.gif=01;35:*.bmp=01;35:*.pbm=01;35:*.pgm=01;35:*.ppm=01;35:*.tga=01;35:*.xbm=01;35:*.xpm=01;35:*.tif=01;35:*.tiff=01;35:*.png=01;35:*.svg=01;35:*.svgz=01;35:*.mng=01;35:*.pcx=01;35:*.mov=01;35:*.mpg=01;35:*.mpeg=01;35:*.m2v=01;35:*.mkv=01;35:*.webm=01;35:*.webp=01;35:*.ogm=01;35:*.mp4=01;35:*.m4v=01;35:*.mp4v=01;35:*.vob=01;35:*.qt=01;35:*.nuv=01;35:*.wmv=01;35:*.asf=01;35:*.rm=01;35:*.rmvb=01;35:*.flc=01;35:*.avi=01;35:*.fli=01;35:*.flv=01;35:*.gl=01;35:*.dl=01;35:*.xcf=01;35:*.xwd=01;35:*.yuv=01;35:*.cgm=01;35:*.emf=01;35:*.ogv=01;35:*.ogx=01;35:*.aac=00;36:*.au=00;36:*.flac=00;36:*.m4a=00;36:*.mid=00;36:*.midi=00;36:*.mka=00;36:*.mp3=00;36:*.mpc=00;36:*.ogg=00;36:*.ra=00;36:*.wav=00;36:*.oga=00;36:*.opus=00;36:*.spx=00;36:*.xspf=00;36:', 'VSCODE_GIT_IPC_HANDLE': '/run/user/1000/vscode-git-93ae0fd6cc.sock', 'TERM_PROGRAM': 'vscode', 'SSH_AGENT_LAUNCHER': 'gnome-keyring', 'SSH_AUTH_SOCK': '/run/user/1000/keyring/ssh', 'GSETTINGS_SCHEMA_DIR': '/home/ubuntu/snap/code/191/.local/share/glib-2.0/schemas', 'AMENT_PREFIX_PATH': '/home/ubuntu/ros2_ws/src/Greyform-linux/Python_Application/install/my_robot_wallinterfaces:/opt/ros/humble', 'ORIGINAL_XDG_CURRENT_DESKTOP': 'ubuntu:GNOME', 'SHELL': '/bin/bash', 'LC_NAME': 'id_ID.UTF-8', 'QT_ACCESSIBILITY': '1', 'GDMSESSION': 'ubuntu-xorg', 'LESSCLOSE': '/usr/bin/lesspipe %s %s', 'GTK_PATH_VSCODE_SNAP_ORIG': '', 'FONTCONFIG_FILE': '/etc/fonts/fonts.conf', 'GTK_IM_MODULE_FILE_VSCODE_SNAP_ORIG': '', 'LC_MEASUREMENT': 'id_ID.UTF-8', 'GPG_AGENT_INFO': '/run/user/1000/gnupg/S.gpg-agent:0:1', 'GJS_DEBUG_OUTPUT': 'stderr', 'LC_IDENTIFICATION': 'id_ID.UTF-8', 'VSCODE_GIT_ASKPASS_EXTRA_ARGS': '', 'QT_IM_MODULE': 'ibus', 'PWD': '/home/ubuntu/ros2_ws/src/Greyform-linux/Python_Application/build/talker_listener', 'QT_QPA_PLATFORM': 'xcb', 'LC_ALL': 'en_US.UTF-8', 'XDG_CONFIG_DIRS': '/etc/xdg/xdg-ubuntu-xorg:/etc/xdg', 'XDG_DATA_DIRS': '/home/ubuntu/snap/code/191/.local/share:/home/ubuntu/snap/code/191:/snap/code/191/usr/share:/usr/share/ubuntu-xorg:/usr/share/gnome:/home/ubuntu/.local/share/flatpak/exports/share:/var/lib/flatpak/exports/share:/usr/local/share/:/usr/share/:/var/lib/snapd/desktop', 'PYTHONPATH': '/home/ubuntu/ros2_ws/src/Greyform-linux/Python_Application/build/talker_listener/prefix_override:/usr/lib/python3/dist-packages/colcon_core/task/python/colcon_distutils_commands:/home/ubuntu/ros2_ws/src/Greyform-linux/Python_Application/install/talker_listener/lib/python3.10/site-packages:/home/ubuntu/ros2_ws/src/Greyform-linux/Python_Application/install/my_robot_wallinterfaces/local/lib/python3.10/dist-packages:/opt/ros/humble/lib/python3.10/site-packages:/opt/ros/humble/local/lib/python3.10/dist-packages', 'LC_NUMERIC': 'id_ID.UTF-8', 'LC_PAPER': 'id_ID.UTF-8', 'COLCON': '1', 'CMAKE_PREFIX_PATH': '/home/ubuntu/ros2_ws/src/Greyform-linux/Python_Application/install/my_robot_wallinterfaces'}, 'shell': False}
[22.629825] (-) TimerEvent: {}
[22.733027] (-) TimerEvent: {}
[22.841384] (-) TimerEvent: {}
[22.942272] (-) TimerEvent: {}
[23.056476] (-) TimerEvent: {}
[23.171933] (-) TimerEvent: {}
[23.276558] (-) TimerEvent: {}
[23.404384] (-) TimerEvent: {}
[23.506160] (-) TimerEvent: {}
[23.608102] (-) TimerEvent: {}
[23.711795] (-) TimerEvent: {}
[23.828641] (-) TimerEvent: {}
[23.937854] (-) TimerEvent: {}
[24.001646] (my-test-package) StdoutLine: {'line': b'running egg_info\n'}
[24.010878] (my-test-package) StdoutLine: {'line': b'writing ../../../../../../../../build/my-test-package/my_test_package.egg-info/PKG-INFO\n'}
[24.034206] (my-test-package) StdoutLine: {'line': b'writing dependency_links to ../../../../../../../../build/my-test-package/my_test_package.egg-info/dependency_links.txt\n'}
[24.034836] (my-test-package) StdoutLine: {'line': b'writing top-level names to ../../../../../../../../build/my-test-package/my_test_package.egg-info/top_level.txt\n'}
[24.038042] (-) TimerEvent: {}
[24.040577] (my-test-package) StdoutLine: {'line': b"reading manifest file '../../../../../../../../build/my-test-package/my_test_package.egg-info/SOURCES.txt'\n"}
[24.063026] (my-test-package) StdoutLine: {'line': b"writing manifest file '../../../../../../../../build/my-test-package/my_test_package.egg-info/SOURCES.txt'\n"}
[24.068733] (my-test-package) StdoutLine: {'line': b'running build\n'}
[24.095008] (my-test-package) StdoutLine: {'line': b'running install\n'}
[24.109886] (my-test-package) StdoutLine: {'line': b'running install_egg_info\n'}
[24.129846] (my-test-package) StdoutLine: {'line': b"removing '/home/ubuntu/ros2_ws/src/Greyform-linux/Python_Application/install/my-test-package/lib/python3.10/site-packages/my_test_package-1.0-py3.10.egg-info' (and everything under it)\n"}
[24.135516] (my-test-package) StdoutLine: {'line': b'Copying ../../../../../../../../build/my-test-package/my_test_package.egg-info to /home/ubuntu/ros2_ws/src/Greyform-linux/Python_Application/install/my-test-package/lib/python3.10/site-packages/my_test_package-1.0-py3.10.egg-info\n'}
[24.140994] (-) TimerEvent: {}
[24.162642] (my-test-package) StdoutLine: {'line': b'running install_scripts\n'}
[24.241609] (-) TimerEvent: {}
[24.350026] (-) TimerEvent: {}
[24.396582] (my-test-package) StdoutLine: {'line': b"writing list of installed files to '/home/ubuntu/ros2_ws/src/Greyform-linux/Python_Application/build/my-test-package/install.log'\n"}
[24.452178] (-) TimerEvent: {}
[24.556655] (-) TimerEvent: {}
[24.664760] (-) TimerEvent: {}
[24.768063] (-) TimerEvent: {}
[24.878182] (-) TimerEvent: {}
[24.986737] (my-test-package) CommandEnded: {'returncode': 0}
[25.000736] (-) TimerEvent: {}
[25.129604] (-) TimerEvent: {}
[25.239968] (-) TimerEvent: {}
[25.250265] (my-test-package) JobEnded: {'identifier': 'my-test-package', 'rc': 0}
[25.340845] (-) TimerEvent: {}
[25.453907] (-) TimerEvent: {}
[25.577167] (-) TimerEvent: {}
[25.709942] (-) TimerEvent: {}
[25.817758] (-) TimerEvent: {}
[25.983770] (-) TimerEvent: {}
[26.104326] (-) TimerEvent: {}
[26.208640] (-) TimerEvent: {}
[26.314520] (-) TimerEvent: {}
[26.418832] (-) TimerEvent: {}
[26.523436] (-) TimerEvent: {}
[26.630063] (-) TimerEvent: {}
[26.734892] (-) TimerEvent: {}
[26.847498] (-) TimerEvent: {}
[26.951766] (-) TimerEvent: {}
[27.055840] (-) TimerEvent: {}
[27.162623] (-) TimerEvent: {}
[27.269868] (-) TimerEvent: {}
[27.376791] (-) TimerEvent: {}
[27.491609] (-) TimerEvent: {}
[27.593444] (-) TimerEvent: {}
[27.694605] (-) TimerEvent: {}
[27.795863] (-) TimerEvent: {}
[27.901918] (-) TimerEvent: {}
[28.003780] (-) TimerEvent: {}
[28.052481] (talker_listener) StdoutLine: {'line': b'running egg_info\n'}
[28.062390] (talker_listener) StdoutLine: {'line': b'writing ../build/talker_listener/talker_listener.egg-info/PKG-INFO\n'}
[28.068914] (talker_listener) StdoutLine: {'line': b'writing dependency_links to ../build/talker_listener/talker_listener.egg-info/dependency_links.txt\n'}
[28.069416] (talker_listener) StdoutLine: {'line': b'writing entry points to ../build/talker_listener/talker_listener.egg-info/entry_points.txt\n'}
[28.070373] (talker_listener) StdoutLine: {'line': b'writing requirements to ../build/talker_listener/talker_listener.egg-info/requires.txt\n'}
[28.073428] (talker_listener) StdoutLine: {'line': b'writing top-level names to ../build/talker_listener/talker_listener.egg-info/top_level.txt\n'}
[28.081038] (talker_listener) StdoutLine: {'line': b"reading manifest file '../build/talker_listener/talker_listener.egg-info/SOURCES.txt'\n"}
[28.093721] (talker_listener) StdoutLine: {'line': b"writing manifest file '../build/talker_listener/talker_listener.egg-info/SOURCES.txt'\n"}
[28.095275] (talker_listener) StdoutLine: {'line': b'running build\n'}
[28.097344] (talker_listener) StdoutLine: {'line': b'running build_py\n'}
[28.098202] (talker_listener) StdoutLine: {'line': b'running install\n'}
[28.099996] (talker_listener) StdoutLine: {'line': b'running install_lib\n'}
[28.103399] (talker_listener) StdoutLine: {'line': b'running install_data\n'}
[28.104041] (-) TimerEvent: {}
[28.106825] (talker_listener) StdoutLine: {'line': b'running install_egg_info\n'}
[28.120438] (talker_listener) StdoutLine: {'line': b"removing '/home/ubuntu/ros2_ws/src/Greyform-linux/Python_Application/install/talker_listener/lib/python3.10/site-packages/talker_listener-0.0.0-py3.10.egg-info' (and everything under it)\n"}
[28.125815] (talker_listener) StdoutLine: {'line': b'Copying ../build/talker_listener/talker_listener.egg-info to /home/ubuntu/ros2_ws/src/Greyform-linux/Python_Application/install/talker_listener/lib/python3.10/site-packages/talker_listener-0.0.0-py3.10.egg-info\n'}
[28.137485] (talker_listener) StdoutLine: {'line': b'running install_scripts\n'}
[28.208260] (-) TimerEvent: {}
[28.312614] (-) TimerEvent: {}
[28.380026] (talker_listener) StdoutLine: {'line': b'Installing listener_node script to /home/ubuntu/ros2_ws/src/Greyform-linux/Python_Application/install/talker_listener/lib/talker_listener\n'}
[28.382232] (talker_listener) StdoutLine: {'line': b'Installing talker_node script to /home/ubuntu/ros2_ws/src/Greyform-linux/Python_Application/install/talker_listener/lib/talker_listener\n'}
[28.384961] (talker_listener) StdoutLine: {'line': b"writing list of installed files to '/home/ubuntu/ros2_ws/src/Greyform-linux/Python_Application/build/talker_listener/install.log'\n"}
[28.412862] (-) TimerEvent: {}
[28.520575] (-) TimerEvent: {}
[28.622014] (-) TimerEvent: {}
[28.724138] (-) TimerEvent: {}
[28.829963] (-) TimerEvent: {}
[28.941515] (-) TimerEvent: {}
[29.045497] (-) TimerEvent: {}
[29.099910] (talker_listener) CommandEnded: {'returncode': 0}
[29.214950] (-) TimerEvent: {}
[29.342034] (-) TimerEvent: {}
[29.379986] (talker_listener) JobEnded: {'identifier': 'talker_listener', 'rc': 0}
[29.392817] (-) EventReactorShutdown: {}
